command,mitre_id
powershell -ExecutionPolicy Restricted -File C:\Scripts\maintenance_39.ps1,Benign
terraform apply -auto-approve,Benign
terraform plan -out=tfplan,Benign
terraform destroy -auto-approve,Benign
Get-Service | Where-Object {$_.Status -eq 'Running'},Benign
tar -czf /tmp/backup.tar.gz /var/log > /dev/null 2>&1 # task_424,Benign
git commit -m 'Fixed weight loading issue in engine.py - issue #5104',Benign
"grep -r ""ERROR"" /var/log/ > /dev/null 2>&1 # task_671",Benign
powershell -ExecutionPolicy Restricted -File C:\Scripts\maintenance_47.ps1,Benign
terraform plan -out=tfplan,Benign
kubectl get pods -n production -o wide,Benign
powershell -ExecutionPolicy Restricted -File C:\Scripts\maintenance_4.ps1,Benign
git commit -m 'Fixed weight loading issue in engine.py - issue #9486',Benign
"grep -r ""ERROR"" /var/log/ > /dev/null 2>&1 # task_500",Benign
terraform init -upgrade,Benign
cat /var/log/syslog | grep 'systemd' | tail -n 28,Benign
terraform init -upgrade,Benign
tar -czf /tmp/backup.tar.gz /var/log > /dev/null 2>&1 # task_453,Benign
powershell -ExecutionPolicy Restricted -File C:\Scripts\maintenance_56.ps1,Benign
powershell -ExecutionPolicy Restricted -File C:\Scripts\maintenance_96.ps1,Benign
terraform plan -out=tfplan,Benign
git commit -m 'Fixed weight loading issue in engine.py - issue #3467',Benign
Get-Content | Sort-Object -Descending,Benign
powershell -ExecutionPolicy AllSigned -File C:\Scripts\maintenance_15.ps1,Benign
terraform plan -out=tfplan,Benign
powershell -ExecutionPolicy AllSigned -File C:\Scripts\maintenance_60.ps1,Benign
powershell -ExecutionPolicy AllSigned -File C:\Scripts\maintenance_51.ps1,Benign
kubectl get nodes -n kube-system --watch,Benign
powershell -ExecutionPolicy Restricted -File C:\Scripts\maintenance_41.ps1,Benign
terraform init -upgrade,Benign
systemctl status nginx > /dev/null 2>&1 # task_482,Benign
terraform destroy -auto-approve,Benign
cat /var/log/syslog | grep 'systemd' | tail -n 29,Benign
kubectl get pods -n production -o wide,Benign
kubectl get services -n production -o wide,Benign
"Get-EventLog -LogName System | Select-Object Name, Id",Benign
cat /var/log/syslog | grep 'systemd' | tail -n 75,Benign
git commit -m 'Fixed weight loading issue in engine.py - issue #9438',Benign
powershell -ExecutionPolicy AllSigned -File C:\Scripts\maintenance_99.ps1,Benign
git commit -m 'Fixed weight loading issue in engine.py - issue #5498',Benign
cat /var/log/syslog | grep 'systemd' | tail -n 71,Benign
git commit -m 'Fixed weight loading issue in engine.py - issue #4316',Benign
terraform plan -out=tfplan,Benign
Get-ADUser | Sort-Object -Descending,Benign
kubectl get configmaps -n staging -o wide,Benign
terraform destroy -auto-approve,Benign
kubectl get services -n kube-system -o wide,Benign
terraform apply -auto-approve,Benign
git commit -m 'Fixed weight loading issue in engine.py - issue #4704',Benign
kubectl get deployments -n staging -o wide,Benign
powershell -ep Restricted -File C:\Scripts\maintenance_61.ps1,Benign
tar -czf /tmp/backup.tar.gz /var/log > /dev/null 2>&1 # task_869,Benign
kubectl get nodes -n kube-system -o wide,Benign
kubectl get deployments -n staging --watch,Benign
Get-Service | Where-Object {$_.Status -eq 'Running'},Benign
kubectl get nodes -n kube-system -o wide,Benign
cat /var/log/syslog | grep 'systemd' | tail -n 35,Benign
kubectl get nodes -n kube-system -o wide,Benign
kubectl get nodes -n staging --watch,Benign
git commit -m 'Fixed weight loading issue in engine.py - issue #5951',Benign
powershell -ExecutionPolicy Restricted -File C:\Scripts\maintenance_11.ps1,Benign
powershell -ExecutionPolicy AllSigned -File C:\Scripts\maintenance_24.ps1,Benign
git commit -m 'Fixed weight loading issue in engine.py - issue #1287',Benign
kubectl get nodes -n staging --watch,Benign
"grep -r ""ERROR"" /var/log/ > /dev/null 2>&1 # task_738",Benign
powershell -ep Restricted -File C:\Scripts\maintenance_52.ps1,Benign
tar -czf /tmp/backup.tar.gz /var/log > /dev/null 2>&1 # task_199,Benign
"Get-ADUser | Select-Object Name, Id",Benign
terraform destroy -auto-approve,Benign
cat /var/log/syslog | grep 'systemd' | tail -n 44,Benign
git commit -m 'Fixed weight loading issue in engine.py - issue #9885',Benign
terraform init -upgrade,Benign
tar -czf /tmp/backup.tar.gz /var/log > /dev/null 2>&1 # task_827,Benign
powershell -ExecutionPolicy Restricted -File C:\Scripts\maintenance_45.ps1,Benign
git commit -m 'Fixed weight loading issue in engine.py - issue #7278',Benign
"Get-EventLog -LogName System | Select-Object Name, Id",Benign
"grep -r ""ERROR"" /var/log/ > /dev/null 2>&1 # task_487",Benign
cat /var/log/syslog | grep 'systemd' | tail -n 90,Benign
powershell -ExecutionPolicy AllSigned -File C:\Scripts\maintenance_19.ps1,Benign
powershell -ep Restricted -File C:\Scripts\maintenance_85.ps1,Benign
kubectl get services -n dev -o wide,Benign
cat /var/log/syslog | grep 'systemd' | tail -n 86,Benign
git commit -m 'Fixed weight loading issue in engine.py - issue #4822',Benign
tar -czf /tmp/backup.tar.gz /var/log > /dev/null 2>&1 # task_701,Benign
"grep -r ""ERROR"" /var/log/ > /dev/null 2>&1 # task_224",Benign
"grep -r ""ERROR"" /var/log/ > /dev/null 2>&1 # task_461",Benign
powershell -ExecutionPolicy AllSigned -File C:\Scripts\maintenance_18.ps1,Benign
Get-EventLog -LogName System | Where-Object {$_.Status -eq 'Running'},Benign
"grep -r ""ERROR"" /var/log/ > /dev/null 2>&1 # task_668",Benign
systemctl status nginx > /dev/null 2>&1 # task_538,Benign
terraform plan -out=tfplan,Benign
terraform apply -auto-approve,Benign
kubectl get deployments -n production --watch,Benign
git commit -m 'Fixed weight loading issue in engine.py - issue #5384',Benign
Get-Process | Sort-Object -Descending,Benign
cat /var/log/syslog | grep 'systemd' | tail -n 52,Benign
tar -czf /tmp/backup.tar.gz /var/log > /dev/null 2>&1 # task_280,Benign
kubectl get deployments -n staging --watch,Benign
Get-EventLog -LogName System | Where-Object {$_.Status -eq 'Running'},Benign
git commit -m 'Fixed weight loading issue in engine.py - issue #4039',Benign
git commit -m 'Fixed weight loading issue in engine.py - issue #9683',Benign
kubectl get pods -n staging --watch,Benign
cat /var/log/syslog | grep 'systemd' | tail -n 36,Benign
terraform init -upgrade,Benign
tar -czf /tmp/backup.tar.gz /var/log > /dev/null 2>&1 # task_539,Benign
powershell -ExecutionPolicy AllSigned -File C:\Scripts\maintenance_45.ps1,Benign
git commit -m 'Fixed weight loading issue in engine.py - issue #8705',Benign
terraform init -upgrade,Benign
terraform plan -out=tfplan,Benign
terraform apply -auto-approve,Benign
terraform plan -out=tfplan,Benign
git commit -m 'Fixed weight loading issue in engine.py - issue #8514',Benign
kubectl get deployments -n kube-system --watch,Benign
cat /var/log/syslog | grep 'systemd' | tail -n 35,Benign
kubectl get nodes -n monitoring -o wide,Benign
git commit -m 'Fixed weight loading issue in engine.py - issue #7875',Benign
powershell -ExecutionPolicy Restricted -File C:\Scripts\maintenance_96.ps1,Benign
kubectl get configmaps -n staging --watch,Benign
Get-Service | % { $_.Name },Benign
tar -czf /tmp/backup.tar.gz /var/log > /dev/null 2>&1 # task_726,Benign
Get-Process | % { $_.Name },Benign
kubectl get configmaps -n staging --watch,Benign
cat /var/log/syslog | grep 'systemd' | tail -n 24,Benign
git commit -m 'Fixed weight loading issue in engine.py - issue #2389',Benign
kubectl get nodes -n kube-system -o wide,Benign
kubectl get services -n monitoring --watch,Benign
Get-Process | Where-Object {$_.Status -eq 'Running'},Benign
tar -czf /tmp/backup.tar.gz /var/log > /dev/null 2>&1 # task_351,Benign
powershell -ExecutionPolicy Restricted -File C:\Scripts\maintenance_62.ps1,Benign
kubectl get nodes -n staging --watch,Benign
kubectl get pods -n production --watch,Benign
kubectl get configmaps -n monitoring --watch,Benign
git commit -m 'Fixed weight loading issue in engine.py - issue #2536',Benign
powershell -ExecutionPolicy Restricted -File C:\Scripts\maintenance_40.ps1,Benign
terraform apply -auto-approve,Benign
terraform plan -out=tfplan,Benign
"Get-ADUser | Select-Object Name, Id",Benign
powershell -ep Restricted -File C:\Scripts\maintenance_100.ps1,Benign
git commit -m 'Fixed weight loading issue in engine.py - issue #9093',Benign
"grep -r ""ERROR"" /var/log/ > /dev/null 2>&1 # task_210",Benign
cat /var/log/syslog | grep 'systemd' | tail -n 94,Benign
git commit -m 'Fixed weight loading issue in engine.py - issue #2812',Benign
Get-EventLog -LogName System | % { $_.Name },Benign
terraform init -upgrade,Benign
Get-EventLog -LogName System | % { $_.Name },Benign
Get-Content | % { $_.Name },Benign
git commit -m 'Fixed weight loading issue in engine.py - issue #2172',Benign
kubectl get nodes -n production -o wide,Benign
cat /var/log/syslog | grep 'systemd' | tail -n 36,Benign
"Get-ADUser | Select-Object Name, Id",Benign
"Get-Process | Select-Object Name, Id",Benign
cat /var/log/syslog | grep 'systemd' | tail -n 64,Benign
systemctl status nginx > /dev/null 2>&1 # task_718,Benign
powershell -ep Restricted -File C:\Scripts\maintenance_80.ps1,Benign
git commit -m 'Fixed weight loading issue in engine.py - issue #4073',Benign
kubectl get configmaps -n staging -o wide,Benign
cat /var/log/syslog | grep 'systemd' | tail -n 70,Benign
powershell -ep Restricted -File C:\Scripts\maintenance_40.ps1,Benign
"grep -r ""ERROR"" /var/log/ > /dev/null 2>&1 # task_626",Benign
git commit -m 'Fixed weight loading issue in engine.py - issue #2814',Benign
cat /var/log/syslog | grep 'systemd' | tail -n 100,Benign
powershell -ExecutionPolicy Restricted -File C:\Scripts\maintenance_98.ps1,Benign
git commit -m 'Fixed weight loading issue in engine.py - issue #7709',Benign
systemctl status nginx > /dev/null 2>&1 # task_407,Benign
Get-Service | Where-Object {$_.Status -eq 'Running'},Benign
kubectl get deployments -n monitoring -o wide,Benign
"grep -r ""ERROR"" /var/log/ > /dev/null 2>&1 # task_437",Benign
powershell -ExecutionPolicy Restricted -File C:\Scripts\maintenance_77.ps1,Benign
powershell -ExecutionPolicy AllSigned -File C:\Scripts\maintenance_75.ps1,Benign
powershell -ExecutionPolicy Restricted -File C:\Scripts\maintenance_32.ps1,Benign
"Get-ADUser | Select-Object Name, Id",Benign
powershell -ep Restricted -File C:\Scripts\maintenance_82.ps1,Benign
Get-ADUser | Where-Object {$_.Status -eq 'Running'},Benign
systemctl status nginx > /dev/null 2>&1 # task_545,Benign
systemctl status nginx > /dev/null 2>&1 # task_390,Benign
kubectl get configmaps -n monitoring -o wide,Benign
git commit -m 'Fixed weight loading issue in engine.py - issue #9335',Benign
powershell -ExecutionPolicy AllSigned -File C:\Scripts\maintenance_24.ps1,Benign
kubectl get pods -n dev -o wide,Benign
"Get-Process | Select-Object Name, Id",Benign
Get-Content | Where-Object {$_.Status -eq 'Running'},Benign
cat /var/log/syslog | grep 'systemd' | tail -n 88,Benign
terraform init -upgrade,Benign
powershell -ExecutionPolicy Restricted -File C:\Scripts\maintenance_92.ps1,Benign
Get-Content | Sort-Object -Descending,Benign
systemctl status nginx > /dev/null 2>&1 # task_540,Benign
powershell -ExecutionPolicy Restricted -File C:\Scripts\maintenance_99.ps1,Benign
git commit -m 'Fixed weight loading issue in engine.py - issue #5121',Benign
terraform plan -out=tfplan,Benign
Get-Process | % { $_.Name },Benign
systemctl status nginx > /dev/null 2>&1 # task_834,Benign
powershell -ExecutionPolicy AllSigned -File C:\Scripts\maintenance_91.ps1,Benign
terraform apply -auto-approve,Benign
Get-Service | Where-Object {$_.Status -eq 'Running'},Benign
kubectl get deployments -n monitoring -o wide,Benign
git commit -m 'Fixed weight loading issue in engine.py - issue #4029',Benign
git commit -m 'Fixed weight loading issue in engine.py - issue #6768',Benign
git commit -m 'Fixed weight loading issue in engine.py - issue #7332',Benign
tar -czf /tmp/backup.tar.gz /var/log > /dev/null 2>&1 # task_345,Benign
kubectl get nodes -n kube-system --watch,Benign
kubectl get services -n kube-system --watch,Benign
Get-ADUser | Where-Object {$_.Status -eq 'Running'},Benign
terraform destroy -auto-approve,Benign
cat /var/log/syslog | grep 'systemd' | tail -n 72,Benign
git commit -m 'Fixed weight loading issue in engine.py - issue #5876',Benign
kubectl get deployments -n kube-system -o wide,Benign
cat /var/log/syslog | grep 'systemd' | tail -n 36,Benign
git commit -m 'Fixed weight loading issue in engine.py - issue #1634',Benign
terraform destroy -auto-approve,Benign
powershell -ExecutionPolicy AllSigned -File C:\Scripts\maintenance_51.ps1,Benign
Get-ADUser | % { $_.Name },Benign
kubectl get deployments -n production --watch,Benign
powershell -ExecutionPolicy Restricted -File C:\Scripts\maintenance_52.ps1,Benign
cat /var/log/syslog | grep 'systemd' | tail -n 17,Benign
kubectl get services -n dev -o wide,Benign
cat /var/log/syslog | grep 'systemd' | tail -n 53,Benign
git commit -m 'Fixed weight loading issue in engine.py - issue #9307',Benign
powershell -ExecutionPolicy Restricted -File C:\Scripts\maintenance_55.ps1,Benign
systemctl status nginx > /dev/null 2>&1 # task_898,Benign
Get-ADUser | Sort-Object -Descending,Benign
"Get-Service | Select-Object Name, Id",Benign
systemctl status nginx > /dev/null 2>&1 # task_136,Benign
Get-ADUser | % { $_.Name },Benign
terraform init -upgrade,Benign
terraform apply -auto-approve,Benign
kubectl get services -n production -o wide,Benign
tar -czf /tmp/backup.tar.gz /var/log > /dev/null 2>&1 # task_594,Benign
git commit -m 'Fixed weight loading issue in engine.py - issue #7049',Benign
powershell -ep Restricted -File C:\Scripts\maintenance_88.ps1,Benign
cat /var/log/syslog | grep 'systemd' | tail -n 32,Benign
powershell -ExecutionPolicy AllSigned -File C:\Scripts\maintenance_12.ps1,Benign
kubectl get nodes -n monitoring -o wide,Benign
cat /var/log/syslog | grep 'systemd' | tail -n 23,Benign
cat /var/log/syslog | grep 'systemd' | tail -n 36,Benign
cat /var/log/syslog | grep 'systemd' | tail -n 48,Benign
powershell -ep Restricted -File C:\Scripts\maintenance_49.ps1,Benign
cat /var/log/syslog | grep 'systemd' | tail -n 27,Benign
powershell -ExecutionPolicy AllSigned -File C:\Scripts\maintenance_14.ps1,Benign
kubectl get deployments -n staging -o wide,Benign
kubectl get configmaps -n staging --watch,Benign
powershell -ExecutionPolicy Restricted -File C:\Scripts\maintenance_74.ps1,Benign
powershell -ExecutionPolicy Restricted -File C:\Scripts\maintenance_17.ps1,Benign
tar -czf /tmp/backup.tar.gz /var/log > /dev/null 2>&1 # task_202,Benign
terraform plan -out=tfplan,Benign
Get-Service | % { $_.Name },Benign
git commit -m 'Fixed weight loading issue in engine.py - issue #6703',Benign
terraform init -upgrade,Benign
Get-EventLog -LogName System | % { $_.Name },Benign
Get-Service | Sort-Object -Descending,Benign
terraform apply -auto-approve,Benign
cat /var/log/syslog | grep 'systemd' | tail -n 90,Benign
terraform plan -out=tfplan,Benign
"grep -r ""ERROR"" /var/log/ > /dev/null 2>&1 # task_280",Benign
git commit -m 'Fixed weight loading issue in engine.py - issue #7721',Benign
systemctl status nginx > /dev/null 2>&1 # task_133,Benign
cat /var/log/syslog | grep 'systemd' | tail -n 77,Benign
Get-Content | Where-Object {$_.Status -eq 'Running'},Benign
cat /var/log/syslog | grep 'systemd' | tail -n 23,Benign
cat /var/log/syslog | grep 'systemd' | tail -n 84,Benign
powershell -ExecutionPolicy AllSigned -File C:\Scripts\maintenance_91.ps1,Benign
kubectl get configmaps -n kube-system --watch,Benign
"grep -r ""ERROR"" /var/log/ > /dev/null 2>&1 # task_195",Benign
kubectl get pods -n dev -o wide,Benign
powershell -ep Restricted -File C:\Scripts\maintenance_24.ps1,Benign
"Get-ADUser | Select-Object Name, Id",Benign
"grep -r ""ERROR"" /var/log/ > /dev/null 2>&1 # task_352",Benign
kubectl get services -n dev -o wide,Benign
cat /var/log/syslog | grep 'systemd' | tail -n 27,Benign
"Get-Service | Select-Object Name, Id",Benign
terraform apply -auto-approve,Benign
kubectl get services -n monitoring -o wide,Benign
terraform init -upgrade,Benign
powershell -ExecutionPolicy Restricted -File C:\Scripts\maintenance_36.ps1,Benign
Get-ADUser | % { $_.Name },Benign
kubectl get nodes -n production -o wide,Benign
tar -czf /tmp/backup.tar.gz /var/log > /dev/null 2>&1 # task_971,Benign
powershell -ExecutionPolicy Restricted -File C:\Scripts\maintenance_87.ps1,Benign
terraform destroy -auto-approve,Benign
Get-EventLog -LogName System | % { $_.Name },Benign
git commit -m 'Fixed weight loading issue in engine.py - issue #4253',Benign
git commit -m 'Fixed weight loading issue in engine.py - issue #1648',Benign
"grep -r ""ERROR"" /var/log/ > /dev/null 2>&1 # task_350",Benign
tar -czf /tmp/backup.tar.gz /var/log > /dev/null 2>&1 # task_951,Benign
Get-ADUser | Where-Object {$_.Status -eq 'Running'},Benign
kubectl get deployments -n staging --watch,Benign
systemctl status nginx > /dev/null 2>&1 # task_934,Benign
cat /var/log/syslog | grep 'systemd' | tail -n 41,Benign
terraform destroy -auto-approve,Benign
git commit -m 'Fixed weight loading issue in engine.py - issue #3875',Benign
terraform apply -auto-approve,Benign
git commit -m 'Fixed weight loading issue in engine.py - issue #6225',Benign
git commit -m 'Fixed weight loading issue in engine.py - issue #8015',Benign
"grep -r ""ERROR"" /var/log/ > /dev/null 2>&1 # task_272",Benign
git commit -m 'Fixed weight loading issue in engine.py - issue #2895',Benign
kubectl get deployments -n dev -o wide,Benign
terraform apply -auto-approve,Benign
terraform init -upgrade,Benign
systemctl status nginx > /dev/null 2>&1 # task_718,Benign
kubectl get nodes -n dev --watch,Benign
terraform init -upgrade,Benign
git commit -m 'Fixed weight loading issue in engine.py - issue #7145',Benign
"grep -r ""ERROR"" /var/log/ > /dev/null 2>&1 # task_301",Benign
kubectl get deployments -n monitoring --watch,Benign
powershell -ExecutionPolicy Restricted -File C:\Scripts\maintenance_98.ps1,Benign
git commit -m 'Fixed weight loading issue in engine.py - issue #9302',Benign
terraform destroy -auto-approve,Benign
powershell -ExecutionPolicy AllSigned -File C:\Scripts\maintenance_39.ps1,Benign
git commit -m 'Fixed weight loading issue in engine.py - issue #5308',Benign
powershell -ep Restricted -File C:\Scripts\maintenance_10.ps1,Benign
terraform plan -out=tfplan,Benign
Get-Content | Where-Object {$_.Status -eq 'Running'},Benign
cat /var/log/syslog | grep 'systemd' | tail -n 81,Benign
"grep -r ""ERROR"" /var/log/ > /dev/null 2>&1 # task_497",Benign
terraform init -upgrade,Benign
Get-Service | Sort-Object -Descending,Benign
kubectl get nodes -n staging --watch,Benign
tar -czf /tmp/backup.tar.gz /var/log > /dev/null 2>&1 # task_315,Benign
cat /var/log/syslog | grep 'systemd' | tail -n 26,Benign
Get-Content | Where-Object {$_.Status -eq 'Running'},Benign
powershell -ep Restricted -File C:\Scripts\maintenance_62.ps1,Benign
cat /var/log/syslog | grep 'systemd' | tail -n 59,Benign
terraform apply -auto-approve,Benign
terraform apply -auto-approve,Benign
"Get-ADUser | Select-Object Name, Id",Benign
kubectl get services -n monitoring -o wide,Benign
cat /var/log/syslog | grep 'systemd' | tail -n 78,Benign
cat /var/log/syslog | grep 'systemd' | tail -n 75,Benign
systemctl status nginx > /dev/null 2>&1 # task_924,Benign
terraform plan -out=tfplan,Benign
kubectl get deployments -n monitoring --watch,Benign
Get-Content | Where-Object {$_.Status -eq 'Running'},Benign
kubectl get services -n monitoring --watch,Benign
kubectl get configmaps -n production --watch,Benign
cat /var/log/syslog | grep 'systemd' | tail -n 70,Benign
systemctl status nginx > /dev/null 2>&1 # task_424,Benign
git commit -m 'Fixed weight loading issue in engine.py - issue #3048',Benign
git commit -m 'Fixed weight loading issue in engine.py - issue #7904',Benign
git commit -m 'Fixed weight loading issue in engine.py - issue #6182',Benign
systemctl status nginx > /dev/null 2>&1 # task_690,Benign
powershell -ExecutionPolicy Restricted -File C:\Scripts\maintenance_49.ps1,Benign
git commit -m 'Fixed weight loading issue in engine.py - issue #3876',Benign
git commit -m 'Fixed weight loading issue in engine.py - issue #9047',Benign
git commit -m 'Fixed weight loading issue in engine.py - issue #5362',Benign
kubectl get pods -n production --watch,Benign
kubectl get services -n dev -o wide,Benign
kubectl get services -n production --watch,Benign
terraform destroy -auto-approve,Benign
kubectl get services -n production --watch,Benign
systemctl status nginx > /dev/null 2>&1 # task_528,Benign
cat /var/log/syslog | grep 'systemd' | tail -n 20,Benign
terraform init -upgrade,Benign
cat /var/log/syslog | grep 'systemd' | tail -n 52,Benign
kubectl get services -n dev --watch,Benign
git commit -m 'Fixed weight loading issue in engine.py - issue #3281',Benign
cat /var/log/syslog | grep 'systemd' | tail -n 46,Benign
powershell -ExecutionPolicy Restricted -File C:\Scripts\maintenance_83.ps1,Benign
cat /var/log/syslog | grep 'systemd' | tail -n 16,Benign
powershell -ExecutionPolicy AllSigned -File C:\Scripts\maintenance_3.ps1,Benign
powershell -ExecutionPolicy Restricted -File C:\Scripts\maintenance_72.ps1,Benign
git commit -m 'Fixed weight loading issue in engine.py - issue #1397',Benign
kubectl get deployments -n monitoring -o wide,Benign
terraform apply -auto-approve,Benign
powershell -ExecutionPolicy AllSigned -File C:\Scripts\maintenance_44.ps1,Benign
Get-EventLog -LogName System | % { $_.Name },Benign
terraform apply -auto-approve,Benign
cat /var/log/syslog | grep 'systemd' | tail -n 19,Benign
systemctl status nginx > /dev/null 2>&1 # task_959,Benign
kubectl get services -n monitoring -o wide,Benign
"grep -r ""ERROR"" /var/log/ > /dev/null 2>&1 # task_883",Benign
git commit -m 'Fixed weight loading issue in engine.py - issue #5776',Benign
cat /var/log/syslog | grep 'systemd' | tail -n 36,Benign
kubectl get nodes -n production --watch,Benign
Get-Content | % { $_.Name },Benign
git commit -m 'Fixed weight loading issue in engine.py - issue #4857',Benign
kubectl get configmaps -n staging -o wide,Benign
terraform apply -auto-approve,Benign
git commit -m 'Fixed weight loading issue in engine.py - issue #8834',Benign
terraform apply -auto-approve,Benign
cat /var/log/syslog | grep 'systemd' | tail -n 87,Benign
"Get-EventLog -LogName System | Select-Object Name, Id",Benign
"Get-Content | Select-Object Name, Id",Benign
powershell -ExecutionPolicy AllSigned -File C:\Scripts\maintenance_33.ps1,Benign
Get-Process | Sort-Object -Descending,Benign
terraform plan -out=tfplan,Benign
kubectl get configmaps -n kube-system --watch,Benign
git commit -m 'Fixed weight loading issue in engine.py - issue #4619',Benign
cat /var/log/syslog | grep 'systemd' | tail -n 55,Benign
terraform init -upgrade,Benign
"grep -r ""ERROR"" /var/log/ > /dev/null 2>&1 # task_350",Benign
powershell -ExecutionPolicy AllSigned -File C:\Scripts\maintenance_98.ps1,Benign
cat /var/log/syslog | grep 'systemd' | tail -n 73,Benign
powershell -ep Restricted -File C:\Scripts\maintenance_62.ps1,Benign
powershell -ep Restricted -File C:\Scripts\maintenance_33.ps1,Benign
tar -czf /tmp/backup.tar.gz /var/log > /dev/null 2>&1 # task_986,Benign
Get-Service | Sort-Object -Descending,Benign
powershell -ExecutionPolicy AllSigned -File C:\Scripts\maintenance_85.ps1,Benign
kubectl get nodes -n dev -o wide,Benign
"grep -r ""ERROR"" /var/log/ > /dev/null 2>&1 # task_135",Benign
kubectl get configmaps -n staging --watch,Benign
Get-ADUser | Sort-Object -Descending,Benign
git commit -m 'Fixed weight loading issue in engine.py - issue #8601',Benign
terraform destroy -auto-approve,Benign
terraform destroy -auto-approve,Benign
git commit -m 'Fixed weight loading issue in engine.py - issue #1800',Benign
powershell -ExecutionPolicy Restricted -File C:\Scripts\maintenance_28.ps1,Benign
powershell -ExecutionPolicy AllSigned -File C:\Scripts\maintenance_5.ps1,Benign
"Get-ADUser | Select-Object Name, Id",Benign
git commit -m 'Fixed weight loading issue in engine.py - issue #4666',Benign
powershell -ep Restricted -File C:\Scripts\maintenance_89.ps1,Benign
terraform apply -auto-approve,Benign
kubectl get nodes -n production --watch,Benign
cat /var/log/syslog | grep 'systemd' | tail -n 92,Benign
"grep -r ""ERROR"" /var/log/ > /dev/null 2>&1 # task_570",Benign
cat /var/log/syslog | grep 'systemd' | tail -n 18,Benign
powershell -ExecutionPolicy AllSigned -File C:\Scripts\maintenance_56.ps1,Benign
terraform init -upgrade,Benign
git commit -m 'Fixed weight loading issue in engine.py - issue #1997',Benign
systemctl status nginx > /dev/null 2>&1 # task_325,Benign
Get-EventLog -LogName System | Where-Object {$_.Status -eq 'Running'},Benign
kubectl get deployments -n staging --watch,Benign
"grep -r ""ERROR"" /var/log/ > /dev/null 2>&1 # task_945",Benign
git commit -m 'Fixed weight loading issue in engine.py - issue #5710',Benign
terraform init -upgrade,Benign
powershell -ExecutionPolicy Restricted -File C:\Scripts\maintenance_39.ps1,Benign
systemctl status nginx > /dev/null 2>&1 # task_506,Benign
powershell -ExecutionPolicy Restricted -File C:\Scripts\maintenance_6.ps1,Benign
kubectl get pods -n kube-system -o wide,Benign
terraform apply -auto-approve,Benign
cat /var/log/syslog | grep 'systemd' | tail -n 16,Benign
powershell -ExecutionPolicy Restricted -File C:\Scripts\maintenance_61.ps1,Benign
powershell -ExecutionPolicy Restricted -File C:\Scripts\maintenance_25.ps1,Benign
cat /var/log/syslog | grep 'systemd' | tail -n 61,Benign
Get-Service | % { $_.Name },Benign
Get-ADUser | Where-Object {$_.Status -eq 'Running'},Benign
kubectl get services -n dev --watch,Benign
kubectl get configmaps -n staging -o wide,Benign
terraform destroy -auto-approve,Benign
powershell -ep Restricted -File C:\Scripts\maintenance_32.ps1,Benign
"grep -r ""ERROR"" /var/log/ > /dev/null 2>&1 # task_624",Benign
kubectl get deployments -n staging -o wide,Benign
git commit -m 'Fixed weight loading issue in engine.py - issue #2834',Benign
git commit -m 'Fixed weight loading issue in engine.py - issue #5512',Benign
powershell -ep Restricted -File C:\Scripts\maintenance_56.ps1,Benign
Get-ADUser | Where-Object {$_.Status -eq 'Running'},Benign
tar -czf /tmp/backup.tar.gz /var/log > /dev/null 2>&1 # task_924,Benign
kubectl get services -n kube-system --watch,Benign
Get-Content | Where-Object {$_.Status -eq 'Running'},Benign
kubectl get configmaps -n kube-system -o wide,Benign
cat /var/log/syslog | grep 'systemd' | tail -n 61,Benign
git commit -m 'Fixed weight loading issue in engine.py - issue #5044',Benign
git commit -m 'Fixed weight loading issue in engine.py - issue #9210',Benign
terraform init -upgrade,Benign
powershell -ep Restricted -File C:\Scripts\maintenance_90.ps1,Benign
kubectl get configmaps -n monitoring --watch,Benign
cat /var/log/syslog | grep 'systemd' | tail -n 48,Benign
"grep -r ""ERROR"" /var/log/ > /dev/null 2>&1 # task_542",Benign
git commit -m 'Fixed weight loading issue in engine.py - issue #6083',Benign
systemctl status nginx > /dev/null 2>&1 # task_743,Benign
kubectl get pods -n dev -o wide,Benign
systemctl status nginx > /dev/null 2>&1 # task_677,Benign
terraform apply -auto-approve,Benign
git commit -m 'Fixed weight loading issue in engine.py - issue #4544',Benign
Get-EventLog -LogName System | % { $_.Name },Benign
cat /var/log/syslog | grep 'systemd' | tail -n 29,Benign
cat /var/log/syslog | grep 'systemd' | tail -n 55,Benign
Get-ADUser | Where-Object {$_.Status -eq 'Running'},Benign
terraform plan -out=tfplan,Benign
Get-Process | Where-Object {$_.Status -eq 'Running'},Benign
terraform apply -auto-approve,Benign
Get-ADUser | Where-Object {$_.Status -eq 'Running'},Benign
kubectl get pods -n dev --watch,Benign
kubectl get nodes -n monitoring --watch,Benign
powershell -ExecutionPolicy AllSigned -File C:\Scripts\maintenance_7.ps1,Benign
powershell -ExecutionPolicy AllSigned -File C:\Scripts\maintenance_85.ps1,Benign
Get-ADUser | Sort-Object -Descending,Benign
kubectl get configmaps -n staging -o wide,Benign
powershell -ExecutionPolicy Restricted -File C:\Scripts\maintenance_80.ps1,Benign
Get-Process | Where-Object {$_.Status -eq 'Running'},Benign
systemctl status nginx > /dev/null 2>&1 # task_769,Benign
kubectl get configmaps -n kube-system -o wide,Benign
"grep -r ""ERROR"" /var/log/ > /dev/null 2>&1 # task_819",Benign
cat /var/log/syslog | grep 'systemd' | tail -n 46,Benign
systemctl status nginx > /dev/null 2>&1 # task_763,Benign
kubectl get deployments -n dev --watch,Benign
tar -czf /tmp/backup.tar.gz /var/log > /dev/null 2>&1 # task_659,Benign
powershell -ExecutionPolicy Restricted -File C:\Scripts\maintenance_92.ps1,Benign
terraform init -upgrade,Benign
"Get-Content | Select-Object Name, Id",Benign
Get-Service | % { $_.Name },Benign
powershell -ExecutionPolicy Restricted -File C:\Scripts\maintenance_67.ps1,Benign
terraform init -upgrade,Benign
powershell -ExecutionPolicy AllSigned -File C:\Scripts\maintenance_22.ps1,Benign
powershell -ExecutionPolicy Restricted -File C:\Scripts\maintenance_60.ps1,Benign
terraform plan -out=tfplan,Benign
cat /var/log/syslog | grep 'systemd' | tail -n 34,Benign
kubectl get pods -n staging -o wide,Benign
kubectl get services -n dev --watch,Benign
git commit -m 'Fixed weight loading issue in engine.py - issue #6589',Benign
tar -czf /tmp/backup.tar.gz /var/log > /dev/null 2>&1 # task_221,Benign
git commit -m 'Fixed weight loading issue in engine.py - issue #7354',Benign
git commit -m 'Fixed weight loading issue in engine.py - issue #6575',Benign
git commit -m 'Fixed weight loading issue in engine.py - issue #2153',Benign
cat /var/log/syslog | grep 'systemd' | tail -n 82,Benign
Get-Service | % { $_.Name },Benign
cat /var/log/syslog | grep 'systemd' | tail -n 53,Benign
terraform plan -out=tfplan,Benign
kubectl get pods -n production -o wide,Benign
powershell -ExecutionPolicy AllSigned -File C:\Scripts\maintenance_77.ps1,Benign
terraform init -upgrade,Benign
cat /var/log/syslog | grep 'systemd' | tail -n 41,Benign
tar -czf /tmp/backup.tar.gz /var/log > /dev/null 2>&1 # task_654,Benign
cat /var/log/syslog | grep 'systemd' | tail -n 88,Benign
tar -czf /tmp/backup.tar.gz /var/log > /dev/null 2>&1 # task_414,Benign
cat /var/log/syslog | grep 'systemd' | tail -n 20,Benign
terraform destroy -auto-approve,Benign
tar -czf /tmp/backup.tar.gz /var/log > /dev/null 2>&1 # task_508,Benign
"Get-EventLog -LogName System | Select-Object Name, Id",Benign
git commit -m 'Fixed weight loading issue in engine.py - issue #1550',Benign
terraform init -upgrade,Benign
git commit -m 'Fixed weight loading issue in engine.py - issue #1347',Benign
powershell -ep Restricted -File C:\Scripts\maintenance_63.ps1,Benign
systemctl status nginx > /dev/null 2>&1 # task_598,Benign
systemctl status nginx > /dev/null 2>&1 # task_364,Benign
kubectl get configmaps -n staging -o wide,Benign
kubectl get pods -n monitoring -o wide,Benign
kubectl get configmaps -n staging -o wide,Benign
cat /var/log/syslog | grep 'systemd' | tail -n 29,Benign
powershell -ExecutionPolicy AllSigned -File C:\Scripts\maintenance_13.ps1,Benign
powershell -ExecutionPolicy Restricted -File C:\Scripts\maintenance_18.ps1,Benign
Get-ADUser | Sort-Object -Descending,Benign
powershell -ep Restricted -File C:\Scripts\maintenance_6.ps1,Benign
powershell -ExecutionPolicy Restricted -File C:\Scripts\maintenance_70.ps1,Benign
cat /var/log/syslog | grep 'systemd' | tail -n 38,Benign
cat /var/log/syslog | grep 'systemd' | tail -n 27,Benign
git commit -m 'Fixed weight loading issue in engine.py - issue #6698',Benign
kubectl get deployments -n staging --watch,Benign
"grep -r ""ERROR"" /var/log/ > /dev/null 2>&1 # task_452",Benign
Get-ADUser | % { $_.Name },Benign
terraform destroy -auto-approve,Benign
powershell -ExecutionPolicy AllSigned -File C:\Scripts\maintenance_28.ps1,Benign
cat /var/log/syslog | grep 'systemd' | tail -n 38,Benign
Get-EventLog -LogName System | % { $_.Name },Benign
cat /var/log/syslog | grep 'systemd' | tail -n 74,Benign
tar -czf /tmp/backup.tar.gz /var/log > /dev/null 2>&1 # task_410,Benign
Get-Content | Sort-Object -Descending,Benign
systemctl status nginx > /dev/null 2>&1 # task_132,Benign
cat /var/log/syslog | grep 'systemd' | tail -n 66,Benign
kubectl get pods -n monitoring --watch,Benign
kubectl get deployments -n monitoring -o wide,Benign
terraform init -upgrade,Benign
cat /var/log/syslog | grep 'systemd' | tail -n 74,Benign
terraform plan -out=tfplan,Benign
kubectl get configmaps -n production -o wide,Benign
terraform plan -out=tfplan,Benign
terraform apply -auto-approve,Benign
powershell -ep Restricted -File C:\Scripts\maintenance_94.ps1,Benign
Get-Service | % { $_.Name },Benign
cat /var/log/syslog | grep 'systemd' | tail -n 47,Benign
powershell -ep Restricted -File C:\Scripts\maintenance_25.ps1,Benign
terraform destroy -auto-approve,Benign
git commit -m 'Fixed weight loading issue in engine.py - issue #6892',Benign
"Get-ADUser | Select-Object Name, Id",Benign
git commit -m 'Fixed weight loading issue in engine.py - issue #8037',Benign
cat /var/log/syslog | grep 'systemd' | tail -n 56,Benign
Get-Service | Where-Object {$_.Status -eq 'Running'},Benign
cat /var/log/syslog | grep 'systemd' | tail -n 72,Benign
cat /var/log/syslog | grep 'systemd' | tail -n 50,Benign
terraform apply -auto-approve,Benign
Get-Process | Where-Object {$_.Status -eq 'Running'},Benign
Get-EventLog -LogName System | % { $_.Name },Benign
git commit -m 'Fixed weight loading issue in engine.py - issue #5611',Benign
powershell -ExecutionPolicy Restricted -File C:\Scripts\maintenance_66.ps1,Benign
powershell -ExecutionPolicy Restricted -File C:\Scripts\maintenance_95.ps1,Benign
cat /var/log/syslog | grep 'systemd' | tail -n 55,Benign
git commit -m 'Fixed weight loading issue in engine.py - issue #9281',Benign
cat /var/log/syslog | grep 'systemd' | tail -n 78,Benign
"grep -r ""ERROR"" /var/log/ > /dev/null 2>&1 # task_985",Benign
cat /var/log/syslog | grep 'systemd' | tail -n 63,Benign
kubectl get configmaps -n dev -o wide,Benign
cat /var/log/syslog | grep 'systemd' | tail -n 94,Benign
git commit -m 'Fixed weight loading issue in engine.py - issue #7762',Benign
git commit -m 'Fixed weight loading issue in engine.py - issue #6318',Benign
terraform plan -out=tfplan,Benign
cat /var/log/syslog | grep 'systemd' | tail -n 80,Benign
powershell -ExecutionPolicy Restricted -File C:\Scripts\maintenance_74.ps1,Benign
kubectl get configmaps -n production -o wide,Benign
cat /var/log/syslog | grep 'systemd' | tail -n 95,Benign
powershell -ExecutionPolicy AllSigned -File C:\Scripts\maintenance_4.ps1,Benign
Get-Process | Sort-Object -Descending,Benign
terraform plan -out=tfplan,Benign
powershell -ExecutionPolicy Restricted -File C:\Scripts\maintenance_20.ps1,Benign
kubectl get configmaps -n kube-system -o wide,Benign
terraform destroy -auto-approve,Benign
git commit -m 'Fixed weight loading issue in engine.py - issue #5256',Benign
git commit -m 'Fixed weight loading issue in engine.py - issue #9196',Benign
cat /var/log/syslog | grep 'systemd' | tail -n 28,Benign
git commit -m 'Fixed weight loading issue in engine.py - issue #2410',Benign
kubectl get deployments -n monitoring -o wide,Benign
Get-Content | % { $_.Name },Benign
Get-ADUser | Where-Object {$_.Status -eq 'Running'},Benign
cat /var/log/syslog | grep 'systemd' | tail -n 49,Benign
systemctl status nginx > /dev/null 2>&1 # task_445,Benign
terraform init -upgrade,Benign
cat /var/log/syslog | grep 'systemd' | tail -n 23,Benign
kubectl get nodes -n monitoring -o wide,Benign
kubectl get services -n dev --watch,Benign
kubectl get deployments -n dev -o wide,Benign
powershell -ExecutionPolicy Restricted -File C:\Scripts\maintenance_64.ps1,Benign
kubectl get services -n production --watch,Benign
kubectl get pods -n monitoring -o wide,Benign
git commit -m 'Fixed weight loading issue in engine.py - issue #5248',Benign
terraform init -upgrade,Benign
systemctl status nginx > /dev/null 2>&1 # task_198,Benign
systemctl status nginx > /dev/null 2>&1 # task_788,Benign
systemctl status nginx > /dev/null 2>&1 # task_410,Benign
terraform destroy -auto-approve,Benign
kubectl get services -n production -o wide,Benign
kubectl get pods -n kube-system -o wide,Benign
git commit -m 'Fixed weight loading issue in engine.py - issue #8140',Benign
cat /var/log/syslog | grep 'systemd' | tail -n 44,Benign
git commit -m 'Fixed weight loading issue in engine.py - issue #6450',Benign
git commit -m 'Fixed weight loading issue in engine.py - issue #7359',Benign
kubectl get nodes -n kube-system -o wide,Benign
cat /var/log/syslog | grep 'systemd' | tail -n 84,Benign
kubectl get pods -n staging --watch,Benign
powershell -ExecutionPolicy Restricted -File C:\Scripts\maintenance_96.ps1,Benign
powershell -ExecutionPolicy Restricted -File C:\Scripts\maintenance_11.ps1,Benign
terraform plan -out=tfplan,Benign
kubectl get deployments -n staging -o wide,Benign
terraform init -upgrade,Benign
tar -czf /tmp/backup.tar.gz /var/log > /dev/null 2>&1 # task_503,Benign
tar -czf /tmp/backup.tar.gz /var/log > /dev/null 2>&1 # task_515,Benign
kubectl get deployments -n monitoring -o wide,Benign
Get-Process | % { $_.Name },Benign
git commit -m 'Fixed weight loading issue in engine.py - issue #5777',Benign
systemctl status nginx > /dev/null 2>&1 # task_404,Benign
terraform apply -auto-approve,Benign
cat /var/log/syslog | grep 'systemd' | tail -n 82,Benign
terraform apply -auto-approve,Benign
kubectl get services -n staging -o wide,Benign
terraform apply -auto-approve,Benign
terraform init -upgrade,Benign
systemctl status nginx > /dev/null 2>&1 # task_431,Benign
"Get-Process | Select-Object Name, Id",Benign
tar -czf /tmp/backup.tar.gz /var/log > /dev/null 2>&1 # task_142,Benign
cat /var/log/syslog | grep 'systemd' | tail -n 32,Benign
terraform apply -auto-approve,Benign
kubectl get deployments -n monitoring -o wide,Benign
kubectl get configmaps -n kube-system --watch,Benign
git commit -m 'Fixed weight loading issue in engine.py - issue #6687',Benign
tar -czf /tmp/backup.tar.gz /var/log > /dev/null 2>&1 # task_294,Benign
kubectl get services -n production -o wide,Benign
git commit -m 'Fixed weight loading issue in engine.py - issue #8128',Benign
cat /var/log/syslog | grep 'systemd' | tail -n 14,Benign
powershell -ExecutionPolicy AllSigned -File C:\Scripts\maintenance_43.ps1,Benign
Get-Process | Sort-Object -Descending,Benign
git commit -m 'Fixed weight loading issue in engine.py - issue #1262',Benign
terraform apply -auto-approve,Benign
powershell -ExecutionPolicy Restricted -File C:\Scripts\maintenance_64.ps1,Benign
"grep -r ""ERROR"" /var/log/ > /dev/null 2>&1 # task_240",Benign
tar -czf /tmp/backup.tar.gz /var/log > /dev/null 2>&1 # task_148,Benign
git commit -m 'Fixed weight loading issue in engine.py - issue #5875',Benign
tar -czf /tmp/backup.tar.gz /var/log > /dev/null 2>&1 # task_908,Benign
powershell -ExecutionPolicy AllSigned -File C:\Scripts\maintenance_85.ps1,Benign
kubectl get services -n monitoring --watch,Benign
powershell -ExecutionPolicy Restricted -File C:\Scripts\maintenance_93.ps1,Benign
git commit -m 'Fixed weight loading issue in engine.py - issue #2017',Benign
kubectl get nodes -n monitoring -o wide,Benign
"grep -r ""ERROR"" /var/log/ > /dev/null 2>&1 # task_860",Benign
"grep -r ""ERROR"" /var/log/ > /dev/null 2>&1 # task_534",Benign
cat /var/log/syslog | grep 'systemd' | tail -n 56,Benign
kubectl get deployments -n production -o wide,Benign
git commit -m 'Fixed weight loading issue in engine.py - issue #9403',Benign
Get-Content | Where-Object {$_.Status -eq 'Running'},Benign
systemctl status nginx > /dev/null 2>&1 # task_461,Benign
git commit -m 'Fixed weight loading issue in engine.py - issue #8800',Benign
cat /var/log/syslog | grep 'systemd' | tail -n 66,Benign
powershell -ExecutionPolicy AllSigned -File C:\Scripts\maintenance_66.ps1,Benign
powershell -ExecutionPolicy AllSigned -File C:\Scripts\maintenance_3.ps1,Benign
terraform apply -auto-approve,Benign
"grep -r ""ERROR"" /var/log/ > /dev/null 2>&1 # task_137",Benign
Get-Service | Where-Object {$_.Status -eq 'Running'},Benign
kubectl get configmaps -n monitoring -o wide,Benign
git commit -m 'Fixed weight loading issue in engine.py - issue #5346',Benign
powershell -ep Restricted -File C:\Scripts\maintenance_96.ps1,Benign
git commit -m 'Fixed weight loading issue in engine.py - issue #6095',Benign
cat /var/log/syslog | grep 'systemd' | tail -n 10,Benign
tar -czf /tmp/backup.tar.gz /var/log > /dev/null 2>&1 # task_254,Benign
powershell -ep Restricted -File C:\Scripts\maintenance_74.ps1,Benign
terraform init -upgrade,Benign
powershell -ExecutionPolicy Restricted -File C:\Scripts\maintenance_1.ps1,Benign
kubectl get configmaps -n production -o wide,Benign
terraform destroy -auto-approve,Benign
git commit -m 'Fixed weight loading issue in engine.py - issue #2822',Benign
powershell -ExecutionPolicy AllSigned -File C:\Scripts\maintenance_58.ps1,Benign
terraform destroy -auto-approve,Benign
"grep -r ""ERROR"" /var/log/ > /dev/null 2>&1 # task_625",Benign
powershell -ExecutionPolicy AllSigned -File C:\Scripts\maintenance_5.ps1,Benign
cat /var/log/syslog | grep 'systemd' | tail -n 42,Benign
cat /var/log/syslog | grep 'systemd' | tail -n 54,Benign
tar -czf /tmp/backup.tar.gz /var/log > /dev/null 2>&1 # task_971,Benign
cat /var/log/syslog | grep 'systemd' | tail -n 39,Benign
"grep -r ""ERROR"" /var/log/ > /dev/null 2>&1 # task_492",Benign
git commit -m 'Fixed weight loading issue in engine.py - issue #2701',Benign
systemctl status nginx > /dev/null 2>&1 # task_851,Benign
cat /var/log/syslog | grep 'systemd' | tail -n 42,Benign
git commit -m 'Fixed weight loading issue in engine.py - issue #1602',Benign
cat /var/log/syslog | grep 'systemd' | tail -n 20,Benign
terraform destroy -auto-approve,Benign
Get-Service | % { $_.Name },Benign
terraform init -upgrade,Benign
systemctl status nginx > /dev/null 2>&1 # task_811,Benign
terraform apply -auto-approve,Benign
powershell -ExecutionPolicy Restricted -File C:\Scripts\maintenance_83.ps1,Benign
cat /var/log/syslog | grep 'systemd' | tail -n 100,Benign
terraform init -upgrade,Benign
terraform apply -auto-approve,Benign
terraform apply -auto-approve,Benign
powershell -ExecutionPolicy AllSigned -File C:\Scripts\maintenance_59.ps1,Benign
systemctl status nginx > /dev/null 2>&1 # task_352,Benign
git commit -m 'Fixed weight loading issue in engine.py - issue #2177',Benign
Get-Process | % { $_.Name },Benign
tar -czf /tmp/backup.tar.gz /var/log > /dev/null 2>&1 # task_388,Benign
cat /var/log/syslog | grep 'systemd' | tail -n 21,Benign
kubectl get configmaps -n staging --watch,Benign
kubectl get configmaps -n dev -o wide,Benign
cat /var/log/syslog | grep 'systemd' | tail -n 33,Benign
kubectl get configmaps -n kube-system -o wide,Benign
systemctl status nginx > /dev/null 2>&1 # task_794,Benign
kubectl get nodes -n dev --watch,Benign
git commit -m 'Fixed weight loading issue in engine.py - issue #3225',Benign
kubectl get pods -n monitoring -o wide,Benign
"grep -r ""ERROR"" /var/log/ > /dev/null 2>&1 # task_429",Benign
powershell -ExecutionPolicy Restricted -File C:\Scripts\maintenance_12.ps1,Benign
powershell -ep Restricted -File C:\Scripts\maintenance_9.ps1,Benign
"grep -r ""ERROR"" /var/log/ > /dev/null 2>&1 # task_593",Benign
cat /var/log/syslog | grep 'systemd' | tail -n 91,Benign
kubectl get nodes -n production -o wide,Benign
Get-Content | Sort-Object -Descending,Benign
powershell -ExecutionPolicy AllSigned -File C:\Scripts\maintenance_86.ps1,Benign
kubectl get services -n monitoring --watch,Benign
kubectl get nodes -n kube-system -o wide,Benign
cat /var/log/syslog | grep 'systemd' | tail -n 68,Benign
terraform plan -out=tfplan,Benign
git commit -m 'Fixed weight loading issue in engine.py - issue #7083',Benign
git commit -m 'Fixed weight loading issue in engine.py - issue #3725',Benign
powershell -ExecutionPolicy Restricted -File C:\Scripts\maintenance_71.ps1,Benign
tar -czf /tmp/backup.tar.gz /var/log > /dev/null 2>&1 # task_211,Benign
kubectl get pods -n production --watch,Benign
powershell -ExecutionPolicy Restricted -File C:\Scripts\maintenance_11.ps1,Benign
powershell -ep Restricted -File C:\Scripts\maintenance_92.ps1,Benign
kubectl get services -n kube-system -o wide,Benign
Get-EventLog -LogName System | % { $_.Name },Benign
powershell -ExecutionPolicy AllSigned -File C:\Scripts\maintenance_80.ps1,Benign
kubectl get pods -n production -o wide,Benign
cat /var/log/syslog | grep 'systemd' | tail -n 76,Benign
"grep -r ""ERROR"" /var/log/ > /dev/null 2>&1 # task_129",Benign
"grep -r ""ERROR"" /var/log/ > /dev/null 2>&1 # task_434",Benign
cat /var/log/syslog | grep 'systemd' | tail -n 24,Benign
"grep -r ""ERROR"" /var/log/ > /dev/null 2>&1 # task_220",Benign
git commit -m 'Fixed weight loading issue in engine.py - issue #3107',Benign
git commit -m 'Fixed weight loading issue in engine.py - issue #4683',Benign
systemctl status nginx > /dev/null 2>&1 # task_369,Benign
cat /var/log/syslog | grep 'systemd' | tail -n 56,Benign
kubectl get deployments -n dev --watch,Benign
powershell -ExecutionPolicy Restricted -File C:\Scripts\maintenance_14.ps1,Benign
terraform apply -auto-approve,Benign
git commit -m 'Fixed weight loading issue in engine.py - issue #1222',Benign
"grep -r ""ERROR"" /var/log/ > /dev/null 2>&1 # task_119",Benign
tar -czf /tmp/backup.tar.gz /var/log > /dev/null 2>&1 # task_642,Benign
powershell -ExecutionPolicy Restricted -File C:\Scripts\maintenance_79.ps1,Benign
terraform plan -out=tfplan,Benign
powershell -ExecutionPolicy AllSigned -File C:\Scripts\maintenance_18.ps1,Benign
cat /var/log/syslog | grep 'systemd' | tail -n 89,Benign
powershell -ExecutionPolicy AllSigned -File C:\Scripts\maintenance_16.ps1,Benign
terraform destroy -auto-approve,Benign
git commit -m 'Fixed weight loading issue in engine.py - issue #5434',Benign
Get-ADUser | Sort-Object -Descending,Benign
powershell -ExecutionPolicy AllSigned -File C:\Scripts\maintenance_52.ps1,Benign
powershell -ExecutionPolicy Restricted -File C:\Scripts\maintenance_60.ps1,Benign
kubectl get deployments -n staging --watch,Benign
cat /var/log/syslog | grep 'systemd' | tail -n 99,Benign
"Get-Process | Select-Object Name, Id",Benign
"Get-Process | Select-Object Name, Id",Benign
terraform destroy -auto-approve,Benign
systemctl status nginx > /dev/null 2>&1 # task_826,Benign
"grep -r ""ERROR"" /var/log/ > /dev/null 2>&1 # task_199",Benign
git commit -m 'Fixed weight loading issue in engine.py - issue #9696',Benign
git commit -m 'Fixed weight loading issue in engine.py - issue #7946',Benign
terraform init -upgrade,Benign
git commit -m 'Fixed weight loading issue in engine.py - issue #5899',Benign
terraform init -upgrade,Benign
terraform init -upgrade,Benign
kubectl get nodes -n staging -o wide,Benign
powershell -ep Restricted -File C:\Scripts\maintenance_43.ps1,Benign
"grep -r ""ERROR"" /var/log/ > /dev/null 2>&1 # task_270",Benign
"Get-ADUser | Select-Object Name, Id",Benign
git commit -m 'Fixed weight loading issue in engine.py - issue #6189',Benign
git commit -m 'Fixed weight loading issue in engine.py - issue #8485',Benign
cat /var/log/syslog | grep 'systemd' | tail -n 71,Benign
git commit -m 'Fixed weight loading issue in engine.py - issue #5230',Benign
cat /var/log/syslog | grep 'systemd' | tail -n 72,Benign
cat /var/log/syslog | grep 'systemd' | tail -n 72,Benign
"Get-ADUser | Select-Object Name, Id",Benign
git commit -m 'Fixed weight loading issue in engine.py - issue #5217',Benign
git commit -m 'Fixed weight loading issue in engine.py - issue #2324',Benign
tar -czf /tmp/backup.tar.gz /var/log > /dev/null 2>&1 # task_349,Benign
Get-Content | Where-Object {$_.Status -eq 'Running'},Benign
Get-Service | Sort-Object -Descending,Benign
Get-Process | Sort-Object -Descending,Benign
cat /var/log/syslog | grep 'systemd' | tail -n 89,Benign
terraform init -upgrade,Benign
tar -czf /tmp/backup.tar.gz /var/log > /dev/null 2>&1 # task_638,Benign
powershell -ExecutionPolicy AllSigned -File C:\Scripts\maintenance_72.ps1,Benign
cat /var/log/syslog | grep 'systemd' | tail -n 39,Benign
powershell -ep Restricted -File C:\Scripts\maintenance_30.ps1,Benign
"Get-Content | Select-Object Name, Id",Benign
powershell -ExecutionPolicy AllSigned -File C:\Scripts\maintenance_22.ps1,Benign
terraform plan -out=tfplan,Benign
terraform plan -out=tfplan,Benign
git commit -m 'Fixed weight loading issue in engine.py - issue #7927',Benign
kubectl get pods -n dev -o wide,Benign
"grep -r ""ERROR"" /var/log/ > /dev/null 2>&1 # task_558",Benign
tar -czf /tmp/backup.tar.gz /var/log > /dev/null 2>&1 # task_486,Benign
terraform init -upgrade,Benign
powershell -ep Restricted -File C:\Scripts\maintenance_86.ps1,Benign
systemctl status nginx > /dev/null 2>&1 # task_206,Benign
terraform apply -auto-approve,Benign
cat /var/log/syslog | grep 'systemd' | tail -n 33,Benign
powershell -ExecutionPolicy AllSigned -File C:\Scripts\maintenance_9.ps1,Benign
cat /var/log/syslog | grep 'systemd' | tail -n 33,Benign
kubectl get deployments -n staging -o wide,Benign
powershell -ExecutionPolicy AllSigned -File C:\Scripts\maintenance_41.ps1,Benign
"grep -r ""ERROR"" /var/log/ > /dev/null 2>&1 # task_893",Benign
terraform destroy -auto-approve,Benign
systemctl status nginx > /dev/null 2>&1 # task_504,Benign
"grep -r ""ERROR"" /var/log/ > /dev/null 2>&1 # task_507",Benign
tar -czf /tmp/backup.tar.gz /var/log > /dev/null 2>&1 # task_582,Benign
terraform destroy -auto-approve,Benign
cat /var/log/syslog | grep 'systemd' | tail -n 15,Benign
"grep -r ""ERROR"" /var/log/ > /dev/null 2>&1 # task_331",Benign
kubectl get deployments -n dev -o wide,Benign
Get-EventLog -LogName System | Sort-Object -Descending,Benign
powershell -ExecutionPolicy Restricted -File C:\Scripts\maintenance_40.ps1,Benign
kubectl get services -n kube-system -o wide,Benign
"grep -r ""ERROR"" /var/log/ > /dev/null 2>&1 # task_729",Benign
terraform plan -out=tfplan,Benign
cat /var/log/syslog | grep 'systemd' | tail -n 80,Benign
kubectl get services -n dev --watch,Benign
Get-ADUser | Where-Object {$_.Status -eq 'Running'},Benign
cat /var/log/syslog | grep 'systemd' | tail -n 99,Benign
terraform plan -out=tfplan,Benign
cat /var/log/syslog | grep 'systemd' | tail -n 52,Benign
tar -czf /tmp/backup.tar.gz /var/log > /dev/null 2>&1 # task_901,Benign
systemctl status nginx > /dev/null 2>&1 # task_466,Benign
"Get-ADUser | Select-Object Name, Id",Benign
Get-EventLog -LogName System | Sort-Object -Descending,Benign
kubectl get deployments -n kube-system --watch,Benign
cat /var/log/syslog | grep 'systemd' | tail -n 86,Benign
kubectl get nodes -n dev -o wide,Benign
git commit -m 'Fixed weight loading issue in engine.py - issue #2244',Benign
"Get-Process | Select-Object Name, Id",Benign
terraform destroy -auto-approve,Benign
git commit -m 'Fixed weight loading issue in engine.py - issue #1168',Benign
cat /var/log/syslog | grep 'systemd' | tail -n 41,Benign
"grep -r ""ERROR"" /var/log/ > /dev/null 2>&1 # task_226",Benign
powershell -ep Restricted -File C:\Scripts\maintenance_52.ps1,Benign
git commit -m 'Fixed weight loading issue in engine.py - issue #7227',Benign
git commit -m 'Fixed weight loading issue in engine.py - issue #4444',Benign
kubectl get pods -n production --watch,Benign
powershell -ExecutionPolicy AllSigned -File C:\Scripts\maintenance_36.ps1,Benign
kubectl get services -n monitoring -o wide,Benign
git commit -m 'Fixed weight loading issue in engine.py - issue #2682',Benign
terraform plan -out=tfplan,Benign
terraform init -upgrade,Benign
powershell -ExecutionPolicy AllSigned -File C:\Scripts\maintenance_85.ps1,Benign
cat /var/log/syslog | grep 'systemd' | tail -n 79,Benign
Get-ADUser | Sort-Object -Descending,Benign
"Get-EventLog -LogName System | Select-Object Name, Id",Benign
git commit -m 'Fixed weight loading issue in engine.py - issue #1708',Benign
systemctl status nginx > /dev/null 2>&1 # task_569,Benign
powershell -ExecutionPolicy AllSigned -File C:\Scripts\maintenance_70.ps1,Benign
Get-Process | % { $_.Name },Benign
terraform plan -out=tfplan,Benign
"Get-ADUser | Select-Object Name, Id",Benign
powershell -ExecutionPolicy Restricted -File C:\Scripts\maintenance_36.ps1,Benign
"Get-Content | Select-Object Name, Id",Benign
Get-ADUser | Sort-Object -Descending,Benign
kubectl get services -n staging -o wide,Benign
git commit -m 'Fixed weight loading issue in engine.py - issue #9836',Benign
cat /var/log/syslog | grep 'systemd' | tail -n 63,Benign
"Get-EventLog -LogName System | Select-Object Name, Id",Benign
powershell -ExecutionPolicy Restricted -File C:\Scripts\maintenance_12.ps1,Benign
terraform destroy -auto-approve,Benign
"Get-Content | Select-Object Name, Id",Benign
terraform init -upgrade,Benign
kubectl get pods -n dev --watch,Benign
git commit -m 'Fixed weight loading issue in engine.py - issue #1176',Benign
Get-ADUser | % { $_.Name },Benign
powershell -ExecutionPolicy AllSigned -File C:\Scripts\maintenance_3.ps1,Benign
powershell -ExecutionPolicy AllSigned -File C:\Scripts\maintenance_50.ps1,Benign
Get-EventLog -LogName System | % { $_.Name },Benign
terraform destroy -auto-approve,Benign
git commit -m 'Fixed weight loading issue in engine.py - issue #6283',Benign
terraform init -upgrade,Benign
Get-Content | Sort-Object -Descending,Benign
systemctl status nginx > /dev/null 2>&1 # task_485,Benign
kubectl get pods -n staging -o wide,Benign
cat /var/log/syslog | grep 'systemd' | tail -n 59,Benign
tar -czf /tmp/backup.tar.gz /var/log > /dev/null 2>&1 # task_565,Benign
cat /var/log/syslog | grep 'systemd' | tail -n 22,Benign
tar -czf /tmp/backup.tar.gz /var/log > /dev/null 2>&1 # task_690,Benign
Get-Process | Where-Object {$_.Status -eq 'Running'},Benign
kubectl get pods -n kube-system --watch,Benign
git commit -m 'Fixed weight loading issue in engine.py - issue #6752',Benign
cat /var/log/syslog | grep 'systemd' | tail -n 79,Benign
powershell -ep Restricted -File C:\Scripts\maintenance_9.ps1,Benign
tar -czf /tmp/backup.tar.gz /var/log > /dev/null 2>&1 # task_307,Benign
powershell -ExecutionPolicy AllSigned -File C:\Scripts\maintenance_5.ps1,Benign
"grep -r ""ERROR"" /var/log/ > /dev/null 2>&1 # task_573",Benign
kubectl get services -n production -o wide,Benign
powershell -ExecutionPolicy AllSigned -File C:\Scripts\maintenance_71.ps1,Benign
git commit -m 'Fixed weight loading issue in engine.py - issue #8342',Benign
terraform init -upgrade,Benign
git commit -m 'Fixed weight loading issue in engine.py - issue #7671',Benign
powershell -ep Restricted -File C:\Scripts\maintenance_60.ps1,Benign
kubectl get deployments -n kube-system --watch,Benign
Get-EventLog -LogName System | % { $_.Name },Benign
cat /var/log/syslog | grep 'systemd' | tail -n 94,Benign
terraform destroy -auto-approve,Benign
Get-Content | Sort-Object -Descending,Benign
git commit -m 'Fixed weight loading issue in engine.py - issue #1560',Benign
cat /var/log/syslog | grep 'systemd' | tail -n 67,Benign
git commit -m 'Fixed weight loading issue in engine.py - issue #5549',Benign
cat /var/log/syslog | grep 'systemd' | tail -n 38,Benign
git commit -m 'Fixed weight loading issue in engine.py - issue #5169',Benign
"grep -r ""ERROR"" /var/log/ > /dev/null 2>&1 # task_441",Benign
cat /var/log/syslog | grep 'systemd' | tail -n 49,Benign
kubectl get configmaps -n production --watch,Benign
cat /var/log/syslog | grep 'systemd' | tail -n 15,Benign
git commit -m 'Fixed weight loading issue in engine.py - issue #3892',Benign
powershell -ep Restricted -File C:\Scripts\maintenance_66.ps1,Benign
git commit -m 'Fixed weight loading issue in engine.py - issue #3190',Benign
kubectl get nodes -n kube-system --watch,Benign
"grep -r ""ERROR"" /var/log/ > /dev/null 2>&1 # task_476",Benign
powershell -ExecutionPolicy Restricted -File C:\Scripts\maintenance_61.ps1,Benign
systemctl status nginx > /dev/null 2>&1 # task_920,Benign
cat /var/log/syslog | grep 'systemd' | tail -n 95,Benign
systemctl status nginx > /dev/null 2>&1 # task_511,Benign
terraform init -upgrade,Benign
git commit -m 'Fixed weight loading issue in engine.py - issue #2996',Benign
Get-Service | % { $_.Name },Benign
powershell -ExecutionPolicy Restricted -File C:\Scripts\maintenance_70.ps1,Benign
systemctl status nginx > /dev/null 2>&1 # task_352,Benign
git commit -m 'Fixed weight loading issue in engine.py - issue #1351',Benign
git commit -m 'Fixed weight loading issue in engine.py - issue #9786',Benign
Get-ADUser | Sort-Object -Descending,Benign
git commit -m 'Fixed weight loading issue in engine.py - issue #9145',Benign
powershell -ExecutionPolicy Restricted -File C:\Scripts\maintenance_89.ps1,Benign
powershell -ExecutionPolicy AllSigned -File C:\Scripts\maintenance_4.ps1,Benign
"grep -r ""ERROR"" /var/log/ > /dev/null 2>&1 # task_810",Benign
terraform plan -out=tfplan,Benign
terraform init -upgrade,Benign
terraform init -upgrade,Benign
cat /var/log/syslog | grep 'systemd' | tail -n 74,Benign
git commit -m 'Fixed weight loading issue in engine.py - issue #1516',Benign
systemctl status nginx > /dev/null 2>&1 # task_928,Benign
Get-Service | % { $_.Name },Benign
powershell -ExecutionPolicy AllSigned -File C:\Scripts\maintenance_90.ps1,Benign
cat /var/log/syslog | grep 'systemd' | tail -n 75,Benign
kubectl get nodes -n staging --watch,Benign
terraform apply -auto-approve,Benign
kubectl get services -n production -o wide,Benign
tar -czf /tmp/backup.tar.gz /var/log > /dev/null 2>&1 # task_436,Benign
cat /var/log/syslog | grep 'systemd' | tail -n 10,Benign
terraform apply -auto-approve,Benign
"Get-Process | Select-Object Name, Id",Benign
git commit -m 'Fixed weight loading issue in engine.py - issue #3388',Benign
git commit -m 'Fixed weight loading issue in engine.py - issue #4616',Benign
cat /var/log/syslog | grep 'systemd' | tail -n 76,Benign
terraform init -upgrade,Benign
terraform apply -auto-approve,Benign
kubectl get configmaps -n staging --watch,Benign
git commit -m 'Fixed weight loading issue in engine.py - issue #9152',Benign
Get-ADUser | % { $_.Name },Benign
terraform init -upgrade,Benign
terraform destroy -auto-approve,Benign
kubectl get pods -n production -o wide,Benign
kubectl get deployments -n monitoring --watch,Benign
git commit -m 'Fixed weight loading issue in engine.py - issue #5468',Benign
kubectl get services -n staging -o wide,Benign
powershell -ep Restricted -File C:\Scripts\maintenance_13.ps1,Benign
powershell -ep Restricted -File C:\Scripts\maintenance_49.ps1,Benign
powershell -ExecutionPolicy Restricted -File C:\Scripts\maintenance_27.ps1,Benign
powershell -ep Restricted -File C:\Scripts\maintenance_53.ps1,Benign
terraform destroy -auto-approve,Benign
cat /var/log/syslog | grep 'systemd' | tail -n 32,Benign
tar -czf /tmp/backup.tar.gz /var/log > /dev/null 2>&1 # task_556,Benign
powershell -ep Restricted -File C:\Scripts\maintenance_62.ps1,Benign
"Get-Content | Select-Object Name, Id",Benign
powershell -ExecutionPolicy Restricted -File C:\Scripts\maintenance_32.ps1,Benign
systemctl status nginx > /dev/null 2>&1 # task_832,Benign
"Get-ADUser | Select-Object Name, Id",Benign
kubectl get deployments -n dev --watch,Benign
cat /var/log/syslog | grep 'systemd' | tail -n 76,Benign
terraform init -upgrade,Benign
terraform init -upgrade,Benign
git commit -m 'Fixed weight loading issue in engine.py - issue #1138',Benign
git commit -m 'Fixed weight loading issue in engine.py - issue #7013',Benign
cat /var/log/syslog | grep 'systemd' | tail -n 42,Benign
git commit -m 'Fixed weight loading issue in engine.py - issue #7963',Benign
powershell -ep Restricted -File C:\Scripts\maintenance_95.ps1,Benign
"grep -r ""ERROR"" /var/log/ > /dev/null 2>&1 # task_121",Benign
"Get-ADUser | Select-Object Name, Id",Benign
"grep -r ""ERROR"" /var/log/ > /dev/null 2>&1 # task_590",Benign
kubectl get deployments -n dev --watch,Benign
terraform init -upgrade,Benign
git commit -m 'Fixed weight loading issue in engine.py - issue #9359',Benign
cat /var/log/syslog | grep 'systemd' | tail -n 42,Benign
"grep -r ""ERROR"" /var/log/ > /dev/null 2>&1 # task_135",Benign
git commit -m 'Fixed weight loading issue in engine.py - issue #4116',Benign
kubectl get configmaps -n kube-system --watch,Benign
terraform apply -auto-approve,Benign
terraform init -upgrade,Benign
kubectl get pods -n monitoring -o wide,Benign
git commit -m 'Fixed weight loading issue in engine.py - issue #9090',Benign
cat /var/log/syslog | grep 'systemd' | tail -n 32,Benign
powershell -ep Restricted -File C:\Scripts\maintenance_77.ps1,Benign
terraform apply -auto-approve,Benign
terraform destroy -auto-approve,Benign
kubectl get services -n production --watch,Benign
powershell -ExecutionPolicy Restricted -File C:\Scripts\maintenance_21.ps1,Benign
git commit -m 'Fixed weight loading issue in engine.py - issue #4093',Benign
"grep -r ""ERROR"" /var/log/ > /dev/null 2>&1 # task_969",Benign
cat /var/log/syslog | grep 'systemd' | tail -n 32,Benign
terraform destroy -auto-approve,Benign
kubectl get deployments -n production -o wide,Benign
kubectl get pods -n monitoring -o wide,Benign
cat /var/log/syslog | grep 'systemd' | tail -n 86,Benign
cat /var/log/syslog | grep 'systemd' | tail -n 33,Benign
Get-Content | Sort-Object -Descending,Benign
git commit -m 'Fixed weight loading issue in engine.py - issue #7971',Benign
cat /var/log/syslog | grep 'systemd' | tail -n 20,Benign
"Get-Content | Select-Object Name, Id",Benign
git commit -m 'Fixed weight loading issue in engine.py - issue #3498',Benign
Get-Process | % { $_.Name },Benign
powershell -ExecutionPolicy Restricted -File C:\Scripts\maintenance_69.ps1,Benign
powershell -ExecutionPolicy AllSigned -File C:\Scripts\maintenance_33.ps1,Benign
kubectl get nodes -n dev -o wide,Benign
cat /var/log/syslog | grep 'systemd' | tail -n 65,Benign
Get-Process | % { $_.Name },Benign
kubectl get deployments -n staging -o wide,Benign
git commit -m 'Fixed weight loading issue in engine.py - issue #7174',Benign
cat /var/log/syslog | grep 'systemd' | tail -n 22,Benign
kubectl get nodes -n dev -o wide,Benign
terraform destroy -auto-approve,Benign
cat /var/log/syslog | grep 'systemd' | tail -n 21,Benign
git commit -m 'Fixed weight loading issue in engine.py - issue #2744',Benign
cat /var/log/syslog | grep 'systemd' | tail -n 86,Benign
cat /var/log/syslog | grep 'systemd' | tail -n 80,Benign
terraform plan -out=tfplan,Benign
git commit -m 'Fixed weight loading issue in engine.py - issue #6778',Benign
powershell -ExecutionPolicy AllSigned -File C:\Scripts\maintenance_22.ps1,Benign
cat /var/log/syslog | grep 'systemd' | tail -n 13,Benign
systemctl status nginx > /dev/null 2>&1 # task_285,Benign
Get-Process | % { $_.Name },Benign
powershell -ExecutionPolicy Restricted -File C:\Scripts\maintenance_15.ps1,Benign
cat /var/log/syslog | grep 'systemd' | tail -n 61,Benign
"grep -r ""ERROR"" /var/log/ > /dev/null 2>&1 # task_989",Benign
kubectl get pods -n dev --watch,Benign
Get-EventLog -LogName System | % { $_.Name },Benign
Get-Content | Where-Object {$_.Status -eq 'Running'},Benign
"grep -r ""ERROR"" /var/log/ > /dev/null 2>&1 # task_555",Benign
"grep -r ""ERROR"" /var/log/ > /dev/null 2>&1 # task_533",Benign
kubectl get services -n dev --watch,Benign
git commit -m 'Fixed weight loading issue in engine.py - issue #8794',Benign
"grep -r ""ERROR"" /var/log/ > /dev/null 2>&1 # task_835",Benign
git commit -m 'Fixed weight loading issue in engine.py - issue #6406',Benign
"grep -r ""ERROR"" /var/log/ > /dev/null 2>&1 # task_715",Benign
kubectl get deployments -n monitoring -o wide,Benign
kubectl get pods -n staging --watch,Benign
kubectl get deployments -n kube-system -o wide,Benign
cat /var/log/syslog | grep 'systemd' | tail -n 13,Benign
cat /var/log/syslog | grep 'systemd' | tail -n 65,Benign
systemctl status nginx > /dev/null 2>&1 # task_969,Benign
kubectl get deployments -n kube-system --watch,Benign
kubectl get configmaps -n staging --watch,Benign
terraform apply -auto-approve,Benign
systemctl status nginx > /dev/null 2>&1 # task_746,Benign
git commit -m 'Fixed weight loading issue in engine.py - issue #4418',Benign
tar -czf /tmp/backup.tar.gz /var/log > /dev/null 2>&1 # task_940,Benign
powershell -ExecutionPolicy AllSigned -File C:\Scripts\maintenance_26.ps1,Benign
cat /var/log/syslog | grep 'systemd' | tail -n 36,Benign
kubectl get nodes -n kube-system --watch,Benign
terraform init -upgrade,Benign
git commit -m 'Fixed weight loading issue in engine.py - issue #3232',Benign
terraform plan -out=tfplan,Benign
terraform init -upgrade,Benign
cat /var/log/syslog | grep 'systemd' | tail -n 40,Benign
terraform destroy -auto-approve,Benign
"grep -r ""ERROR"" /var/log/ > /dev/null 2>&1 # task_176",Benign
git commit -m 'Fixed weight loading issue in engine.py - issue #9533',Benign
Get-Service | % { $_.Name },Benign
Get-EventLog -LogName System | Sort-Object -Descending,Benign
cat /var/log/syslog | grep 'systemd' | tail -n 63,Benign
kubectl get pods -n staging -o wide,Benign
cat /var/log/syslog | grep 'systemd' | tail -n 95,Benign
cat /var/log/syslog | grep 'systemd' | tail -n 89,Benign
"grep -r ""ERROR"" /var/log/ > /dev/null 2>&1 # task_250",Benign
kubectl get services -n production --watch,Benign
powershell -ep Restricted -File C:\Scripts\maintenance_85.ps1,Benign
"Get-ADUser | Select-Object Name, Id",Benign
powershell -ep Restricted -File C:\Scripts\maintenance_42.ps1,Benign
systemctl status nginx > /dev/null 2>&1 # task_563,Benign
git commit -m 'Fixed weight loading issue in engine.py - issue #2969',Benign
powershell -ExecutionPolicy Restricted -File C:\Scripts\maintenance_52.ps1,Benign
cat /var/log/syslog | grep 'systemd' | tail -n 51,Benign
kubectl get pods -n dev --watch,Benign
terraform plan -out=tfplan,Benign
git commit -m 'Fixed weight loading issue in engine.py - issue #5406',Benign
cat /var/log/syslog | grep 'systemd' | tail -n 48,Benign
cat /var/log/syslog | grep 'systemd' | tail -n 12,Benign
powershell -ep Restricted -File C:\Scripts\maintenance_36.ps1,Benign
kubectl get deployments -n monitoring -o wide,Benign
git commit -m 'Fixed weight loading issue in engine.py - issue #9093',Benign
terraform init -upgrade,Benign
terraform plan -out=tfplan,Benign
powershell -ExecutionPolicy Restricted -File C:\Scripts\maintenance_82.ps1,Benign
kubectl get pods -n production -o wide,Benign
tar -czf /tmp/backup.tar.gz /var/log > /dev/null 2>&1 # task_905,Benign
Get-Service | Sort-Object -Descending,Benign
terraform destroy -auto-approve,Benign
Get-Service | Sort-Object -Descending,Benign
powershell -ExecutionPolicy AllSigned -File C:\Scripts\maintenance_1.ps1,Benign
cat /var/log/syslog | grep 'systemd' | tail -n 37,Benign
terraform destroy -auto-approve,Benign
Get-Service | Where-Object {$_.Status -eq 'Running'},Benign
systemctl status nginx > /dev/null 2>&1 # task_253,Benign
git commit -m 'Fixed weight loading issue in engine.py - issue #1046',Benign
Get-Process | % { $_.Name },Benign
git commit -m 'Fixed weight loading issue in engine.py - issue #8062',Benign
cat /var/log/syslog | grep 'systemd' | tail -n 99,Benign
powershell -ExecutionPolicy AllSigned -File C:\Scripts\maintenance_66.ps1,Benign
terraform init -upgrade,Benign
cat /var/log/syslog | grep 'systemd' | tail -n 33,Benign
kubectl get pods -n staging --watch,Benign
terraform apply -auto-approve,Benign
terraform apply -auto-approve,Benign
powershell -ExecutionPolicy AllSigned -File C:\Scripts\maintenance_87.ps1,Benign
Get-Content | Sort-Object -Descending,Benign
"grep -r ""ERROR"" /var/log/ > /dev/null 2>&1 # task_478",Benign
Get-EventLog -LogName System | Where-Object {$_.Status -eq 'Running'},Benign
tar -czf /tmp/backup.tar.gz /var/log > /dev/null 2>&1 # task_353,Benign
terraform init -upgrade,Benign
"Get-Service | Select-Object Name, Id",Benign
tar -czf /tmp/backup.tar.gz /var/log > /dev/null 2>&1 # task_794,Benign
terraform init -upgrade,Benign
terraform plan -out=tfplan,Benign
Get-EventLog -LogName System | Where-Object {$_.Status -eq 'Running'},Benign
kubectl get pods -n staging --watch,Benign
terraform apply -auto-approve,Benign
git commit -m 'Fixed weight loading issue in engine.py - issue #1464',Benign
tar -czf /tmp/backup.tar.gz /var/log > /dev/null 2>&1 # task_462,Benign
terraform apply -auto-approve,Benign
terraform apply -auto-approve,Benign
powershell -ExecutionPolicy AllSigned -File C:\Scripts\maintenance_91.ps1,Benign
terraform init -upgrade,Benign
powershell -ExecutionPolicy AllSigned -File C:\Scripts\maintenance_80.ps1,Benign
tar -czf /tmp/backup.tar.gz /var/log > /dev/null 2>&1 # task_972,Benign
kubectl get pods -n production --watch,Benign
tar -czf /tmp/backup.tar.gz /var/log > /dev/null 2>&1 # task_565,Benign
cat /var/log/syslog | grep 'systemd' | tail -n 41,Benign
kubectl get deployments -n dev -o wide,Benign
Get-Process | % { $_.Name },Benign
terraform destroy -auto-approve,Benign
git commit -m 'Fixed weight loading issue in engine.py - issue #4199',Benign
tar -czf /tmp/backup.tar.gz /var/log > /dev/null 2>&1 # task_179,Benign
tar -czf /tmp/backup.tar.gz /var/log > /dev/null 2>&1 # task_180,Benign
git commit -m 'Fixed weight loading issue in engine.py - issue #7338',Benign
kubectl get services -n dev --watch,Benign
powershell -ExecutionPolicy AllSigned -File C:\Scripts\maintenance_65.ps1,Benign
terraform plan -out=tfplan,Benign
terraform plan -out=tfplan,Benign
kubectl get services -n production -o wide,Benign
powershell -ExecutionPolicy AllSigned -File C:\Scripts\maintenance_1.ps1,Benign
powershell -ExecutionPolicy AllSigned -File C:\Scripts\maintenance_13.ps1,Benign
git commit -m 'Fixed weight loading issue in engine.py - issue #9509',Benign
git commit -m 'Fixed weight loading issue in engine.py - issue #6510',Benign
cat /var/log/syslog | grep 'systemd' | tail -n 30,Benign
git commit -m 'Fixed weight loading issue in engine.py - issue #7200',Benign
git commit -m 'Fixed weight loading issue in engine.py - issue #8255',Benign
powershell -ExecutionPolicy Restricted -File C:\Scripts\maintenance_88.ps1,Benign
git commit -m 'Fixed weight loading issue in engine.py - issue #5340',Benign
cat /var/log/syslog | grep 'systemd' | tail -n 65,Benign
kubectl get services -n kube-system -o wide,Benign
systemctl status nginx > /dev/null 2>&1 # task_292,Benign
git commit -m 'Fixed weight loading issue in engine.py - issue #2583',Benign
git commit -m 'Fixed weight loading issue in engine.py - issue #7405',Benign
kubectl get configmaps -n monitoring --watch,Benign
kubectl get configmaps -n monitoring -o wide,Benign
cat /var/log/syslog | grep 'systemd' | tail -n 69,Benign
"grep -r ""ERROR"" /var/log/ > /dev/null 2>&1 # task_535",Benign
kubectl get configmaps -n kube-system --watch,Benign
kubectl get nodes -n dev --watch,Benign
cat /var/log/syslog | grep 'systemd' | tail -n 22,Benign
cat /var/log/syslog | grep 'systemd' | tail -n 81,Benign
kubectl get configmaps -n dev --watch,Benign
"Get-EventLog -LogName System | Select-Object Name, Id",Benign
Get-EventLog -LogName System | % { $_.Name },Benign
powershell -ExecutionPolicy AllSigned -File C:\Scripts\maintenance_71.ps1,Benign
cat /var/log/syslog | grep 'systemd' | tail -n 42,Benign
git commit -m 'Fixed weight loading issue in engine.py - issue #7705',Benign
terraform init -upgrade,Benign
systemctl status nginx > /dev/null 2>&1 # task_971,Benign
kubectl get deployments -n staging --watch,Benign
Get-Service | Sort-Object -Descending,Benign
Get-Content | Where-Object {$_.Status -eq 'Running'},Benign
systemctl status nginx > /dev/null 2>&1 # task_305,Benign
terraform apply -auto-approve,Benign
kubectl get services -n monitoring -o wide,Benign
tar -czf /tmp/backup.tar.gz /var/log > /dev/null 2>&1 # task_419,Benign
powershell -ExecutionPolicy Restricted -File C:\Scripts\maintenance_96.ps1,Benign
cat /var/log/syslog | grep 'systemd' | tail -n 84,Benign
"grep -r ""ERROR"" /var/log/ > /dev/null 2>&1 # task_660",Benign
"grep -r ""ERROR"" /var/log/ > /dev/null 2>&1 # task_808",Benign
cat /var/log/syslog | grep 'systemd' | tail -n 78,Benign
kubectl get deployments -n production --watch,Benign
powershell -ExecutionPolicy Restricted -File C:\Scripts\maintenance_21.ps1,Benign
git commit -m 'Fixed weight loading issue in engine.py - issue #8109',Benign
terraform plan -out=tfplan,Benign
terraform apply -auto-approve,Benign
git commit -m 'Fixed weight loading issue in engine.py - issue #1868',Benign
"Get-EventLog -LogName System | Select-Object Name, Id",Benign
terraform init -upgrade,Benign
"Get-EventLog -LogName System | Select-Object Name, Id",Benign
git commit -m 'Fixed weight loading issue in engine.py - issue #8482',Benign
"grep -r ""ERROR"" /var/log/ > /dev/null 2>&1 # task_454",Benign
"Get-ADUser | Select-Object Name, Id",Benign
cat /var/log/syslog | grep 'systemd' | tail -n 65,Benign
git commit -m 'Fixed weight loading issue in engine.py - issue #1090',Benign
git commit -m 'Fixed weight loading issue in engine.py - issue #1105',Benign
kubectl get nodes -n kube-system --watch,Benign
kubectl get nodes -n staging --watch,Benign
cat /var/log/syslog | grep 'systemd' | tail -n 33,Benign
"Get-ADUser | Select-Object Name, Id",Benign
terraform plan -out=tfplan,Benign
kubectl get pods -n production --watch,Benign
tar -czf /tmp/backup.tar.gz /var/log > /dev/null 2>&1 # task_870,Benign
kubectl get services -n staging -o wide,Benign
cat /var/log/syslog | grep 'systemd' | tail -n 55,Benign
Get-Process | Sort-Object -Descending,Benign
kubectl get configmaps -n kube-system -o wide,Benign
git commit -m 'Fixed weight loading issue in engine.py - issue #5129',Benign
kubectl get pods -n dev -o wide,Benign
kubectl get deployments -n dev --watch,Benign
cat /var/log/syslog | grep 'systemd' | tail -n 18,Benign
git commit -m 'Fixed weight loading issue in engine.py - issue #8877',Benign
kubectl get deployments -n monitoring -o wide,Benign
git commit -m 'Fixed weight loading issue in engine.py - issue #3802',Benign
powershell -ExecutionPolicy AllSigned -File C:\Scripts\maintenance_93.ps1,Benign
git commit -m 'Fixed weight loading issue in engine.py - issue #8140',Benign
cat /var/log/syslog | grep 'systemd' | tail -n 91,Benign
kubectl get configmaps -n production --watch,Benign
git commit -m 'Fixed weight loading issue in engine.py - issue #3391',Benign
"grep -r ""ERROR"" /var/log/ > /dev/null 2>&1 # task_387",Benign
terraform init -upgrade,Benign
git commit -m 'Fixed weight loading issue in engine.py - issue #8715',Benign
"grep -r ""ERROR"" /var/log/ > /dev/null 2>&1 # task_452",Benign
powershell -ep Restricted -File C:\Scripts\maintenance_99.ps1,Benign
kubectl get pods -n dev -o wide,Benign
terraform apply -auto-approve,Benign
cat /var/log/syslog | grep 'systemd' | tail -n 38,Benign
kubectl get deployments -n production --watch,Benign
Get-Content | Where-Object {$_.Status -eq 'Running'},Benign
"grep -r ""ERROR"" /var/log/ > /dev/null 2>&1 # task_221",Benign
systemctl status nginx > /dev/null 2>&1 # task_817,Benign
"Get-Service | Select-Object Name, Id",Benign
systemctl status nginx > /dev/null 2>&1 # task_275,Benign
terraform apply -auto-approve,Benign
powershell -ExecutionPolicy AllSigned -File C:\Scripts\maintenance_49.ps1,Benign
Get-EventLog -LogName System | Sort-Object -Descending,Benign
Get-ADUser | Sort-Object -Descending,Benign
powershell -ExecutionPolicy AllSigned -File C:\Scripts\maintenance_62.ps1,Benign
git commit -m 'Fixed weight loading issue in engine.py - issue #9901',Benign
terraform apply -auto-approve,Benign
cat /var/log/syslog | grep 'systemd' | tail -n 86,Benign
powershell -ep Restricted -File C:\Scripts\maintenance_9.ps1,Benign
kubectl get configmaps -n production --watch,Benign
cat /var/log/syslog | grep 'systemd' | tail -n 16,Benign
"grep -r ""ERROR"" /var/log/ > /dev/null 2>&1 # task_211",Benign
systemctl status nginx > /dev/null 2>&1 # task_439,Benign
systemctl status nginx > /dev/null 2>&1 # task_680,Benign
Get-Content | Sort-Object -Descending,Benign
kubectl get configmaps -n monitoring -o wide,Benign
git commit -m 'Fixed weight loading issue in engine.py - issue #2243',Benign
systemctl status nginx > /dev/null 2>&1 # task_657,Benign
cat /var/log/syslog | grep 'systemd' | tail -n 77,Benign
tar -czf /tmp/backup.tar.gz /var/log > /dev/null 2>&1 # task_346,Benign
tar -czf /tmp/backup.tar.gz /var/log > /dev/null 2>&1 # task_682,Benign
"Get-Process | Select-Object Name, Id",Benign
kubectl get configmaps -n kube-system -o wide,Benign
terraform apply -auto-approve,Benign
powershell -ExecutionPolicy Restricted -File C:\Scripts\maintenance_19.ps1,Benign
terraform destroy -auto-approve,Benign
cat /var/log/syslog | grep 'systemd' | tail -n 32,Benign
cat /var/log/syslog | grep 'systemd' | tail -n 52,Benign
powershell -ExecutionPolicy Restricted -File C:\Scripts\maintenance_79.ps1,Benign
Get-Content | Where-Object {$_.Status -eq 'Running'},Benign
powershell -ExecutionPolicy AllSigned -File C:\Scripts\maintenance_18.ps1,Benign
git commit -m 'Fixed weight loading issue in engine.py - issue #5451',Benign
powershell -ExecutionPolicy AllSigned -File C:\Scripts\maintenance_95.ps1,Benign
Get-Process | Where-Object {$_.Status -eq 'Running'},Benign
Get-ADUser | % { $_.Name },Benign
cat /var/log/syslog | grep 'systemd' | tail -n 30,Benign
Get-ADUser | % { $_.Name },Benign
kubectl get configmaps -n monitoring --watch,Benign
Get-EventLog -LogName System | Where-Object {$_.Status -eq 'Running'},Benign
git commit -m 'Fixed weight loading issue in engine.py - issue #6929',Benign
terraform apply -auto-approve,Benign
Get-Service | % { $_.Name },Benign
cat /var/log/syslog | grep 'systemd' | tail -n 66,Benign
powershell -ExecutionPolicy Restricted -File C:\Scripts\maintenance_13.ps1,Benign
powershell -ExecutionPolicy AllSigned -File C:\Scripts\maintenance_73.ps1,Benign
git commit -m 'Fixed weight loading issue in engine.py - issue #8665',Benign
git commit -m 'Fixed weight loading issue in engine.py - issue #4595',Benign
kubectl get pods -n kube-system -o wide,Benign
terraform destroy -auto-approve,Benign
Get-EventLog -LogName System | % { $_.Name },Benign
Get-Process | Sort-Object -Descending,Benign
terraform plan -out=tfplan,Benign
terraform plan -out=tfplan,Benign
powershell -ExecutionPolicy Restricted -File C:\Scripts\maintenance_26.ps1,Benign
Get-EventLog -LogName System | % { $_.Name },Benign
systemctl status nginx > /dev/null 2>&1 # task_737,Benign
git commit -m 'Fixed weight loading issue in engine.py - issue #4169',Benign
terraform plan -out=tfplan,Benign
"grep -r ""ERROR"" /var/log/ > /dev/null 2>&1 # task_742",Benign
cat /var/log/syslog | grep 'systemd' | tail -n 21,Benign
Get-EventLog -LogName System | Sort-Object -Descending,Benign
systemctl status nginx > /dev/null 2>&1 # task_597,Benign
Get-Content | % { $_.Name },Benign
cat /var/log/syslog | grep 'systemd' | tail -n 42,Benign
systemctl status nginx > /dev/null 2>&1 # task_347,Benign
terraform destroy -auto-approve,Benign
terraform plan -out=tfplan,Benign
kubectl get deployments -n dev -o wide,Benign
powershell -ExecutionPolicy AllSigned -File C:\Scripts\maintenance_83.ps1,Benign
powershell -ep Restricted -File C:\Scripts\maintenance_13.ps1,Benign
cat /var/log/syslog | grep 'systemd' | tail -n 46,Benign
kubectl get configmaps -n monitoring -o wide,Benign
kubectl get deployments -n dev -o wide,Benign
terraform init -upgrade,Benign
systemctl status nginx > /dev/null 2>&1 # task_717,Benign
git commit -m 'Fixed weight loading issue in engine.py - issue #9389',Benign
kubectl get pods -n kube-system --watch,Benign
kubectl get services -n staging -o wide,Benign
tar -czf /tmp/backup.tar.gz /var/log > /dev/null 2>&1 # task_326,Benign
Get-EventLog -LogName System | Sort-Object -Descending,Benign
powershell -ExecutionPolicy AllSigned -File C:\Scripts\maintenance_34.ps1,Benign
kubectl get services -n monitoring --watch,Benign
kubectl get nodes -n kube-system --watch,Benign
git commit -m 'Fixed weight loading issue in engine.py - issue #6402',Benign
terraform init -upgrade,Benign
kubectl get configmaps -n production -o wide,Benign
kubectl get configmaps -n dev -o wide,Benign
cat /var/log/syslog | grep 'systemd' | tail -n 53,Benign
kubectl get configmaps -n kube-system -o wide,Benign
Get-Content | Where-Object {$_.Status -eq 'Running'},Benign
tar -czf /tmp/backup.tar.gz /var/log > /dev/null 2>&1 # task_372,Benign
cat /var/log/syslog | grep 'systemd' | tail -n 88,Benign
Get-ADUser | Where-Object {$_.Status -eq 'Running'},Benign
kubectl get services -n production --watch,Benign
powershell -ep Restricted -File C:\Scripts\maintenance_38.ps1,Benign
kubectl get configmaps -n kube-system --watch,Benign
git commit -m 'Fixed weight loading issue in engine.py - issue #7191',Benign
powershell -ExecutionPolicy Restricted -File C:\Scripts\maintenance_17.ps1,Benign
powershell -ep Restricted -File C:\Scripts\maintenance_21.ps1,Benign
git commit -m 'Fixed weight loading issue in engine.py - issue #1182',Benign
kubectl get nodes -n monitoring -o wide,Benign
terraform apply -auto-approve,Benign
powershell -ep Restricted -File C:\Scripts\maintenance_93.ps1,Benign
cat /var/log/syslog | grep 'systemd' | tail -n 37,Benign
powershell -ExecutionPolicy AllSigned -File C:\Scripts\maintenance_24.ps1,Benign
terraform plan -out=tfplan,Benign
"grep -r ""ERROR"" /var/log/ > /dev/null 2>&1 # task_789",Benign
kubectl get deployments -n production --watch,Benign
terraform apply -auto-approve,Benign
powershell -ExecutionPolicy AllSigned -File C:\Scripts\maintenance_3.ps1,Benign
cat /var/log/syslog | grep 'systemd' | tail -n 65,Benign
cat /var/log/syslog | grep 'systemd' | tail -n 23,Benign
powershell -ExecutionPolicy AllSigned -File C:\Scripts\maintenance_74.ps1,Benign
Get-Process | Sort-Object -Descending,Benign
powershell -ExecutionPolicy Restricted -File C:\Scripts\maintenance_95.ps1,Benign
git commit -m 'Fixed weight loading issue in engine.py - issue #1154',Benign
kubectl get deployments -n staging -o wide,Benign
powershell -ExecutionPolicy Restricted -File C:\Scripts\maintenance_51.ps1,Benign
git commit -m 'Fixed weight loading issue in engine.py - issue #8308',Benign
cat /var/log/syslog | grep 'systemd' | tail -n 13,Benign
git commit -m 'Fixed weight loading issue in engine.py - issue #3798',Benign
git commit -m 'Fixed weight loading issue in engine.py - issue #5995',Benign
terraform init -upgrade,Benign
Get-Service | Where-Object {$_.Status -eq 'Running'},Benign
git commit -m 'Fixed weight loading issue in engine.py - issue #6171',Benign
"grep -r ""ERROR"" /var/log/ > /dev/null 2>&1 # task_585",Benign
kubectl get deployments -n staging --watch,Benign
Get-Process | Where-Object {$_.Status -eq 'Running'},Benign
kubectl get pods -n dev -o wide,Benign
powershell -ep Restricted -File C:\Scripts\maintenance_99.ps1,Benign
git commit -m 'Fixed weight loading issue in engine.py - issue #2009',Benign
cat /var/log/syslog | grep 'systemd' | tail -n 65,Benign
powershell -ExecutionPolicy Restricted -File C:\Scripts\maintenance_79.ps1,Benign
Get-Content | Sort-Object -Descending,Benign
powershell -ep Restricted -File C:\Scripts\maintenance_40.ps1,Benign
cat /var/log/syslog | grep 'systemd' | tail -n 26,Benign
terraform init -upgrade,Benign
systemctl status nginx > /dev/null 2>&1 # task_489,Benign
tar -czf /tmp/backup.tar.gz /var/log > /dev/null 2>&1 # task_480,Benign
terraform init -upgrade,Benign
git commit -m 'Fixed weight loading issue in engine.py - issue #4823',Benign
git commit -m 'Fixed weight loading issue in engine.py - issue #6795',Benign
Get-Content | Sort-Object -Descending,Benign
kubectl get configmaps -n staging --watch,Benign
kubectl get configmaps -n kube-system --watch,Benign
Get-EventLog -LogName System | Where-Object {$_.Status -eq 'Running'},Benign
tar -czf /tmp/backup.tar.gz /var/log > /dev/null 2>&1 # task_512,Benign
Get-Content | Sort-Object -Descending,Benign
git commit -m 'Fixed weight loading issue in engine.py - issue #5150',Benign
"grep -r ""ERROR"" /var/log/ > /dev/null 2>&1 # task_378",Benign
powershell -ExecutionPolicy Restricted -File C:\Scripts\maintenance_21.ps1,Benign
"Get-ADUser | Select-Object Name, Id",Benign
kubectl get services -n production -o wide,Benign
git commit -m 'Fixed weight loading issue in engine.py - issue #7641',Benign
powershell -ExecutionPolicy Restricted -File C:\Scripts\maintenance_21.ps1,Benign
git commit -m 'Fixed weight loading issue in engine.py - issue #9390',Benign
powershell -ExecutionPolicy Restricted -File C:\Scripts\maintenance_93.ps1,Benign
cat /var/log/syslog | grep 'systemd' | tail -n 74,Benign
powershell -ep Restricted -File C:\Scripts\maintenance_56.ps1,Benign
cat /var/log/syslog | grep 'systemd' | tail -n 70,Benign
cat /var/log/syslog | grep 'systemd' | tail -n 95,Benign
powershell -ExecutionPolicy AllSigned -File C:\Scripts\maintenance_86.ps1,Benign
git commit -m 'Fixed weight loading issue in engine.py - issue #4606',Benign
git commit -m 'Fixed weight loading issue in engine.py - issue #5943',Benign
powershell -ExecutionPolicy Restricted -File C:\Scripts\maintenance_82.ps1,Benign
systemctl status nginx > /dev/null 2>&1 # task_318,Benign
cat /var/log/syslog | grep 'systemd' | tail -n 24,Benign
terraform destroy -auto-approve,Benign
kubectl get pods -n production --watch,Benign
git commit -m 'Fixed weight loading issue in engine.py - issue #3268',Benign
"Get-Service | Select-Object Name, Id",Benign
Get-EventLog -LogName System | % { $_.Name },Benign
powershell -ep Restricted -File C:\Scripts\maintenance_89.ps1,Benign
"Get-ADUser | Select-Object Name, Id",Benign
"grep -r ""ERROR"" /var/log/ > /dev/null 2>&1 # task_332",Benign
kubectl get pods -n kube-system --watch,Benign
terraform apply -auto-approve,Benign
kubectl get pods -n dev --watch,Benign
git commit -m 'Fixed weight loading issue in engine.py - issue #8582',Benign
git commit -m 'Fixed weight loading issue in engine.py - issue #8703',Benign
powershell -ExecutionPolicy Restricted -File C:\Scripts\maintenance_65.ps1,Benign
cat /var/log/syslog | grep 'systemd' | tail -n 93,Benign
git commit -m 'Fixed weight loading issue in engine.py - issue #6261',Benign
git commit -m 'Fixed weight loading issue in engine.py - issue #1114',Benign
powershell -ExecutionPolicy AllSigned -File C:\Scripts\maintenance_50.ps1,Benign
powershell -ExecutionPolicy AllSigned -File C:\Scripts\maintenance_72.ps1,Benign
git commit -m 'Fixed weight loading issue in engine.py - issue #3441',Benign
tar -czf /tmp/backup.tar.gz /var/log > /dev/null 2>&1 # task_136,Benign
powershell -ep Restricted -File C:\Scripts\maintenance_85.ps1,Benign
Get-Service | Sort-Object -Descending,Benign
cat /var/log/syslog | grep 'systemd' | tail -n 100,Benign
kubectl get nodes -n kube-system -o wide,Benign
powershell -ExecutionPolicy Restricted -File C:\Scripts\maintenance_72.ps1,Benign
git commit -m 'Fixed weight loading issue in engine.py - issue #9055',Benign
"grep -r ""ERROR"" /var/log/ > /dev/null 2>&1 # task_755",Benign
kubectl get nodes -n kube-system -o wide,Benign
terraform destroy -auto-approve,Benign
kubectl get pods -n production --watch,Benign
terraform plan -out=tfplan,Benign
kubectl get pods -n kube-system -o wide,Benign
powershell -ExecutionPolicy Restricted -File C:\Scripts\maintenance_58.ps1,Benign
kubectl get configmaps -n monitoring -o wide,Benign
terraform init -upgrade,Benign
terraform plan -out=tfplan,Benign
kubectl get services -n staging -o wide,Benign
"Get-EventLog -LogName System | Select-Object Name, Id",Benign
cat /var/log/syslog | grep 'systemd' | tail -n 62,Benign
"Get-Content | Select-Object Name, Id",Benign
kubectl get pods -n monitoring -o wide,Benign
git commit -m 'Fixed weight loading issue in engine.py - issue #4024',Benign
git commit -m 'Fixed weight loading issue in engine.py - issue #2149',Benign
"grep -r ""ERROR"" /var/log/ > /dev/null 2>&1 # task_259",Benign
cat /var/log/syslog | grep 'systemd' | tail -n 11,Benign
"grep -r ""ERROR"" /var/log/ > /dev/null 2>&1 # task_653",Benign
cat /var/log/syslog | grep 'systemd' | tail -n 88,Benign
"grep -r ""ERROR"" /var/log/ > /dev/null 2>&1 # task_138",Benign
powershell -ExecutionPolicy Restricted -File C:\Scripts\maintenance_46.ps1,Benign
git commit -m 'Fixed weight loading issue in engine.py - issue #8231',Benign
systemctl status nginx > /dev/null 2>&1 # task_454,Benign
kubectl get pods -n monitoring -o wide,Benign
Get-EventLog -LogName System | % { $_.Name },Benign
terraform init -upgrade,Benign
git commit -m 'Fixed weight loading issue in engine.py - issue #3608',Benign
powershell -ExecutionPolicy Restricted -File C:\Scripts\maintenance_97.ps1,Benign
tar -czf /tmp/backup.tar.gz /var/log > /dev/null 2>&1 # task_232,Benign
powershell -ExecutionPolicy Restricted -File C:\Scripts\maintenance_72.ps1,Benign
powershell -ep Restricted -File C:\Scripts\maintenance_41.ps1,Benign
git commit -m 'Fixed weight loading issue in engine.py - issue #7913',Benign
systemctl status nginx > /dev/null 2>&1 # task_286,Benign
cat /var/log/syslog | grep 'systemd' | tail -n 42,Benign
"grep -r ""ERROR"" /var/log/ > /dev/null 2>&1 # task_871",Benign
cat /var/log/syslog | grep 'systemd' | tail -n 42,Benign
kubectl get deployments -n monitoring -o wide,Benign
git commit -m 'Fixed weight loading issue in engine.py - issue #6722',Benign
powershell -ExecutionPolicy Restricted -File C:\Scripts\maintenance_20.ps1,Benign
"grep -r ""ERROR"" /var/log/ > /dev/null 2>&1 # task_730",Benign
powershell -ExecutionPolicy AllSigned -File C:\Scripts\maintenance_78.ps1,Benign
git commit -m 'Fixed weight loading issue in engine.py - issue #8866',Benign
"grep -r ""ERROR"" /var/log/ > /dev/null 2>&1 # task_542",Benign
kubectl get configmaps -n kube-system -o wide,Benign
cat /var/log/syslog | grep 'systemd' | tail -n 15,Benign
Get-Service | Where-Object {$_.Status -eq 'Running'},Benign
systemctl status nginx > /dev/null 2>&1 # task_738,Benign
terraform destroy -auto-approve,Benign
git commit -m 'Fixed weight loading issue in engine.py - issue #2508',Benign
kubectl get nodes -n kube-system -o wide,Benign
Get-Content | Sort-Object -Descending,Benign
terraform destroy -auto-approve,Benign
"grep -r ""ERROR"" /var/log/ > /dev/null 2>&1 # task_975",Benign
terraform destroy -auto-approve,Benign
powershell -ExecutionPolicy AllSigned -File C:\Scripts\maintenance_57.ps1,Benign
Get-ADUser | Sort-Object -Descending,Benign
terraform plan -out=tfplan,Benign
kubectl get services -n kube-system -o wide,Benign
powershell -ExecutionPolicy AllSigned -File C:\Scripts\maintenance_24.ps1,Benign
powershell -ExecutionPolicy AllSigned -File C:\Scripts\maintenance_62.ps1,Benign
kubectl get configmaps -n staging -o wide,Benign
cat /var/log/syslog | grep 'systemd' | tail -n 91,Benign
"grep -r ""ERROR"" /var/log/ > /dev/null 2>&1 # task_533",Benign
kubectl get services -n monitoring --watch,Benign
Get-Service | % { $_.Name },Benign
cat /var/log/syslog | grep 'systemd' | tail -n 59,Benign
powershell -ep Restricted -File C:\Scripts\maintenance_66.ps1,Benign
kubectl get deployments -n monitoring -o wide,Benign
systemctl status nginx > /dev/null 2>&1 # task_759,Benign
terraform destroy -auto-approve,Benign
"grep -r ""ERROR"" /var/log/ > /dev/null 2>&1 # task_548",Benign
cat /var/log/syslog | grep 'systemd' | tail -n 78,Benign
powershell -ExecutionPolicy AllSigned -File C:\Scripts\maintenance_39.ps1,Benign
Get-Process | % { $_.Name },Benign
tar -czf /tmp/backup.tar.gz /var/log > /dev/null 2>&1 # task_962,Benign
kubectl get nodes -n kube-system -o wide,Benign
cat /var/log/syslog | grep 'systemd' | tail -n 56,Benign
"grep -r ""ERROR"" /var/log/ > /dev/null 2>&1 # task_154",Benign
kubectl get configmaps -n kube-system -o wide,Benign
kubectl get services -n staging --watch,Benign
"grep -r ""ERROR"" /var/log/ > /dev/null 2>&1 # task_967",Benign
tar -czf /tmp/backup.tar.gz /var/log > /dev/null 2>&1 # task_509,Benign
Get-Process | Sort-Object -Descending,Benign
git commit -m 'Fixed weight loading issue in engine.py - issue #4816',Benign
git commit -m 'Fixed weight loading issue in engine.py - issue #1583',Benign
git commit -m 'Fixed weight loading issue in engine.py - issue #1067',Benign
"grep -r ""ERROR"" /var/log/ > /dev/null 2>&1 # task_492",Benign
cat /var/log/syslog | grep 'systemd' | tail -n 33,Benign
powershell -ExecutionPolicy AllSigned -File C:\Scripts\maintenance_79.ps1,Benign
kubectl get services -n staging --watch,Benign
git commit -m 'Fixed weight loading issue in engine.py - issue #5705',Benign
Get-Content | Where-Object {$_.Status -eq 'Running'},Benign
git commit -m 'Fixed weight loading issue in engine.py - issue #1299',Benign
terraform plan -out=tfplan,Benign
kubectl get deployments -n monitoring --watch,Benign
powershell -ExecutionPolicy AllSigned -File C:\Scripts\maintenance_71.ps1,Benign
git commit -m 'Fixed weight loading issue in engine.py - issue #1517',Benign
"grep -r ""ERROR"" /var/log/ > /dev/null 2>&1 # task_614",Benign
kubectl get services -n kube-system --watch,Benign
powershell -ep Restricted -File C:\Scripts\maintenance_79.ps1,Benign
kubectl get configmaps -n kube-system --watch,Benign
git commit -m 'Fixed weight loading issue in engine.py - issue #9225',Benign
terraform plan -out=tfplan,Benign
Get-Service | Sort-Object -Descending,Benign
git commit -m 'Fixed weight loading issue in engine.py - issue #3128',Benign
systemctl status nginx > /dev/null 2>&1 # task_166,Benign
powershell -ExecutionPolicy Restricted -File C:\Scripts\maintenance_1.ps1,Benign
cat /var/log/syslog | grep 'systemd' | tail -n 15,Benign
kubectl get services -n production -o wide,Benign
git commit -m 'Fixed weight loading issue in engine.py - issue #7918',Benign
git commit -m 'Fixed weight loading issue in engine.py - issue #7336',Benign
kubectl get pods -n dev --watch,Benign
powershell -ExecutionPolicy Restricted -File C:\Scripts\maintenance_23.ps1,Benign
powershell -ep Restricted -File C:\Scripts\maintenance_20.ps1,Benign
cat /var/log/syslog | grep 'systemd' | tail -n 24,Benign
cat /var/log/syslog | grep 'systemd' | tail -n 62,Benign
kubectl get nodes -n monitoring -o wide,Benign
powershell -ep Restricted -File C:\Scripts\maintenance_100.ps1,Benign
git commit -m 'Fixed weight loading issue in engine.py - issue #6894',Benign
kubectl get pods -n monitoring --watch,Benign
powershell -ep Restricted -File C:\Scripts\maintenance_82.ps1,Benign
systemctl status nginx > /dev/null 2>&1 # task_799,Benign
powershell -ExecutionPolicy AllSigned -File C:\Scripts\maintenance_67.ps1,Benign
terraform plan -out=tfplan,Benign
Get-Service | Sort-Object -Descending,Benign
tar -czf /tmp/backup.tar.gz /var/log > /dev/null 2>&1 # task_118,Benign
Get-Service | % { $_.Name },Benign
cat /var/log/syslog | grep 'systemd' | tail -n 70,Benign
cat /var/log/syslog | grep 'systemd' | tail -n 64,Benign
powershell -ExecutionPolicy AllSigned -File C:\Scripts\maintenance_25.ps1,Benign
kubectl get nodes -n monitoring -o wide,Benign
Get-EventLog -LogName System | % { $_.Name },Benign
terraform destroy -auto-approve,Benign
cat /var/log/syslog | grep 'systemd' | tail -n 59,Benign
terraform init -upgrade,Benign
git commit -m 'Fixed weight loading issue in engine.py - issue #5858',Benign
cat /var/log/syslog | grep 'systemd' | tail -n 23,Benign
kubectl get pods -n production --watch,Benign
git commit -m 'Fixed weight loading issue in engine.py - issue #9914',Benign
kubectl get configmaps -n staging -o wide,Benign
systemctl status nginx > /dev/null 2>&1 # task_572,Benign
Get-ADUser | Where-Object {$_.Status -eq 'Running'},Benign
kubectl get nodes -n monitoring -o wide,Benign
git commit -m 'Fixed weight loading issue in engine.py - issue #4807',Benign
Get-Content | Sort-Object -Descending,Benign
powershell -ExecutionPolicy Restricted -File C:\Scripts\maintenance_48.ps1,Benign
Get-Content | Sort-Object -Descending,Benign
cat /var/log/syslog | grep 'systemd' | tail -n 88,Benign
cat /var/log/syslog | grep 'systemd' | tail -n 38,Benign
git commit -m 'Fixed weight loading issue in engine.py - issue #1069',Benign
kubectl get configmaps -n dev -o wide,Benign
kubectl get pods -n monitoring --watch,Benign
cat /var/log/syslog | grep 'systemd' | tail -n 61,Benign
git commit -m 'Fixed weight loading issue in engine.py - issue #2975',Benign
powershell -ExecutionPolicy Restricted -File C:\Scripts\maintenance_99.ps1,Benign
powershell -ExecutionPolicy AllSigned -File C:\Scripts\maintenance_64.ps1,Benign
"Get-Content | Select-Object Name, Id",Benign
git commit -m 'Fixed weight loading issue in engine.py - issue #3619',Benign
Get-ADUser | Where-Object {$_.Status -eq 'Running'},Benign
kubectl get nodes -n production --watch,Benign
powershell -ExecutionPolicy AllSigned -File C:\Scripts\maintenance_73.ps1,Benign
Get-EventLog -LogName System | Where-Object {$_.Status -eq 'Running'},Benign
terraform plan -out=tfplan,Benign
systemctl status nginx > /dev/null 2>&1 # task_876,Benign
kubectl get deployments -n dev -o wide,Benign
git commit -m 'Fixed weight loading issue in engine.py - issue #2151',Benign
"Get-ADUser | Select-Object Name, Id",Benign
git commit -m 'Fixed weight loading issue in engine.py - issue #7857',Benign
cat /var/log/syslog | grep 'systemd' | tail -n 95,Benign
powershell -ExecutionPolicy AllSigned -File C:\Scripts\maintenance_7.ps1,Benign
terraform plan -out=tfplan,Benign
cat /var/log/syslog | grep 'systemd' | tail -n 79,Benign
Get-EventLog -LogName System | Sort-Object -Descending,Benign
powershell -ExecutionPolicy Restricted -File C:\Scripts\maintenance_91.ps1,Benign
kubectl get services -n staging --watch,Benign
kubectl get deployments -n dev -o wide,Benign
cat /var/log/syslog | grep 'systemd' | tail -n 13,Benign
Get-Service | Where-Object {$_.Status -eq 'Running'},Benign
cat /var/log/syslog | grep 'systemd' | tail -n 54,Benign
systemctl status nginx > /dev/null 2>&1 # task_489,Benign
tar -czf /tmp/backup.tar.gz /var/log > /dev/null 2>&1 # task_747,Benign
cat /var/log/syslog | grep 'systemd' | tail -n 12,Benign
terraform destroy -auto-approve,Benign
cat /var/log/syslog | grep 'systemd' | tail -n 16,Benign
git commit -m 'Fixed weight loading issue in engine.py - issue #6228',Benign
tar -czf /tmp/backup.tar.gz /var/log > /dev/null 2>&1 # task_719,Benign
cat /var/log/syslog | grep 'systemd' | tail -n 35,Benign
terraform apply -auto-approve,Benign
terraform init -upgrade,Benign
Get-Content | Sort-Object -Descending,Benign
"grep -r ""ERROR"" /var/log/ > /dev/null 2>&1 # task_895",Benign
powershell -ExecutionPolicy Restricted -File C:\Scripts\maintenance_23.ps1,Benign
terraform apply -auto-approve,Benign
kubectl get nodes -n monitoring -o wide,Benign
terraform apply -auto-approve,Benign
cat /var/log/syslog | grep 'systemd' | tail -n 85,Benign
"grep -r ""ERROR"" /var/log/ > /dev/null 2>&1 # task_526",Benign
kubectl get nodes -n kube-system -o wide,Benign
kubectl get configmaps -n monitoring --watch,Benign
Get-Process | % { $_.Name },Benign
powershell -ExecutionPolicy AllSigned -File C:\Scripts\maintenance_85.ps1,Benign
cat /var/log/syslog | grep 'systemd' | tail -n 90,Benign
systemctl status nginx > /dev/null 2>&1 # task_241,Benign
powershell -ep Restricted -File C:\Scripts\maintenance_71.ps1,Benign
cat /var/log/syslog | grep 'systemd' | tail -n 71,Benign
git commit -m 'Fixed weight loading issue in engine.py - issue #9700',Benign
cat /var/log/syslog | grep 'systemd' | tail -n 96,Benign
"grep -r ""ERROR"" /var/log/ > /dev/null 2>&1 # task_352",Benign
cat /var/log/syslog | grep 'systemd' | tail -n 23,Benign
systemctl status nginx > /dev/null 2>&1 # task_527,Benign
terraform apply -auto-approve,Benign
Get-Service | Sort-Object -Descending,Benign
Get-Content | Where-Object {$_.Status -eq 'Running'},Benign
systemctl status nginx > /dev/null 2>&1 # task_257,Benign
kubectl get configmaps -n kube-system -o wide,Benign
terraform destroy -auto-approve,Benign
kubectl get deployments -n dev -o wide,Benign
cat /var/log/syslog | grep 'systemd' | tail -n 13,Benign
terraform init -upgrade,Benign
cat /var/log/syslog | grep 'systemd' | tail -n 31,Benign
Get-Service | Where-Object {$_.Status -eq 'Running'},Benign
terraform plan -out=tfplan,Benign
terraform plan -out=tfplan,Benign
powershell -ep Restricted -File C:\Scripts\maintenance_89.ps1,Benign
powershell -ExecutionPolicy Restricted -File C:\Scripts\maintenance_13.ps1,Benign
tar -czf /tmp/backup.tar.gz /var/log > /dev/null 2>&1 # task_345,Benign
kubectl get nodes -n staging -o wide,Benign
git commit -m 'Fixed weight loading issue in engine.py - issue #8321',Benign
kubectl get pods -n dev --watch,Benign
powershell -ep Restricted -File C:\Scripts\maintenance_25.ps1,Benign
git commit -m 'Fixed weight loading issue in engine.py - issue #7656',Benign
git commit -m 'Fixed weight loading issue in engine.py - issue #6905',Benign
Get-ADUser | Where-Object {$_.Status -eq 'Running'},Benign
git commit -m 'Fixed weight loading issue in engine.py - issue #5629',Benign
"Get-Process | Select-Object Name, Id",Benign
kubectl get configmaps -n monitoring --watch,Benign
git commit -m 'Fixed weight loading issue in engine.py - issue #2497',Benign
terraform destroy -auto-approve,Benign
powershell -ExecutionPolicy AllSigned -File C:\Scripts\maintenance_100.ps1,Benign
Get-Content | % { $_.Name },Benign
systemctl status nginx > /dev/null 2>&1 # task_792,Benign
"grep -r ""ERROR"" /var/log/ > /dev/null 2>&1 # task_619",Benign
git commit -m 'Fixed weight loading issue in engine.py - issue #5252',Benign
cat /var/log/syslog | grep 'systemd' | tail -n 79,Benign
powershell -ExecutionPolicy AllSigned -File C:\Scripts\maintenance_36.ps1,Benign
Get-ADUser | Where-Object {$_.Status -eq 'Running'},Benign
"grep -r ""ERROR"" /var/log/ > /dev/null 2>&1 # task_646",Benign
cat /var/log/syslog | grep 'systemd' | tail -n 67,Benign
tar -czf /tmp/backup.tar.gz /var/log > /dev/null 2>&1 # task_593,Benign
git commit -m 'Fixed weight loading issue in engine.py - issue #2440',Benign
tar -czf /tmp/backup.tar.gz /var/log > /dev/null 2>&1 # task_769,Benign
powershell -ExecutionPolicy Restricted -File C:\Scripts\maintenance_22.ps1,Benign
git commit -m 'Fixed weight loading issue in engine.py - issue #3366',Benign
systemctl status nginx > /dev/null 2>&1 # task_869,Benign
cat /var/log/syslog | grep 'systemd' | tail -n 11,Benign
"Get-Process | Select-Object Name, Id",Benign
tar -czf /tmp/backup.tar.gz /var/log > /dev/null 2>&1 # task_242,Benign
git commit -m 'Fixed weight loading issue in engine.py - issue #1128',Benign
cat /var/log/syslog | grep 'systemd' | tail -n 77,Benign
git commit -m 'Fixed weight loading issue in engine.py - issue #7891',Benign
systemctl status nginx > /dev/null 2>&1 # task_410,Benign
powershell -ExecutionPolicy AllSigned -File C:\Scripts\maintenance_99.ps1,Benign
powershell -ep Restricted -File C:\Scripts\maintenance_41.ps1,Benign
systemctl status nginx > /dev/null 2>&1 # task_717,Benign
powershell -ExecutionPolicy AllSigned -File C:\Scripts\maintenance_57.ps1,Benign
kubectl get services -n production -o wide,Benign
kubectl get nodes -n staging --watch,Benign
git commit -m 'Fixed weight loading issue in engine.py - issue #8404',Benign
cat /var/log/syslog | grep 'systemd' | tail -n 82,Benign
cat /var/log/syslog | grep 'systemd' | tail -n 64,Benign
Get-EventLog -LogName System | Sort-Object -Descending,Benign
git commit -m 'Fixed weight loading issue in engine.py - issue #2689',Benign
powershell -ExecutionPolicy AllSigned -File C:\Scripts\maintenance_19.ps1,Benign
cat /var/log/syslog | grep 'systemd' | tail -n 41,Benign
terraform init -upgrade,Benign
git commit -m 'Fixed weight loading issue in engine.py - issue #6464',Benign
"grep -r ""ERROR"" /var/log/ > /dev/null 2>&1 # task_344",Benign
terraform apply -auto-approve,Benign
kubectl get pods -n dev -o wide,Benign
"Get-EventLog -LogName System | Select-Object Name, Id",Benign
git commit -m 'Fixed weight loading issue in engine.py - issue #7466',Benign
kubectl get nodes -n kube-system -o wide,Benign
tar -czf /tmp/backup.tar.gz /var/log > /dev/null 2>&1 # task_148,Benign
kubectl get deployments -n kube-system --watch,Benign
cat /var/log/syslog | grep 'systemd' | tail -n 95,Benign
kubectl get services -n dev -o wide,Benign
git commit -m 'Fixed weight loading issue in engine.py - issue #2486',Benign
git commit -m 'Fixed weight loading issue in engine.py - issue #2472',Benign
terraform apply -auto-approve,Benign
powershell -ExecutionPolicy Restricted -File C:\Scripts\maintenance_21.ps1,Benign
cat /var/log/syslog | grep 'systemd' | tail -n 23,Benign
git commit -m 'Fixed weight loading issue in engine.py - issue #7125',Benign
git commit -m 'Fixed weight loading issue in engine.py - issue #9535',Benign
Get-Service | % { $_.Name },Benign
cat /var/log/syslog | grep 'systemd' | tail -n 54,Benign
kubectl get deployments -n staging --watch,Benign
git commit -m 'Fixed weight loading issue in engine.py - issue #1521',Benign
cat /var/log/syslog | grep 'systemd' | tail -n 90,Benign
Get-ADUser | Where-Object {$_.Status -eq 'Running'},Benign
"Get-Process | Select-Object Name, Id",Benign
powershell -ExecutionPolicy AllSigned -File C:\Scripts\maintenance_94.ps1,Benign
kubectl get pods -n staging -o wide,Benign
systemctl status nginx > /dev/null 2>&1 # task_845,Benign
Get-EventLog -LogName System | Where-Object {$_.Status -eq 'Running'},Benign
tar -czf /tmp/backup.tar.gz /var/log > /dev/null 2>&1 # task_340,Benign
cat /var/log/syslog | grep 'systemd' | tail -n 14,Benign
git commit -m 'Fixed weight loading issue in engine.py - issue #9277',Benign
Get-ADUser | Where-Object {$_.Status -eq 'Running'},Benign
powershell -ep Restricted -File C:\Scripts\maintenance_58.ps1,Benign
kubectl get configmaps -n monitoring -o wide,Benign
git commit -m 'Fixed weight loading issue in engine.py - issue #9199',Benign
cat /var/log/syslog | grep 'systemd' | tail -n 88,Benign
git commit -m 'Fixed weight loading issue in engine.py - issue #1218',Benign
git commit -m 'Fixed weight loading issue in engine.py - issue #5350',Benign
"grep -r ""ERROR"" /var/log/ > /dev/null 2>&1 # task_726",Benign
terraform init -upgrade,Benign
"Get-Service | Select-Object Name, Id",Benign
git commit -m 'Fixed weight loading issue in engine.py - issue #8778',Benign
cat /var/log/syslog | grep 'systemd' | tail -n 88,Benign
Get-EventLog -LogName System | % { $_.Name },Benign
kubectl get deployments -n kube-system --watch,Benign
cat /var/log/syslog | grep 'systemd' | tail -n 41,Benign
terraform apply -auto-approve,Benign
systemctl status nginx > /dev/null 2>&1 # task_852,Benign
Get-ADUser | Where-Object {$_.Status -eq 'Running'},Benign
git commit -m 'Fixed weight loading issue in engine.py - issue #4857',Benign
cat /var/log/syslog | grep 'systemd' | tail -n 18,Benign
cat /var/log/syslog | grep 'systemd' | tail -n 20,Benign
kubectl get configmaps -n monitoring -o wide,Benign
kubectl get services -n monitoring -o wide,Benign
terraform destroy -auto-approve,Benign
Get-EventLog -LogName System | Sort-Object -Descending,Benign
Get-Service | % { $_.Name },Benign
systemctl status nginx > /dev/null 2>&1 # task_211,Benign
powershell -ep Restricted -File C:\Scripts\maintenance_82.ps1,Benign
powershell -ExecutionPolicy AllSigned -File C:\Scripts\maintenance_87.ps1,Benign
tar -czf /tmp/backup.tar.gz /var/log > /dev/null 2>&1 # task_124,Benign
tar -czf /tmp/backup.tar.gz /var/log > /dev/null 2>&1 # task_136,Benign
cat /var/log/syslog | grep 'systemd' | tail -n 88,Benign
git commit -m 'Fixed weight loading issue in engine.py - issue #7730',Benign
systemctl status nginx > /dev/null 2>&1 # task_175,Benign
powershell -ExecutionPolicy AllSigned -File C:\Scripts\maintenance_15.ps1,Benign
powershell -ExecutionPolicy Restricted -File C:\Scripts\maintenance_45.ps1,Benign
systemctl status nginx > /dev/null 2>&1 # task_279,Benign
cat /var/log/syslog | grep 'systemd' | tail -n 75,Benign
cat /var/log/syslog | grep 'systemd' | tail -n 80,Benign
"Get-Content | Select-Object Name, Id",Benign
Get-Process | Sort-Object -Descending,Benign
kubectl get pods -n dev -o wide,Benign
terraform apply -auto-approve,Benign
Get-Service | Sort-Object -Descending,Benign
powershell -ExecutionPolicy AllSigned -File C:\Scripts\maintenance_92.ps1,Benign
git commit -m 'Fixed weight loading issue in engine.py - issue #5196',Benign
git commit -m 'Fixed weight loading issue in engine.py - issue #7227',Benign
Get-Process | Sort-Object -Descending,Benign
tar -czf /tmp/backup.tar.gz /var/log > /dev/null 2>&1 # task_525,Benign
"grep -r ""ERROR"" /var/log/ > /dev/null 2>&1 # task_826",Benign
powershell -ExecutionPolicy AllSigned -File C:\Scripts\maintenance_45.ps1,Benign
terraform init -upgrade,Benign
kubectl get services -n kube-system --watch,Benign
cat /var/log/syslog | grep 'systemd' | tail -n 60,Benign
kubectl get configmaps -n monitoring --watch,Benign
cat /var/log/syslog | grep 'systemd' | tail -n 63,Benign
git commit -m 'Fixed weight loading issue in engine.py - issue #8240',Benign
tar -czf /tmp/backup.tar.gz /var/log > /dev/null 2>&1 # task_483,Benign
terraform apply -auto-approve,Benign
powershell -ExecutionPolicy Restricted -File C:\Scripts\maintenance_42.ps1,Benign
terraform apply -auto-approve,Benign
git commit -m 'Fixed weight loading issue in engine.py - issue #3915',Benign
terraform destroy -auto-approve,Benign
powershell -ExecutionPolicy Restricted -File C:\Scripts\maintenance_37.ps1,Benign
git commit -m 'Fixed weight loading issue in engine.py - issue #3069',Benign
cat /var/log/syslog | grep 'systemd' | tail -n 99,Benign
powershell -ExecutionPolicy Restricted -File C:\Scripts\maintenance_8.ps1,Benign
systemctl status nginx > /dev/null 2>&1 # task_881,Benign
powershell -ExecutionPolicy AllSigned -File C:\Scripts\maintenance_99.ps1,Benign
powershell -ExecutionPolicy AllSigned -File C:\Scripts\maintenance_93.ps1,Benign
terraform init -upgrade,Benign
powershell -ExecutionPolicy Restricted -File C:\Scripts\maintenance_43.ps1,Benign
"grep -r ""ERROR"" /var/log/ > /dev/null 2>&1 # task_550",Benign
kubectl get services -n kube-system --watch,Benign
cat /var/log/syslog | grep 'systemd' | tail -n 59,Benign
cat /var/log/syslog | grep 'systemd' | tail -n 18,Benign
cat /var/log/syslog | grep 'systemd' | tail -n 41,Benign
cat /var/log/syslog | grep 'systemd' | tail -n 77,Benign
cat /var/log/syslog | grep 'systemd' | tail -n 83,Benign
git commit -m 'Fixed weight loading issue in engine.py - issue #4932',Benign
git commit -m 'Fixed weight loading issue in engine.py - issue #4440',Benign
git commit -m 'Fixed weight loading issue in engine.py - issue #9578',Benign
Get-Service | Where-Object {$_.Status -eq 'Running'},Benign
cat /var/log/syslog | grep 'systemd' | tail -n 41,Benign
cat /var/log/syslog | grep 'systemd' | tail -n 44,Benign
cat /var/log/syslog | grep 'systemd' | tail -n 14,Benign
powershell -ExecutionPolicy Restricted -File C:\Scripts\maintenance_2.ps1,Benign
cat /var/log/syslog | grep 'systemd' | tail -n 88,Benign
kubectl get services -n dev -o wide,Benign
terraform apply -auto-approve,Benign
"grep -r ""ERROR"" /var/log/ > /dev/null 2>&1 # task_742",Benign
terraform destroy -auto-approve,Benign
kubectl get pods -n staging -o wide,Benign
"grep -r ""ERROR"" /var/log/ > /dev/null 2>&1 # task_626",Benign
systemctl status nginx > /dev/null 2>&1 # task_979,Benign
powershell -ep Restricted -File C:\Scripts\maintenance_81.ps1,Benign
cat /var/log/syslog | grep 'systemd' | tail -n 42,Benign
Get-Content | Where-Object {$_.Status -eq 'Running'},Benign
terraform destroy -auto-approve,Benign
cat /var/log/syslog | grep 'systemd' | tail -n 51,Benign
systemctl status nginx > /dev/null 2>&1 # task_894,Benign
terraform destroy -auto-approve,Benign
powershell -ep Restricted -File C:\Scripts\maintenance_54.ps1,Benign
terraform apply -auto-approve,Benign
"grep -r ""ERROR"" /var/log/ > /dev/null 2>&1 # task_270",Benign
Get-Service | Sort-Object -Descending,Benign
tar -czf /tmp/backup.tar.gz /var/log > /dev/null 2>&1 # task_361,Benign
Get-EventLog -LogName System | Where-Object {$_.Status -eq 'Running'},Benign
cat /var/log/syslog | grep 'systemd' | tail -n 89,Benign
git commit -m 'Fixed weight loading issue in engine.py - issue #2539',Benign
"Get-Process | Select-Object Name, Id",Benign
terraform destroy -auto-approve,Benign
git commit -m 'Fixed weight loading issue in engine.py - issue #6026',Benign
powershell -ep Restricted -File C:\Scripts\maintenance_98.ps1,Benign
Get-Service | Sort-Object -Descending,Benign
git commit -m 'Fixed weight loading issue in engine.py - issue #5710',Benign
powershell -ep Restricted -File C:\Scripts\maintenance_87.ps1,Benign
cat /var/log/syslog | grep 'systemd' | tail -n 22,Benign
terraform destroy -auto-approve,Benign
git commit -m 'Fixed weight loading issue in engine.py - issue #9544',Benign
kubectl get deployments -n staging -o wide,Benign
powershell -ExecutionPolicy AllSigned -File C:\Scripts\maintenance_46.ps1,Benign
"grep -r ""ERROR"" /var/log/ > /dev/null 2>&1 # task_323",Benign
Get-EventLog -LogName System | Sort-Object -Descending,Benign
Get-Process | % { $_.Name },Benign
Get-EventLog -LogName System | % { $_.Name },Benign
cat /var/log/syslog | grep 'systemd' | tail -n 62,Benign
git commit -m 'Fixed weight loading issue in engine.py - issue #3627',Benign
kubectl get configmaps -n monitoring -o wide,Benign
cat /var/log/syslog | grep 'systemd' | tail -n 85,Benign
terraform init -upgrade,Benign
powershell -ExecutionPolicy AllSigned -File C:\Scripts\maintenance_51.ps1,Benign
cat /var/log/syslog | grep 'systemd' | tail -n 82,Benign
kubectl get pods -n production -o wide,Benign
"grep -r ""ERROR"" /var/log/ > /dev/null 2>&1 # task_533",Benign
terraform apply -auto-approve,Benign
tar -czf /tmp/backup.tar.gz /var/log > /dev/null 2>&1 # task_856,Benign
powershell -ExecutionPolicy AllSigned -File C:\Scripts\maintenance_77.ps1,Benign
cat /var/log/syslog | grep 'systemd' | tail -n 88,Benign
git commit -m 'Fixed weight loading issue in engine.py - issue #4640',Benign
powershell -ExecutionPolicy AllSigned -File C:\Scripts\maintenance_4.ps1,Benign
terraform init -upgrade,Benign
"grep -r ""ERROR"" /var/log/ > /dev/null 2>&1 # task_364",Benign
systemctl status nginx > /dev/null 2>&1 # task_834,Benign
cat /var/log/syslog | grep 'systemd' | tail -n 98,Benign
systemctl status nginx > /dev/null 2>&1 # task_597,Benign
powershell -ExecutionPolicy AllSigned -File C:\Scripts\maintenance_15.ps1,Benign
Get-Process | Sort-Object -Descending,Benign
git commit -m 'Fixed weight loading issue in engine.py - issue #9158',Benign
Get-Process | % { $_.Name },Benign
cat /var/log/syslog | grep 'systemd' | tail -n 68,Benign
kubectl get deployments -n dev -o wide,Benign
powershell -ExecutionPolicy AllSigned -File C:\Scripts\maintenance_50.ps1,Benign
Get-EventLog -LogName System | Sort-Object -Descending,Benign
systemctl status nginx > /dev/null 2>&1 # task_260,Benign
tar -czf /tmp/backup.tar.gz /var/log > /dev/null 2>&1 # task_192,Benign
kubectl get deployments -n monitoring -o wide,Benign
Get-Process | Where-Object {$_.Status -eq 'Running'},Benign
terraform plan -out=tfplan,Benign
cat /var/log/syslog | grep 'systemd' | tail -n 63,Benign
terraform init -upgrade,Benign
cat /var/log/syslog | grep 'systemd' | tail -n 26,Benign
git commit -m 'Fixed weight loading issue in engine.py - issue #1985',Benign
cat /var/log/syslog | grep 'systemd' | tail -n 80,Benign
kubectl get services -n dev -o wide,Benign
Get-Process | Sort-Object -Descending,Benign
git commit -m 'Fixed weight loading issue in engine.py - issue #4111',Benign
git commit -m 'Fixed weight loading issue in engine.py - issue #3122',Benign
kubectl get pods -n dev -o wide,Benign
Get-EventLog -LogName System | Where-Object {$_.Status -eq 'Running'},Benign
powershell -ExecutionPolicy Restricted -File C:\Scripts\maintenance_9.ps1,Benign
kubectl get configmaps -n staging --watch,Benign
git commit -m 'Fixed weight loading issue in engine.py - issue #1947',Benign
kubectl get configmaps -n monitoring -o wide,Benign
terraform destroy -auto-approve,Benign
kubectl get services -n staging -o wide,Benign
powershell -ep Restricted -File C:\Scripts\maintenance_8.ps1,Benign
powershell -ep Restricted -File C:\Scripts\maintenance_75.ps1,Benign
git commit -m 'Fixed weight loading issue in engine.py - issue #7577',Benign
cat /var/log/syslog | grep 'systemd' | tail -n 49,Benign
kubectl get services -n dev --watch,Benign
kubectl get pods -n dev -o wide,Benign
"Get-Service | Select-Object Name, Id",Benign
"Get-Content | Select-Object Name, Id",Benign
powershell -ExecutionPolicy Restricted -File C:\Scripts\maintenance_56.ps1,Benign
powershell -ep Restricted -File C:\Scripts\maintenance_22.ps1,Benign
cat /var/log/syslog | grep 'systemd' | tail -n 62,Benign
tar -czf /tmp/backup.tar.gz /var/log > /dev/null 2>&1 # task_911,Benign
tar -czf /tmp/backup.tar.gz /var/log > /dev/null 2>&1 # task_851,Benign
powershell -ExecutionPolicy AllSigned -File C:\Scripts\maintenance_80.ps1,Benign
cat /var/log/syslog | grep 'systemd' | tail -n 99,Benign
cat /var/log/syslog | grep 'systemd' | tail -n 29,Benign
terraform apply -auto-approve,Benign
powershell -ep Restricted -File C:\Scripts\maintenance_41.ps1,Benign
git commit -m 'Fixed weight loading issue in engine.py - issue #3985',Benign
powershell -ExecutionPolicy Restricted -File C:\Scripts\maintenance_86.ps1,Benign
Get-Content | Sort-Object -Descending,Benign
Get-Content | % { $_.Name },Benign
powershell -ExecutionPolicy Restricted -File C:\Scripts\maintenance_71.ps1,Benign
Get-Process | Sort-Object -Descending,Benign
tar -czf /tmp/backup.tar.gz /var/log > /dev/null 2>&1 # task_563,Benign
systemctl status nginx > /dev/null 2>&1 # task_256,Benign
systemctl status nginx > /dev/null 2>&1 # task_428,Benign
kubectl get deployments -n dev --watch,Benign
cat /var/log/syslog | grep 'systemd' | tail -n 23,Benign
git commit -m 'Fixed weight loading issue in engine.py - issue #6909',Benign
"Get-Service | Select-Object Name, Id",Benign
powershell -ExecutionPolicy AllSigned -File C:\Scripts\maintenance_31.ps1,Benign
powershell -ExecutionPolicy Restricted -File C:\Scripts\maintenance_24.ps1,Benign
Get-Service | Sort-Object -Descending,Benign
powershell -ExecutionPolicy AllSigned -File C:\Scripts\maintenance_19.ps1,Benign
terraform plan -out=tfplan,Benign
git commit -m 'Fixed weight loading issue in engine.py - issue #7034',Benign
kubectl get pods -n staging -o wide,Benign
terraform plan -out=tfplan,Benign
cat /var/log/syslog | grep 'systemd' | tail -n 78,Benign
terraform destroy -auto-approve,Benign
cat /var/log/syslog | grep 'systemd' | tail -n 40,Benign
"Get-Service | Select-Object Name, Id",Benign
kubectl get pods -n monitoring -o wide,Benign
tar -czf /tmp/backup.tar.gz /var/log > /dev/null 2>&1 # task_445,Benign
terraform apply -auto-approve,Benign
git commit -m 'Fixed weight loading issue in engine.py - issue #8663',Benign
kubectl get deployments -n kube-system -o wide,Benign
kubectl get services -n production -o wide,Benign
"grep -r ""ERROR"" /var/log/ > /dev/null 2>&1 # task_243",Benign
terraform apply -auto-approve,Benign
terraform destroy -auto-approve,Benign
git commit -m 'Fixed weight loading issue in engine.py - issue #4337',Benign
tar -czf /tmp/backup.tar.gz /var/log > /dev/null 2>&1 # task_267,Benign
"Get-Content | Select-Object Name, Id",Benign
powershell -ExecutionPolicy AllSigned -File C:\Scripts\maintenance_68.ps1,Benign
"grep -r ""ERROR"" /var/log/ > /dev/null 2>&1 # task_729",Benign
terraform destroy -auto-approve,Benign
cat /var/log/syslog | grep 'systemd' | tail -n 20,Benign
git commit -m 'Fixed weight loading issue in engine.py - issue #3129',Benign
powershell -ExecutionPolicy Restricted -File C:\Scripts\maintenance_72.ps1,Benign
"grep -r ""ERROR"" /var/log/ > /dev/null 2>&1 # task_706",Benign
terraform plan -out=tfplan,Benign
"grep -r ""ERROR"" /var/log/ > /dev/null 2>&1 # task_648",Benign
terraform plan -out=tfplan,Benign
systemctl status nginx > /dev/null 2>&1 # task_959,Benign
terraform plan -out=tfplan,Benign
systemctl status nginx > /dev/null 2>&1 # task_853,Benign
git commit -m 'Fixed weight loading issue in engine.py - issue #2880',Benign
powershell -ExecutionPolicy AllSigned -File C:\Scripts\maintenance_100.ps1,Benign
Get-ADUser | Where-Object {$_.Status -eq 'Running'},Benign
terraform plan -out=tfplan,Benign
Get-EventLog -LogName System | % { $_.Name },Benign
Get-Process | Where-Object {$_.Status -eq 'Running'},Benign
"Get-Service | Select-Object Name, Id",Benign
tar -czf /tmp/backup.tar.gz /var/log > /dev/null 2>&1 # task_551,Benign
tar -czf /tmp/backup.tar.gz /var/log > /dev/null 2>&1 # task_524,Benign
kubectl get deployments -n dev --watch,Benign
"grep -r ""ERROR"" /var/log/ > /dev/null 2>&1 # task_709",Benign
kubectl get pods -n production --watch,Benign
cat /var/log/syslog | grep 'systemd' | tail -n 12,Benign
terraform plan -out=tfplan,Benign
terraform destroy -auto-approve,Benign
tar -czf /tmp/backup.tar.gz /var/log > /dev/null 2>&1 # task_529,Benign
powershell -ep Restricted -File C:\Scripts\maintenance_38.ps1,Benign
Get-EventLog -LogName System | % { $_.Name },Benign
git commit -m 'Fixed weight loading issue in engine.py - issue #7271',Benign
cat /var/log/syslog | grep 'systemd' | tail -n 72,Benign
Get-Content | % { $_.Name },Benign
git commit -m 'Fixed weight loading issue in engine.py - issue #3124',Benign
cat /var/log/syslog | grep 'systemd' | tail -n 27,Benign
Get-Service | Sort-Object -Descending,Benign
Get-ADUser | % { $_.Name },Benign
git commit -m 'Fixed weight loading issue in engine.py - issue #3379',Benign
cat /var/log/syslog | grep 'systemd' | tail -n 11,Benign
kubectl get configmaps -n kube-system --watch,Benign
git commit -m 'Fixed weight loading issue in engine.py - issue #2338',Benign
terraform apply -auto-approve,Benign
terraform plan -out=tfplan,Benign
powershell -ExecutionPolicy Restricted -File C:\Scripts\maintenance_20.ps1,Benign
terraform destroy -auto-approve,Benign
cat /var/log/syslog | grep 'systemd' | tail -n 65,Benign
git commit -m 'Fixed weight loading issue in engine.py - issue #6964',Benign
"grep -r ""ERROR"" /var/log/ > /dev/null 2>&1 # task_279",Benign
"grep -r ""ERROR"" /var/log/ > /dev/null 2>&1 # task_741",Benign
git commit -m 'Fixed weight loading issue in engine.py - issue #3446',Benign
terraform apply -auto-approve,Benign
terraform plan -out=tfplan,Benign
terraform init -upgrade,Benign
cat /var/log/syslog | grep 'systemd' | tail -n 65,Benign
cat /var/log/syslog | grep 'systemd' | tail -n 82,Benign
kubectl get configmaps -n monitoring -o wide,Benign
git commit -m 'Fixed weight loading issue in engine.py - issue #3523',Benign
terraform plan -out=tfplan,Benign
tar -czf /tmp/backup.tar.gz /var/log > /dev/null 2>&1 # task_478,Benign
powershell -ExecutionPolicy AllSigned -File C:\Scripts\maintenance_34.ps1,Benign
terraform apply -auto-approve,Benign
git commit -m 'Fixed weight loading issue in engine.py - issue #4502',Benign
git commit -m 'Fixed weight loading issue in engine.py - issue #5698',Benign
systemctl status nginx > /dev/null 2>&1 # task_817,Benign
terraform plan -out=tfplan,Benign
Get-Service | Sort-Object -Descending,Benign
tar -czf /tmp/backup.tar.gz /var/log > /dev/null 2>&1 # task_607,Benign
terraform destroy -auto-approve,Benign
git commit -m 'Fixed weight loading issue in engine.py - issue #6942',Benign
kubectl get deployments -n staging --watch,Benign
git commit -m 'Fixed weight loading issue in engine.py - issue #1469',Benign
kubectl get deployments -n staging --watch,Benign
git commit -m 'Fixed weight loading issue in engine.py - issue #2463',Benign
Get-Process | Sort-Object -Descending,Benign
cat /var/log/syslog | grep 'systemd' | tail -n 67,Benign
cat /var/log/syslog | grep 'systemd' | tail -n 17,Benign
terraform apply -auto-approve,Benign
kubectl get deployments -n monitoring --watch,Benign
cat /var/log/syslog | grep 'systemd' | tail -n 44,Benign
kubectl get configmaps -n monitoring --watch,Benign
git commit -m 'Fixed weight loading issue in engine.py - issue #6646',Benign
"Get-Process | Select-Object Name, Id",Benign
tar -czf /tmp/backup.tar.gz /var/log > /dev/null 2>&1 # task_322,Benign
tar -czf /tmp/backup.tar.gz /var/log > /dev/null 2>&1 # task_253,Benign
kubectl get services -n production --watch,Benign
terraform apply -auto-approve,Benign
powershell -ep Restricted -File C:\Scripts\maintenance_24.ps1,Benign
cat /var/log/syslog | grep 'systemd' | tail -n 73,Benign
systemctl status nginx > /dev/null 2>&1 # task_555,Benign
git commit -m 'Fixed weight loading issue in engine.py - issue #6847',Benign
git commit -m 'Fixed weight loading issue in engine.py - issue #9667',Benign
powershell -ExecutionPolicy AllSigned -File C:\Scripts\maintenance_96.ps1,Benign
"grep -r ""ERROR"" /var/log/ > /dev/null 2>&1 # task_546",Benign
terraform init -upgrade,Benign
terraform destroy -auto-approve,Benign
powershell -ExecutionPolicy AllSigned -File C:\Scripts\maintenance_7.ps1,Benign
kubectl get services -n staging --watch,Benign
terraform apply -auto-approve,Benign
Get-Service | Where-Object {$_.Status -eq 'Running'},Benign
kubectl get nodes -n monitoring -o wide,Benign
git commit -m 'Fixed weight loading issue in engine.py - issue #1553',Benign
systemctl status nginx > /dev/null 2>&1 # task_509,Benign
cat /var/log/syslog | grep 'systemd' | tail -n 57,Benign
kubectl get deployments -n production -o wide,Benign
powershell -ExecutionPolicy Restricted -File C:\Scripts\maintenance_50.ps1,Benign
Get-Process | Where-Object {$_.Status -eq 'Running'},Benign
"grep -r ""ERROR"" /var/log/ > /dev/null 2>&1 # task_158",Benign
terraform plan -out=tfplan,Benign
"Get-EventLog -LogName System | Select-Object Name, Id",Benign
Get-EventLog -LogName System | Sort-Object -Descending,Benign
tar -czf /tmp/backup.tar.gz /var/log > /dev/null 2>&1 # task_537,Benign
kubectl get configmaps -n dev -o wide,Benign
terraform destroy -auto-approve,Benign
Get-Content | Where-Object {$_.Status -eq 'Running'},Benign
kubectl get nodes -n kube-system --watch,Benign
"grep -r ""ERROR"" /var/log/ > /dev/null 2>&1 # task_339",Benign
kubectl get services -n production -o wide,Benign
kubectl get pods -n dev -o wide,Benign
git commit -m 'Fixed weight loading issue in engine.py - issue #8991',Benign
terraform plan -out=tfplan,Benign
kubectl get deployments -n dev --watch,Benign
powershell -ExecutionPolicy Restricted -File C:\Scripts\maintenance_87.ps1,Benign
powershell -ExecutionPolicy AllSigned -File C:\Scripts\maintenance_52.ps1,Benign
cat /var/log/syslog | grep 'systemd' | tail -n 98,Benign
cat /var/log/syslog | grep 'systemd' | tail -n 23,Benign
cat /var/log/syslog | grep 'systemd' | tail -n 91,Benign
"Get-ADUser | Select-Object Name, Id",Benign
systemctl status nginx > /dev/null 2>&1 # task_694,Benign
systemctl status nginx > /dev/null 2>&1 # task_791,Benign
terraform destroy -auto-approve,Benign
kubectl get deployments -n dev --watch,Benign
powershell -ep Restricted -File C:\Scripts\maintenance_55.ps1,Benign
systemctl status nginx > /dev/null 2>&1 # task_500,Benign
terraform destroy -auto-approve,Benign
"Get-Content | Select-Object Name, Id",Benign
kubectl get deployments -n kube-system --watch,Benign
git commit -m 'Fixed weight loading issue in engine.py - issue #9583',Benign
terraform plan -out=tfplan,Benign
kubectl get nodes -n production --watch,Benign
tar -czf /tmp/backup.tar.gz /var/log > /dev/null 2>&1 # task_584,Benign
terraform init -upgrade,Benign
systemctl status nginx > /dev/null 2>&1 # task_525,Benign
"grep -r ""ERROR"" /var/log/ > /dev/null 2>&1 # task_409",Benign
cat /var/log/syslog | grep 'systemd' | tail -n 22,Benign
"grep -r ""ERROR"" /var/log/ > /dev/null 2>&1 # task_899",Benign
kubectl get pods -n production -o wide,Benign
kubectl get services -n staging -o wide,Benign
git commit -m 'Fixed weight loading issue in engine.py - issue #7681',Benign
git commit -m 'Fixed weight loading issue in engine.py - issue #4317',Benign
powershell -ep Restricted -File C:\Scripts\maintenance_80.ps1,Benign
cat /var/log/syslog | grep 'systemd' | tail -n 64,Benign
git commit -m 'Fixed weight loading issue in engine.py - issue #5824',Benign
tar -czf /tmp/backup.tar.gz /var/log > /dev/null 2>&1 # task_124,Benign
Get-Process | % { $_.Name },Benign
powershell -ep Restricted -File C:\Scripts\maintenance_57.ps1,Benign
cat /var/log/syslog | grep 'systemd' | tail -n 98,Benign
git commit -m 'Fixed weight loading issue in engine.py - issue #3720',Benign
git commit -m 'Fixed weight loading issue in engine.py - issue #3198',Benign
kubectl get configmaps -n kube-system -o wide,Benign
git commit -m 'Fixed weight loading issue in engine.py - issue #7579',Benign
powershell -ep Restricted -File C:\Scripts\maintenance_84.ps1,Benign
git commit -m 'Fixed weight loading issue in engine.py - issue #6109',Benign
"grep -r ""ERROR"" /var/log/ > /dev/null 2>&1 # task_383",Benign
powershell -ExecutionPolicy Restricted -File C:\Scripts\maintenance_23.ps1,Benign
cat /var/log/syslog | grep 'systemd' | tail -n 93,Benign
git commit -m 'Fixed weight loading issue in engine.py - issue #5171',Benign
Get-Process | % { $_.Name },Benign
"Get-Content | Select-Object Name, Id",Benign
cat /var/log/syslog | grep 'systemd' | tail -n 62,Benign
kubectl get deployments -n dev --watch,Benign
terraform apply -auto-approve,Benign
Get-Service | Where-Object {$_.Status -eq 'Running'},Benign
kubectl get nodes -n staging -o wide,Benign
cat /var/log/syslog | grep 'systemd' | tail -n 68,Benign
cat /var/log/syslog | grep 'systemd' | tail -n 76,Benign
"grep -r ""ERROR"" /var/log/ > /dev/null 2>&1 # task_287",Benign
cat /var/log/syslog | grep 'systemd' | tail -n 96,Benign
cat /var/log/syslog | grep 'systemd' | tail -n 12,Benign
cat /var/log/syslog | grep 'systemd' | tail -n 92,Benign
terraform init -upgrade,Benign
powershell -ep Restricted -File C:\Scripts\maintenance_49.ps1,Benign
powershell -ExecutionPolicy AllSigned -File C:\Scripts\maintenance_21.ps1,Benign
Get-Service | Where-Object {$_.Status -eq 'Running'},Benign
tar -czf /tmp/backup.tar.gz /var/log > /dev/null 2>&1 # task_514,Benign
cat /var/log/syslog | grep 'systemd' | tail -n 50,Benign
cat /var/log/syslog | grep 'systemd' | tail -n 84,Benign
powershell -ExecutionPolicy AllSigned -File C:\Scripts\maintenance_36.ps1,Benign
kubectl get nodes -n monitoring -o wide,Benign
git commit -m 'Fixed weight loading issue in engine.py - issue #7249',Benign
powershell -ExecutionPolicy AllSigned -File C:\Scripts\maintenance_25.ps1,Benign
kubectl get services -n production --watch,Benign
powershell -ExecutionPolicy AllSigned -File C:\Scripts\maintenance_33.ps1,Benign
powershell -ExecutionPolicy AllSigned -File C:\Scripts\maintenance_51.ps1,Benign
terraform plan -out=tfplan,Benign
cat /var/log/syslog | grep 'systemd' | tail -n 57,Benign
Get-Service | % { $_.Name },Benign
cat /var/log/syslog | grep 'systemd' | tail -n 26,Benign
"Get-Process | Select-Object Name, Id",Benign
"Get-Content | Select-Object Name, Id",Benign
"grep -r ""ERROR"" /var/log/ > /dev/null 2>&1 # task_599",Benign
powershell -ExecutionPolicy Restricted -File C:\Scripts\maintenance_2.ps1,Benign
systemctl status nginx > /dev/null 2>&1 # task_839,Benign
git commit -m 'Fixed weight loading issue in engine.py - issue #2547',Benign
terraform init -upgrade,Benign
terraform plan -out=tfplan,Benign
git commit -m 'Fixed weight loading issue in engine.py - issue #6581',Benign
kubectl get configmaps -n dev --watch,Benign
git commit -m 'Fixed weight loading issue in engine.py - issue #5567',Benign
terraform apply -auto-approve,Benign
terraform destroy -auto-approve,Benign
cat /var/log/syslog | grep 'systemd' | tail -n 52,Benign
Get-ADUser | % { $_.Name },Benign
tar -czf /tmp/backup.tar.gz /var/log > /dev/null 2>&1 # task_230,Benign
kubectl get deployments -n monitoring --watch,Benign
kubectl get services -n dev -o wide,Benign
tar -czf /tmp/backup.tar.gz /var/log > /dev/null 2>&1 # task_161,Benign
systemctl status nginx > /dev/null 2>&1 # task_654,Benign
terraform destroy -auto-approve,Benign
Get-Process | Where-Object {$_.Status -eq 'Running'},Benign
cat /var/log/syslog | grep 'systemd' | tail -n 35,Benign
kubectl get deployments -n production --watch,Benign
cat /var/log/syslog | grep 'systemd' | tail -n 85,Benign
terraform plan -out=tfplan,Benign
terraform plan -out=tfplan,Benign
cat /var/log/syslog | grep 'systemd' | tail -n 64,Benign
terraform destroy -auto-approve,Benign
terraform destroy -auto-approve,Benign
tar -czf /tmp/backup.tar.gz /var/log > /dev/null 2>&1 # task_376,Benign
"grep -r ""ERROR"" /var/log/ > /dev/null 2>&1 # task_308",Benign
git commit -m 'Fixed weight loading issue in engine.py - issue #7358',Benign
systemctl status nginx > /dev/null 2>&1 # task_622,Benign
kubectl get services -n production --watch,Benign
git commit -m 'Fixed weight loading issue in engine.py - issue #1695',Benign
kubectl get deployments -n production -o wide,Benign
git commit -m 'Fixed weight loading issue in engine.py - issue #9927',Benign
kubectl get configmaps -n staging -o wide,Benign
powershell -ep Restricted -File C:\Scripts\maintenance_22.ps1,Benign
kubectl get configmaps -n dev --watch,Benign
cat /var/log/syslog | grep 'systemd' | tail -n 95,Benign
powershell -ep Restricted -File C:\Scripts\maintenance_18.ps1,Benign
git commit -m 'Fixed weight loading issue in engine.py - issue #6103',Benign
git commit -m 'Fixed weight loading issue in engine.py - issue #3561',Benign
powershell -ExecutionPolicy AllSigned -File C:\Scripts\maintenance_26.ps1,Benign
terraform apply -auto-approve,Benign
systemctl status nginx > /dev/null 2>&1 # task_238,Benign
systemctl status nginx > /dev/null 2>&1 # task_450,Benign
terraform init -upgrade,Benign
kubectl get services -n staging --watch,Benign
kubectl get services -n kube-system --watch,Benign
git commit -m 'Fixed weight loading issue in engine.py - issue #6162',Benign
git commit -m 'Fixed weight loading issue in engine.py - issue #9156',Benign
cat /var/log/syslog | grep 'systemd' | tail -n 38,Benign
systemctl status nginx > /dev/null 2>&1 # task_676,Benign
powershell -ExecutionPolicy Restricted -File C:\Scripts\maintenance_12.ps1,Benign
powershell -ExecutionPolicy Restricted -File C:\Scripts\maintenance_80.ps1,Benign
git commit -m 'Fixed weight loading issue in engine.py - issue #9552',Benign
Get-ADUser | Sort-Object -Descending,Benign
kubectl get deployments -n production -o wide,Benign
terraform destroy -auto-approve,Benign
cat /var/log/syslog | grep 'systemd' | tail -n 18,Benign
"grep -r ""ERROR"" /var/log/ > /dev/null 2>&1 # task_152",Benign
cat /var/log/syslog | grep 'systemd' | tail -n 53,Benign
git commit -m 'Fixed weight loading issue in engine.py - issue #8719',Benign
tar -czf /tmp/backup.tar.gz /var/log > /dev/null 2>&1 # task_330,Benign
kubectl get configmaps -n dev -o wide,Benign
powershell -ExecutionPolicy AllSigned -File C:\Scripts\maintenance_1.ps1,Benign
cat /var/log/syslog | grep 'systemd' | tail -n 66,Benign
cat /var/log/syslog | grep 'systemd' | tail -n 87,Benign
cat /var/log/syslog | grep 'systemd' | tail -n 70,Benign
systemctl status nginx > /dev/null 2>&1 # task_482,Benign
kubectl get nodes -n dev -o wide,Benign
Get-Process | % { $_.Name },Benign
tar -czf /tmp/backup.tar.gz /var/log > /dev/null 2>&1 # task_669,Benign
terraform init -upgrade,Benign
kubectl get configmaps -n monitoring --watch,Benign
Get-Content | Sort-Object -Descending,Benign
powershell -ExecutionPolicy AllSigned -File C:\Scripts\maintenance_100.ps1,Benign
Get-Content | Where-Object {$_.Status -eq 'Running'},Benign
git commit -m 'Fixed weight loading issue in engine.py - issue #4469',Benign
"Get-ADUser | Select-Object Name, Id",Benign
git commit -m 'Fixed weight loading issue in engine.py - issue #1863',Benign
Get-Service | Where-Object {$_.Status -eq 'Running'},Benign
terraform destroy -auto-approve,Benign
terraform plan -out=tfplan,Benign
cat /var/log/syslog | grep 'systemd' | tail -n 10,Benign
kubectl get configmaps -n kube-system --watch,Benign
cat /var/log/syslog | grep 'systemd' | tail -n 30,Benign
git commit -m 'Fixed weight loading issue in engine.py - issue #6487',Benign
tar -czf /tmp/backup.tar.gz /var/log > /dev/null 2>&1 # task_142,Benign
powershell -ep Restricted -File C:\Scripts\maintenance_81.ps1,Benign
git commit -m 'Fixed weight loading issue in engine.py - issue #6447',Benign
powershell -ep Restricted -File C:\Scripts\maintenance_79.ps1,Benign
terraform destroy -auto-approve,Benign
Get-Content | Where-Object {$_.Status -eq 'Running'},Benign
terraform apply -auto-approve,Benign
kubectl get nodes -n production -o wide,Benign
Get-Content | % { $_.Name },Benign
terraform plan -out=tfplan,Benign
powershell -ExecutionPolicy AllSigned -File C:\Scripts\maintenance_97.ps1,Benign
terraform init -upgrade,Benign
"grep -r ""ERROR"" /var/log/ > /dev/null 2>&1 # task_995",Benign
cat /var/log/syslog | grep 'systemd' | tail -n 61,Benign
kubectl get services -n dev --watch,Benign
systemctl status nginx > /dev/null 2>&1 # task_149,Benign
powershell -ep Restricted -File C:\Scripts\maintenance_19.ps1,Benign
tar -czf /tmp/backup.tar.gz /var/log > /dev/null 2>&1 # task_540,Benign
powershell -ep Restricted -File C:\Scripts\maintenance_97.ps1,Benign
kubectl get pods -n kube-system --watch,Benign
powershell -ExecutionPolicy AllSigned -File C:\Scripts\maintenance_34.ps1,Benign
terraform destroy -auto-approve,Benign
kubectl get services -n dev -o wide,Benign
git commit -m 'Fixed weight loading issue in engine.py - issue #6978',Benign
systemctl status nginx > /dev/null 2>&1 # task_823,Benign
cat /var/log/syslog | grep 'systemd' | tail -n 76,Benign
terraform init -upgrade,Benign
git commit -m 'Fixed weight loading issue in engine.py - issue #1742',Benign
tar -czf /tmp/backup.tar.gz /var/log > /dev/null 2>&1 # task_141,Benign
git commit -m 'Fixed weight loading issue in engine.py - issue #1999',Benign
git commit -m 'Fixed weight loading issue in engine.py - issue #7638',Benign
systemctl status nginx > /dev/null 2>&1 # task_703,Benign
Get-Content | Sort-Object -Descending,Benign
powershell -ep Restricted -File C:\Scripts\maintenance_88.ps1,Benign
Get-Process | % { $_.Name },Benign
Get-Content | Where-Object {$_.Status -eq 'Running'},Benign
Get-Content | Where-Object {$_.Status -eq 'Running'},Benign
"Get-Content | Select-Object Name, Id",Benign
cat /var/log/syslog | grep 'systemd' | tail -n 68,Benign
Get-EventLog -LogName System | % { $_.Name },Benign
powershell -ExecutionPolicy AllSigned -File C:\Scripts\maintenance_72.ps1,Benign
kubectl get pods -n staging -o wide,Benign
"Get-Content | Select-Object Name, Id",Benign
cat /var/log/syslog | grep 'systemd' | tail -n 57,Benign
powershell -ExecutionPolicy AllSigned -File C:\Scripts\maintenance_81.ps1,Benign
powershell -ExecutionPolicy Restricted -File C:\Scripts\maintenance_79.ps1,Benign
Get-Content | Where-Object {$_.Status -eq 'Running'},Benign
kubectl get deployments -n staging -o wide,Benign
terraform plan -out=tfplan,Benign
kubectl get pods -n monitoring --watch,Benign
cat /var/log/syslog | grep 'systemd' | tail -n 55,Benign
cat /var/log/syslog | grep 'systemd' | tail -n 53,Benign
systemctl status nginx > /dev/null 2>&1 # task_208,Benign
cat /var/log/syslog | grep 'systemd' | tail -n 78,Benign
terraform apply -auto-approve,Benign
tar -czf /tmp/backup.tar.gz /var/log > /dev/null 2>&1 # task_787,Benign
kubectl get pods -n production --watch,Benign
"Get-ADUser | Select-Object Name, Id",Benign
terraform plan -out=tfplan,Benign
cat /var/log/syslog | grep 'systemd' | tail -n 41,Benign
cat /var/log/syslog | grep 'systemd' | tail -n 13,Benign
cat /var/log/syslog | grep 'systemd' | tail -n 76,Benign
"Get-Process | Select-Object Name, Id",Benign
powershell -ExecutionPolicy Restricted -File C:\Scripts\maintenance_86.ps1,Benign
git commit -m 'Fixed weight loading issue in engine.py - issue #1876',Benign
powershell -ExecutionPolicy AllSigned -File C:\Scripts\maintenance_35.ps1,Benign
Get-Process | Where-Object {$_.Status -eq 'Running'},Benign
powershell -ExecutionPolicy AllSigned -File C:\Scripts\maintenance_2.ps1,Benign
powershell -ExecutionPolicy AllSigned -File C:\Scripts\maintenance_55.ps1,Benign
Get-Content | % { $_.Name },Benign
kubectl get configmaps -n staging --watch,Benign
"grep -r ""ERROR"" /var/log/ > /dev/null 2>&1 # task_178",Benign
cat /var/log/syslog | grep 'systemd' | tail -n 13,Benign
kubectl get pods -n kube-system -o wide,Benign
Get-Process | Sort-Object -Descending,Benign
"grep -r ""ERROR"" /var/log/ > /dev/null 2>&1 # task_653",Benign
kubectl get pods -n production --watch,Benign
terraform destroy -auto-approve,Benign
Get-ADUser | Where-Object {$_.Status -eq 'Running'},Benign
terraform apply -auto-approve,Benign
powershell -ep Restricted -File C:\Scripts\maintenance_10.ps1,Benign
cat /var/log/syslog | grep 'systemd' | tail -n 57,Benign
kubectl get services -n monitoring -o wide,Benign
kubectl get nodes -n production -o wide,Benign
kubectl get services -n dev --watch,Benign
terraform plan -out=tfplan,Benign
powershell -ExecutionPolicy Restricted -File C:\Scripts\maintenance_54.ps1,Benign
systemctl status nginx > /dev/null 2>&1 # task_400,Benign
cat /var/log/syslog | grep 'systemd' | tail -n 82,Benign
powershell -ExecutionPolicy Restricted -File C:\Scripts\maintenance_35.ps1,Benign
cat /var/log/syslog | grep 'systemd' | tail -n 87,Benign
terraform destroy -auto-approve,Benign
Get-EventLog -LogName System | % { $_.Name },Benign
Get-Process | Sort-Object -Descending,Benign
powershell -ep Restricted -File C:\Scripts\maintenance_81.ps1,Benign
terraform plan -out=tfplan,Benign
powershell -ExecutionPolicy Restricted -File C:\Scripts\maintenance_70.ps1,Benign
terraform apply -auto-approve,Benign
kubectl get services -n production --watch,Benign
cat /var/log/syslog | grep 'systemd' | tail -n 27,Benign
git commit -m 'Fixed weight loading issue in engine.py - issue #5053',Benign
"grep -r ""ERROR"" /var/log/ > /dev/null 2>&1 # task_168",Benign
"Get-Process | Select-Object Name, Id",Benign
git commit -m 'Fixed weight loading issue in engine.py - issue #2525',Benign
git commit -m 'Fixed weight loading issue in engine.py - issue #6639',Benign
systemctl status nginx > /dev/null 2>&1 # task_823,Benign
Get-Process | Where-Object {$_.Status -eq 'Running'},Benign
git commit -m 'Fixed weight loading issue in engine.py - issue #7532',Benign
terraform destroy -auto-approve,Benign
git commit -m 'Fixed weight loading issue in engine.py - issue #1299',Benign
terraform init -upgrade,Benign
kubectl get pods -n dev --watch,Benign
git commit -m 'Fixed weight loading issue in engine.py - issue #3640',Benign
cat /var/log/syslog | grep 'systemd' | tail -n 13,Benign
kubectl get deployments -n kube-system -o wide,Benign
terraform init -upgrade,Benign
powershell -ExecutionPolicy Restricted -File C:\Scripts\maintenance_27.ps1,Benign
git commit -m 'Fixed weight loading issue in engine.py - issue #4423',Benign
systemctl status nginx > /dev/null 2>&1 # task_131,Benign
git commit -m 'Fixed weight loading issue in engine.py - issue #8694',Benign
terraform destroy -auto-approve,Benign
powershell -ExecutionPolicy Restricted -File C:\Scripts\maintenance_81.ps1,Benign
systemctl status nginx > /dev/null 2>&1 # task_929,Benign
cat /var/log/syslog | grep 'systemd' | tail -n 94,Benign
powershell -ExecutionPolicy Restricted -File C:\Scripts\maintenance_22.ps1,Benign
kubectl get pods -n staging -o wide,Benign
powershell -ExecutionPolicy Restricted -File C:\Scripts\maintenance_44.ps1,Benign
"Get-Service | Select-Object Name, Id",Benign
terraform init -upgrade,Benign
cat /var/log/syslog | grep 'systemd' | tail -n 100,Benign
powershell -ExecutionPolicy AllSigned -File C:\Scripts\maintenance_11.ps1,Benign
terraform init -upgrade,Benign
Get-Service | Where-Object {$_.Status -eq 'Running'},Benign
powershell -ep Restricted -File C:\Scripts\maintenance_97.ps1,Benign
powershell -ExecutionPolicy Restricted -File C:\Scripts\maintenance_44.ps1,Benign
kubectl get pods -n dev --watch,Benign
powershell -ExecutionPolicy AllSigned -File C:\Scripts\maintenance_16.ps1,Benign
kubectl get services -n dev --watch,Benign
"grep -r ""ERROR"" /var/log/ > /dev/null 2>&1 # task_639",Benign
systemctl status nginx > /dev/null 2>&1 # task_985,Benign
cat /var/log/syslog | grep 'systemd' | tail -n 97,Benign
git commit -m 'Fixed weight loading issue in engine.py - issue #3311',Benign
cat /var/log/syslog | grep 'systemd' | tail -n 37,Benign
git commit -m 'Fixed weight loading issue in engine.py - issue #2001',Benign
powershell -ExecutionPolicy AllSigned -File C:\Scripts\maintenance_52.ps1,Benign
tar -czf /tmp/backup.tar.gz /var/log > /dev/null 2>&1 # task_294,Benign
kubectl get deployments -n kube-system --watch,Benign
cat /var/log/syslog | grep 'systemd' | tail -n 97,Benign
cat /var/log/syslog | grep 'systemd' | tail -n 94,Benign
terraform destroy -auto-approve,Benign
terraform init -upgrade,Benign
git commit -m 'Fixed weight loading issue in engine.py - issue #4519',Benign
Get-Process | Sort-Object -Descending,Benign
git commit -m 'Fixed weight loading issue in engine.py - issue #5793',Benign
kubectl get services -n kube-system -o wide,Benign
terraform plan -out=tfplan,Benign
systemctl status nginx > /dev/null 2>&1 # task_416,Benign
"grep -r ""ERROR"" /var/log/ > /dev/null 2>&1 # task_834",Benign
Get-ADUser | Sort-Object -Descending,Benign
powershell -ExecutionPolicy AllSigned -File C:\Scripts\maintenance_50.ps1,Benign
powershell -ExecutionPolicy AllSigned -File C:\Scripts\maintenance_14.ps1,Benign
Get-ADUser | Where-Object {$_.Status -eq 'Running'},Benign
cat /var/log/syslog | grep 'systemd' | tail -n 54,Benign
Get-Process | % { $_.Name },Benign
terraform destroy -auto-approve,Benign
git commit -m 'Fixed weight loading issue in engine.py - issue #9441',Benign
git commit -m 'Fixed weight loading issue in engine.py - issue #9328',Benign
cat /var/log/syslog | grep 'systemd' | tail -n 46,Benign
kubectl get nodes -n kube-system -o wide,Benign
kubectl get nodes -n monitoring --watch,Benign
"grep -r ""ERROR"" /var/log/ > /dev/null 2>&1 # task_608",Benign
kubectl get deployments -n monitoring -o wide,Benign
terraform init -upgrade,Benign
terraform plan -out=tfplan,Benign
cat /var/log/syslog | grep 'systemd' | tail -n 30,Benign
cat /var/log/syslog | grep 'systemd' | tail -n 79,Benign
powershell -ExecutionPolicy AllSigned -File C:\Scripts\maintenance_58.ps1,Benign
kubectl get configmaps -n kube-system --watch,Benign
kubectl get configmaps -n monitoring -o wide,Benign
cat /var/log/syslog | grep 'systemd' | tail -n 52,Benign
"grep -r ""ERROR"" /var/log/ > /dev/null 2>&1 # task_936",Benign
cat /var/log/syslog | grep 'systemd' | tail -n 65,Benign
powershell -ExecutionPolicy AllSigned -File C:\Scripts\maintenance_88.ps1,Benign
cat /var/log/syslog | grep 'systemd' | tail -n 91,Benign
powershell -ExecutionPolicy Restricted -File C:\Scripts\maintenance_79.ps1,Benign
powershell -ep Restricted -File C:\Scripts\maintenance_97.ps1,Benign
kubectl get pods -n staging -o wide,Benign
kubectl get deployments -n monitoring -o wide,Benign
terraform plan -out=tfplan,Benign
powershell -ep Restricted -File C:\Scripts\maintenance_2.ps1,Benign
kubectl get nodes -n monitoring --watch,Benign
"grep -r ""ERROR"" /var/log/ > /dev/null 2>&1 # task_306",Benign
powershell -ExecutionPolicy AllSigned -File C:\Scripts\maintenance_77.ps1,Benign
kubectl get nodes -n monitoring --watch,Benign
git commit -m 'Fixed weight loading issue in engine.py - issue #6171',Benign
"grep -r ""ERROR"" /var/log/ > /dev/null 2>&1 # task_549",Benign
git commit -m 'Fixed weight loading issue in engine.py - issue #7860',Benign
cat /var/log/syslog | grep 'systemd' | tail -n 43,Benign
git commit -m 'Fixed weight loading issue in engine.py - issue #6446',Benign
git commit -m 'Fixed weight loading issue in engine.py - issue #3896',Benign
kubectl get deployments -n monitoring -o wide,Benign
kubectl get configmaps -n monitoring --watch,Benign
cat /var/log/syslog | grep 'systemd' | tail -n 28,Benign
"grep -r ""ERROR"" /var/log/ > /dev/null 2>&1 # task_277",Benign
git commit -m 'Fixed weight loading issue in engine.py - issue #1547',Benign
terraform init -upgrade,Benign
cat /var/log/syslog | grep 'systemd' | tail -n 66,Benign
kubectl get services -n staging --watch,Benign
terraform plan -out=tfplan,Benign
Get-Content | Where-Object {$_.Status -eq 'Running'},Benign
kubectl get nodes -n production --watch,Benign
"grep -r ""ERROR"" /var/log/ > /dev/null 2>&1 # task_288",Benign
powershell -ExecutionPolicy Restricted -File C:\Scripts\maintenance_1.ps1,Benign
terraform plan -out=tfplan,Benign
Get-Content | Where-Object {$_.Status -eq 'Running'},Benign
"Get-ADUser | Select-Object Name, Id",Benign
terraform destroy -auto-approve,Benign
tar -czf /tmp/backup.tar.gz /var/log > /dev/null 2>&1 # task_295,Benign
git commit -m 'Fixed weight loading issue in engine.py - issue #3109',Benign
terraform destroy -auto-approve,Benign
git commit -m 'Fixed weight loading issue in engine.py - issue #1466',Benign
tar -czf /tmp/backup.tar.gz /var/log > /dev/null 2>&1 # task_510,Benign
terraform init -upgrade,Benign
cat /var/log/syslog | grep 'systemd' | tail -n 59,Benign
systemctl status nginx > /dev/null 2>&1 # task_661,Benign
terraform plan -out=tfplan,Benign
Get-Process | Where-Object {$_.Status -eq 'Running'},Benign
kubectl get deployments -n dev -o wide,Benign
kubectl get pods -n dev -o wide,Benign
Get-Process | % { $_.Name },Benign
git commit -m 'Fixed weight loading issue in engine.py - issue #5152',Benign
cat /var/log/syslog | grep 'systemd' | tail -n 63,Benign
git commit -m 'Fixed weight loading issue in engine.py - issue #6552',Benign
"grep -r ""ERROR"" /var/log/ > /dev/null 2>&1 # task_765",Benign
Get-Content | % { $_.Name },Benign
tar -czf /tmp/backup.tar.gz /var/log > /dev/null 2>&1 # task_240,Benign
git commit -m 'Fixed weight loading issue in engine.py - issue #9052',Benign
"Get-Process | Select-Object Name, Id",Benign
terraform destroy -auto-approve,Benign
terraform init -upgrade,Benign
cat /var/log/syslog | grep 'systemd' | tail -n 42,Benign
powershell -ep Restricted -File C:\Scripts\maintenance_54.ps1,Benign
"grep -r ""ERROR"" /var/log/ > /dev/null 2>&1 # task_471",Benign
Get-Process | Where-Object {$_.Status -eq 'Running'},Benign
git commit -m 'Fixed weight loading issue in engine.py - issue #6416',Benign
"grep -r ""ERROR"" /var/log/ > /dev/null 2>&1 # task_258",Benign
powershell -ep Restricted -File C:\Scripts\maintenance_64.ps1,Benign
terraform apply -auto-approve,Benign
terraform apply -auto-approve,Benign
powershell -ep Restricted -File C:\Scripts\maintenance_83.ps1,Benign
cat /var/log/syslog | grep 'systemd' | tail -n 83,Benign
kubectl get nodes -n kube-system -o wide,Benign
git commit -m 'Fixed weight loading issue in engine.py - issue #9037',Benign
cat /var/log/syslog | grep 'systemd' | tail -n 61,Benign
git commit -m 'Fixed weight loading issue in engine.py - issue #6306',Benign
terraform init -upgrade,Benign
cat /var/log/syslog | grep 'systemd' | tail -n 12,Benign
Get-EventLog -LogName System | % { $_.Name },Benign
cat /var/log/syslog | grep 'systemd' | tail -n 70,Benign
kubectl get services -n monitoring -o wide,Benign
cat /var/log/syslog | grep 'systemd' | tail -n 47,Benign
powershell -ExecutionPolicy AllSigned -File C:\Scripts\maintenance_79.ps1,Benign
git commit -m 'Fixed weight loading issue in engine.py - issue #1249',Benign
git commit -m 'Fixed weight loading issue in engine.py - issue #4186',Benign
tar -czf /tmp/backup.tar.gz /var/log > /dev/null 2>&1 # task_828,Benign
git commit -m 'Fixed weight loading issue in engine.py - issue #8818',Benign
systemctl status nginx > /dev/null 2>&1 # task_625,Benign
powershell -ExecutionPolicy Restricted -File C:\Scripts\maintenance_51.ps1,Benign
git commit -m 'Fixed weight loading issue in engine.py - issue #6680',Benign
git commit -m 'Fixed weight loading issue in engine.py - issue #5166',Benign
git commit -m 'Fixed weight loading issue in engine.py - issue #6587',Benign
"grep -r ""ERROR"" /var/log/ > /dev/null 2>&1 # task_715",Benign
tar -czf /tmp/backup.tar.gz /var/log > /dev/null 2>&1 # task_873,Benign
powershell -ExecutionPolicy Restricted -File C:\Scripts\maintenance_49.ps1,Benign
systemctl status nginx > /dev/null 2>&1 # task_241,Benign
cat /var/log/syslog | grep 'systemd' | tail -n 47,Benign
kubectl get pods -n monitoring --watch,Benign
powershell -ExecutionPolicy Restricted -File C:\Scripts\maintenance_36.ps1,Benign
cat /var/log/syslog | grep 'systemd' | tail -n 65,Benign
"Get-Content | Select-Object Name, Id",Benign
kubectl get deployments -n staging -o wide,Benign
powershell -ExecutionPolicy AllSigned -File C:\Scripts\maintenance_61.ps1,Benign
"Get-Service | Select-Object Name, Id",Benign
terraform init -upgrade,Benign
kubectl get pods -n kube-system --watch,Benign
"grep -r ""ERROR"" /var/log/ > /dev/null 2>&1 # task_654",Benign
git commit -m 'Fixed weight loading issue in engine.py - issue #5003',Benign
Get-Content | Where-Object {$_.Status -eq 'Running'},Benign
Get-EventLog -LogName System | % { $_.Name },Benign
systemctl status nginx > /dev/null 2>&1 # task_775,Benign
powershell -ExecutionPolicy AllSigned -File C:\Scripts\maintenance_50.ps1,Benign
cat /var/log/syslog | grep 'systemd' | tail -n 99,Benign
systemctl status nginx > /dev/null 2>&1 # task_735,Benign
kubectl get pods -n dev -o wide,Benign
git commit -m 'Fixed weight loading issue in engine.py - issue #2836',Benign
cat /var/log/syslog | grep 'systemd' | tail -n 10,Benign
powershell -ExecutionPolicy Restricted -File C:\Scripts\maintenance_18.ps1,Benign
terraform plan -out=tfplan,Benign
Get-EventLog -LogName System | Where-Object {$_.Status -eq 'Running'},Benign
tar -czf /tmp/backup.tar.gz /var/log > /dev/null 2>&1 # task_710,Benign
git commit -m 'Fixed weight loading issue in engine.py - issue #9027',Benign
Get-ADUser | Sort-Object -Descending,Benign
terraform plan -out=tfplan,Benign
kubectl get pods -n monitoring --watch,Benign
git commit -m 'Fixed weight loading issue in engine.py - issue #1616',Benign
systemctl status nginx > /dev/null 2>&1 # task_702,Benign
cat /var/log/syslog | grep 'systemd' | tail -n 55,Benign
powershell -ep Restricted -File C:\Scripts\maintenance_65.ps1,Benign
systemctl status nginx > /dev/null 2>&1 # task_247,Benign
kubectl get services -n kube-system -o wide,Benign
powershell -ep Restricted -File C:\Scripts\maintenance_84.ps1,Benign
terraform apply -auto-approve,Benign
kubectl get configmaps -n dev --watch,Benign
cat /var/log/syslog | grep 'systemd' | tail -n 19,Benign
git commit -m 'Fixed weight loading issue in engine.py - issue #7992',Benign
git commit -m 'Fixed weight loading issue in engine.py - issue #4554',Benign
terraform init -upgrade,Benign
tar -czf /tmp/backup.tar.gz /var/log > /dev/null 2>&1 # task_134,Benign
systemctl status nginx > /dev/null 2>&1 # task_963,Benign
tar -czf /tmp/backup.tar.gz /var/log > /dev/null 2>&1 # task_547,Benign
kubectl get nodes -n staging --watch,Benign
cat /var/log/syslog | grep 'systemd' | tail -n 33,Benign
kubectl get configmaps -n staging --watch,Benign
powershell -ExecutionPolicy Restricted -File C:\Scripts\maintenance_5.ps1,Benign
kubectl get pods -n monitoring -o wide,Benign
powershell -ExecutionPolicy AllSigned -File C:\Scripts\maintenance_61.ps1,Benign
Get-EventLog -LogName System | Sort-Object -Descending,Benign
git commit -m 'Fixed weight loading issue in engine.py - issue #1510',Benign
Get-Content | Where-Object {$_.Status -eq 'Running'},Benign
cat /var/log/syslog | grep 'systemd' | tail -n 96,Benign
powershell -ExecutionPolicy Restricted -File C:\Scripts\maintenance_50.ps1,Benign
git commit -m 'Fixed weight loading issue in engine.py - issue #2671',Benign
cat /var/log/syslog | grep 'systemd' | tail -n 11,Benign
git commit -m 'Fixed weight loading issue in engine.py - issue #1416',Benign
powershell -ExecutionPolicy Restricted -File C:\Scripts\maintenance_19.ps1,Benign
kubectl get configmaps -n production -o wide,Benign
terraform destroy -auto-approve,Benign
terraform init -upgrade,Benign
kubectl get services -n production --watch,Benign
powershell -ep Restricted -File C:\Scripts\maintenance_100.ps1,Benign
git commit -m 'Fixed weight loading issue in engine.py - issue #3788',Benign
systemctl status nginx > /dev/null 2>&1 # task_943,Benign
"grep -r ""ERROR"" /var/log/ > /dev/null 2>&1 # task_556",Benign
Get-ADUser | % { $_.Name },Benign
systemctl status nginx > /dev/null 2>&1 # task_980,Benign
powershell -ExecutionPolicy Restricted -File C:\Scripts\maintenance_37.ps1,Benign
Get-Service | Where-Object {$_.Status -eq 'Running'},Benign
git commit -m 'Fixed weight loading issue in engine.py - issue #5190',Benign
"grep -r ""ERROR"" /var/log/ > /dev/null 2>&1 # task_869",Benign
tar -czf /tmp/backup.tar.gz /var/log > /dev/null 2>&1 # task_446,Benign
kubectl get pods -n dev --watch,Benign
git commit -m 'Fixed weight loading issue in engine.py - issue #3737',Benign
powershell -ep Restricted -File C:\Scripts\maintenance_67.ps1,Benign
"Get-ADUser | Select-Object Name, Id",Benign
kubectl get configmaps -n kube-system --watch,Benign
powershell -ep Restricted -File C:\Scripts\maintenance_57.ps1,Benign
terraform apply -auto-approve,Benign
kubectl get services -n kube-system --watch,Benign
Get-Process | % { $_.Name },Benign
git commit -m 'Fixed weight loading issue in engine.py - issue #6242',Benign
systemctl status nginx > /dev/null 2>&1 # task_772,Benign
git commit -m 'Fixed weight loading issue in engine.py - issue #5181',Benign
Get-ADUser | Where-Object {$_.Status -eq 'Running'},Benign
kubectl get nodes -n staging -o wide,Benign
terraform apply -auto-approve,Benign
git commit -m 'Fixed weight loading issue in engine.py - issue #4028',Benign
powershell -ep Restricted -File C:\Scripts\maintenance_98.ps1,Benign
"grep -r ""ERROR"" /var/log/ > /dev/null 2>&1 # task_647",Benign
terraform plan -out=tfplan,Benign
Get-Content | Where-Object {$_.Status -eq 'Running'},Benign
git commit -m 'Fixed weight loading issue in engine.py - issue #2126',Benign
Get-ADUser | % { $_.Name },Benign
powershell -ExecutionPolicy AllSigned -File C:\Scripts\maintenance_74.ps1,Benign
cat /var/log/syslog | grep 'systemd' | tail -n 41,Benign
powershell -ep Restricted -File C:\Scripts\maintenance_45.ps1,Benign
"Get-Process | Select-Object Name, Id",Benign
cat /var/log/syslog | grep 'systemd' | tail -n 43,Benign
git commit -m 'Fixed weight loading issue in engine.py - issue #3437',Benign
git commit -m 'Fixed weight loading issue in engine.py - issue #1660',Benign
Get-EventLog -LogName System | Sort-Object -Descending,Benign
kubectl get pods -n staging -o wide,Benign
kubectl get pods -n dev --watch,Benign
terraform init -upgrade,Benign
"grep -r ""ERROR"" /var/log/ > /dev/null 2>&1 # task_518",Benign
powershell -ExecutionPolicy Restricted -File C:\Scripts\maintenance_13.ps1,Benign
terraform init -upgrade,Benign
powershell -ep Restricted -File C:\Scripts\maintenance_95.ps1,Benign
powershell -ExecutionPolicy Restricted -File C:\Scripts\maintenance_85.ps1,Benign
terraform apply -auto-approve,Benign
powershell -ep Restricted -File C:\Scripts\maintenance_5.ps1,Benign
powershell -ExecutionPolicy Restricted -File C:\Scripts\maintenance_10.ps1,Benign
kubectl get nodes -n monitoring --watch,Benign
kubectl get services -n monitoring -o wide,Benign
kubectl get services -n monitoring --watch,Benign
powershell -ExecutionPolicy AllSigned -File C:\Scripts\maintenance_74.ps1,Benign
git commit -m 'Fixed weight loading issue in engine.py - issue #1822',Benign
Get-Content | % { $_.Name },Benign
kubectl get services -n monitoring -o wide,Benign
kubectl get services -n production -o wide,Benign
terraform plan -out=tfplan,Benign
"grep -r ""ERROR"" /var/log/ > /dev/null 2>&1 # task_396",Benign
powershell -ExecutionPolicy AllSigned -File C:\Scripts\maintenance_79.ps1,Benign
Get-Process | Where-Object {$_.Status -eq 'Running'},Benign
systemctl status nginx > /dev/null 2>&1 # task_629,Benign
powershell -ExecutionPolicy Restricted -File C:\Scripts\maintenance_62.ps1,Benign
git commit -m 'Fixed weight loading issue in engine.py - issue #2380',Benign
tar -czf /tmp/backup.tar.gz /var/log > /dev/null 2>&1 # task_430,Benign
Get-Content | Where-Object {$_.Status -eq 'Running'},Benign
systemctl status nginx > /dev/null 2>&1 # task_217,Benign
Get-EventLog -LogName System | Where-Object {$_.Status -eq 'Running'},Benign
kubectl get services -n dev --watch,Benign
cat /var/log/syslog | grep 'systemd' | tail -n 50,Benign
Get-Service | Where-Object {$_.Status -eq 'Running'},Benign
kubectl get nodes -n production --watch,Benign
kubectl get nodes -n monitoring -o wide,Benign
cat /var/log/syslog | grep 'systemd' | tail -n 33,Benign
tar -czf /tmp/backup.tar.gz /var/log > /dev/null 2>&1 # task_580,Benign
Get-ADUser | % { $_.Name },Benign
"Get-Service | Select-Object Name, Id",Benign
terraform apply -auto-approve,Benign
powershell -ep Restricted -File C:\Scripts\maintenance_7.ps1,Benign
git commit -m 'Fixed weight loading issue in engine.py - issue #7914',Benign
"Get-Content | Select-Object Name, Id",Benign
git commit -m 'Fixed weight loading issue in engine.py - issue #7341',Benign
"Get-EventLog -LogName System | Select-Object Name, Id",Benign
Get-Process | Sort-Object -Descending,Benign
powershell -ExecutionPolicy AllSigned -File C:\Scripts\maintenance_51.ps1,Benign
git commit -m 'Fixed weight loading issue in engine.py - issue #9031',Benign
"Get-Content | Select-Object Name, Id",Benign
powershell -ep Restricted -File C:\Scripts\maintenance_46.ps1,Benign
tar -czf /tmp/backup.tar.gz /var/log > /dev/null 2>&1 # task_297,Benign
git commit -m 'Fixed weight loading issue in engine.py - issue #3708',Benign
kubectl get pods -n staging --watch,Benign
git commit -m 'Fixed weight loading issue in engine.py - issue #6667',Benign
terraform apply -auto-approve,Benign
kubectl get pods -n production -o wide,Benign
cat /var/log/syslog | grep 'systemd' | tail -n 47,Benign
powershell -ep Restricted -File C:\Scripts\maintenance_14.ps1,Benign
Get-Content | Sort-Object -Descending,Benign
Get-Process | % { $_.Name },Benign
git commit -m 'Fixed weight loading issue in engine.py - issue #6736',Benign
git commit -m 'Fixed weight loading issue in engine.py - issue #9576',Benign
cat /var/log/syslog | grep 'systemd' | tail -n 19,Benign
Get-Process | Sort-Object -Descending,Benign
kubectl get deployments -n production -o wide,Benign
git commit -m 'Fixed weight loading issue in engine.py - issue #4127',Benign
powershell -ExecutionPolicy Restricted -File C:\Scripts\maintenance_53.ps1,Benign
terraform init -upgrade,Benign
systemctl status nginx > /dev/null 2>&1 # task_943,Benign
systemctl status nginx > /dev/null 2>&1 # task_977,Benign
systemctl status nginx > /dev/null 2>&1 # task_693,Benign
"grep -r ""ERROR"" /var/log/ > /dev/null 2>&1 # task_597",Benign
kubectl get pods -n dev -o wide,Benign
terraform destroy -auto-approve,Benign
"grep -r ""ERROR"" /var/log/ > /dev/null 2>&1 # task_584",Benign
Get-ADUser | % { $_.Name },Benign
Get-EventLog -LogName System | Sort-Object -Descending,Benign
cat /var/log/syslog | grep 'systemd' | tail -n 59,Benign
powershell -ExecutionPolicy AllSigned -File C:\Scripts\maintenance_59.ps1,Benign
"grep -r ""ERROR"" /var/log/ > /dev/null 2>&1 # task_825",Benign
powershell -ExecutionPolicy AllSigned -File C:\Scripts\maintenance_58.ps1,Benign
git commit -m 'Fixed weight loading issue in engine.py - issue #5998',Benign
cat /var/log/syslog | grep 'systemd' | tail -n 66,Benign
systemctl status nginx > /dev/null 2>&1 # task_850,Benign
kubectl get pods -n kube-system --watch,Benign
terraform init -upgrade,Benign
systemctl status nginx > /dev/null 2>&1 # task_490,Benign
Get-Process | Where-Object {$_.Status -eq 'Running'},Benign
powershell -ExecutionPolicy AllSigned -File C:\Scripts\maintenance_47.ps1,Benign
tar -czf /tmp/backup.tar.gz /var/log > /dev/null 2>&1 # task_302,Benign
Get-Content | Where-Object {$_.Status -eq 'Running'},Benign
kubectl get services -n dev -o wide,Benign
powershell -ExecutionPolicy Restricted -File C:\Scripts\maintenance_5.ps1,Benign
tar -czf /tmp/backup.tar.gz /var/log > /dev/null 2>&1 # task_762,Benign
kubectl get configmaps -n kube-system --watch,Benign
kubectl get pods -n production --watch,Benign
kubectl get pods -n monitoring -o wide,Benign
cat /var/log/syslog | grep 'systemd' | tail -n 98,Benign
cat /var/log/syslog | grep 'systemd' | tail -n 28,Benign
kubectl get nodes -n staging --watch,Benign
cat /var/log/syslog | grep 'systemd' | tail -n 80,Benign
Get-Content | % { $_.Name },Benign
Get-Process | % { $_.Name },Benign
"Get-Process | Select-Object Name, Id",Benign
systemctl status nginx > /dev/null 2>&1 # task_513,Benign
terraform plan -out=tfplan,Benign
kubectl get pods -n staging --watch,Benign
"Get-Service | Select-Object Name, Id",Benign
terraform destroy -auto-approve,Benign
kubectl get deployments -n kube-system -o wide,Benign
terraform destroy -auto-approve,Benign
"Get-Content | Select-Object Name, Id",Benign
cat /var/log/syslog | grep 'systemd' | tail -n 25,Benign
terraform plan -out=tfplan,Benign
cat /var/log/syslog | grep 'systemd' | tail -n 28,Benign
terraform apply -auto-approve,Benign
kubectl get deployments -n dev -o wide,Benign
terraform destroy -auto-approve,Benign
terraform destroy -auto-approve,Benign
kubectl get configmaps -n monitoring --watch,Benign
"Get-ADUser | Select-Object Name, Id",Benign
terraform apply -auto-approve,Benign
kubectl get nodes -n production --watch,Benign
"grep -r ""ERROR"" /var/log/ > /dev/null 2>&1 # task_858",Benign
Get-Service | Sort-Object -Descending,Benign
"Get-Content | Select-Object Name, Id",Benign
powershell -ExecutionPolicy AllSigned -File C:\Scripts\maintenance_45.ps1,Benign
Get-Service | Where-Object {$_.Status -eq 'Running'},Benign
terraform init -upgrade,Benign
terraform apply -auto-approve,Benign
systemctl status nginx > /dev/null 2>&1 # task_824,Benign
git commit -m 'Fixed weight loading issue in engine.py - issue #3213',Benign
tar -czf /tmp/backup.tar.gz /var/log > /dev/null 2>&1 # task_753,Benign
Get-EventLog -LogName System | % { $_.Name },Benign
cat /var/log/syslog | grep 'systemd' | tail -n 92,Benign
git commit -m 'Fixed weight loading issue in engine.py - issue #1638',Benign
"grep -r ""ERROR"" /var/log/ > /dev/null 2>&1 # task_869",Benign
Get-Content | % { $_.Name },Benign
cat /var/log/syslog | grep 'systemd' | tail -n 42,Benign
powershell -ExecutionPolicy Restricted -File C:\Scripts\maintenance_16.ps1,Benign
kubectl get configmaps -n kube-system --watch,Benign
kubectl get services -n kube-system --watch,Benign
git commit -m 'Fixed weight loading issue in engine.py - issue #9981',Benign
cat /var/log/syslog | grep 'systemd' | tail -n 12,Benign
"grep -r ""ERROR"" /var/log/ > /dev/null 2>&1 # task_804",Benign
terraform apply -auto-approve,Benign
cat /var/log/syslog | grep 'systemd' | tail -n 30,Benign
cat /var/log/syslog | grep 'systemd' | tail -n 34,Benign
kubectl get nodes -n dev -o wide,Benign
powershell -ep Restricted -File C:\Scripts\maintenance_79.ps1,Benign
cat /var/log/syslog | grep 'systemd' | tail -n 68,Benign
Get-ADUser | % { $_.Name },Benign
Get-Content | Sort-Object -Descending,Benign
kubectl get services -n kube-system --watch,Benign
kubectl get services -n monitoring --watch,Benign
cat /var/log/syslog | grep 'systemd' | tail -n 86,Benign
kubectl get pods -n dev -o wide,Benign
Get-Service | Where-Object {$_.Status -eq 'Running'},Benign
kubectl get configmaps -n kube-system --watch,Benign
"Get-EventLog -LogName System | Select-Object Name, Id",Benign
terraform destroy -auto-approve,Benign
"grep -r ""ERROR"" /var/log/ > /dev/null 2>&1 # task_681",Benign
terraform init -upgrade,Benign
kubectl get configmaps -n dev --watch,Benign
kubectl get pods -n kube-system -o wide,Benign
Get-Service | Where-Object {$_.Status -eq 'Running'},Benign
git commit -m 'Fixed weight loading issue in engine.py - issue #7976',Benign
kubectl get nodes -n production --watch,Benign
cat /var/log/syslog | grep 'systemd' | tail -n 26,Benign
cat /var/log/syslog | grep 'systemd' | tail -n 99,Benign
cat /var/log/syslog | grep 'systemd' | tail -n 59,Benign
kubectl get configmaps -n kube-system --watch,Benign
terraform plan -out=tfplan,Benign
terraform init -upgrade,Benign
cat /var/log/syslog | grep 'systemd' | tail -n 24,Benign
kubectl get deployments -n kube-system --watch,Benign
tar -czf /tmp/backup.tar.gz /var/log > /dev/null 2>&1 # task_405,Benign
cat /var/log/syslog | grep 'systemd' | tail -n 49,Benign
powershell -ExecutionPolicy Restricted -File C:\Scripts\maintenance_7.ps1,Benign
powershell -ExecutionPolicy Restricted -File C:\Scripts\maintenance_80.ps1,Benign
powershell -ep Restricted -File C:\Scripts\maintenance_3.ps1,Benign
powershell -ExecutionPolicy Restricted -File C:\Scripts\maintenance_69.ps1,Benign
git commit -m 'Fixed weight loading issue in engine.py - issue #6404',Benign
systemctl status nginx > /dev/null 2>&1 # task_910,Benign
systemctl status nginx > /dev/null 2>&1 # task_677,Benign
kubectl get configmaps -n dev --watch,Benign
Get-Content | % { $_.Name },Benign
terraform destroy -auto-approve,Benign
kubectl get pods -n production --watch,Benign
terraform destroy -auto-approve,Benign
cat /var/log/syslog | grep 'systemd' | tail -n 38,Benign
powershell -ExecutionPolicy Restricted -File C:\Scripts\maintenance_69.ps1,Benign
"Get-EventLog -LogName System | Select-Object Name, Id",Benign
terraform plan -out=tfplan,Benign
kubectl get deployments -n dev -o wide,Benign
kubectl get nodes -n kube-system -o wide,Benign
git commit -m 'Fixed weight loading issue in engine.py - issue #5839',Benign
powershell -ExecutionPolicy AllSigned -File C:\Scripts\maintenance_5.ps1,Benign
cat /var/log/syslog | grep 'systemd' | tail -n 86,Benign
terraform apply -auto-approve,Benign
terraform destroy -auto-approve,Benign
git commit -m 'Fixed weight loading issue in engine.py - issue #1558',Benign
git commit -m 'Fixed weight loading issue in engine.py - issue #3276',Benign
kubectl get configmaps -n production -o wide,Benign
Get-ADUser | Where-Object {$_.Status -eq 'Running'},Benign
"Get-Process | Select-Object Name, Id",Benign
systemctl status nginx > /dev/null 2>&1 # task_675,Benign
powershell -ExecutionPolicy AllSigned -File C:\Scripts\maintenance_59.ps1,Benign
powershell -ExecutionPolicy Restricted -File C:\Scripts\maintenance_89.ps1,Benign
terraform plan -out=tfplan,Benign
powershell -ep Restricted -File C:\Scripts\maintenance_58.ps1,Benign
"Get-Content | Select-Object Name, Id",Benign
git commit -m 'Fixed weight loading issue in engine.py - issue #9349',Benign
kubectl get nodes -n staging --watch,Benign
terraform plan -out=tfplan,Benign
terraform destroy -auto-approve,Benign
"grep -r ""ERROR"" /var/log/ > /dev/null 2>&1 # task_981",Benign
cat /var/log/syslog | grep 'systemd' | tail -n 23,Benign
cat /var/log/syslog | grep 'systemd' | tail -n 24,Benign
Get-ADUser | Where-Object {$_.Status -eq 'Running'},Benign
tar -czf /tmp/backup.tar.gz /var/log > /dev/null 2>&1 # task_438,Benign
Get-Service | Sort-Object -Descending,Benign
git commit -m 'Fixed weight loading issue in engine.py - issue #4145',Benign
kubectl get nodes -n monitoring --watch,Benign
git commit -m 'Fixed weight loading issue in engine.py - issue #7952',Benign
powershell -ExecutionPolicy AllSigned -File C:\Scripts\maintenance_66.ps1,Benign
terraform destroy -auto-approve,Benign
git commit -m 'Fixed weight loading issue in engine.py - issue #3429',Benign
cat /var/log/syslog | grep 'systemd' | tail -n 65,Benign
Get-ADUser | Where-Object {$_.Status -eq 'Running'},Benign
git commit -m 'Fixed weight loading issue in engine.py - issue #7218',Benign
kubectl get nodes -n staging --watch,Benign
tar -czf /tmp/backup.tar.gz /var/log > /dev/null 2>&1 # task_722,Benign
Get-Process | Where-Object {$_.Status -eq 'Running'},Benign
Get-ADUser | Where-Object {$_.Status -eq 'Running'},Benign
kubectl get services -n monitoring -o wide,Benign
kubectl get services -n monitoring -o wide,Benign
kubectl get configmaps -n production --watch,Benign
terraform apply -auto-approve,Benign
powershell -ep Restricted -File C:\Scripts\maintenance_16.ps1,Benign
cat /var/log/syslog | grep 'systemd' | tail -n 62,Benign
powershell -ep Restricted -File C:\Scripts\maintenance_18.ps1,Benign
terraform destroy -auto-approve,Benign
kubectl get configmaps -n monitoring -o wide,Benign
Get-Process | % { $_.Name },Benign
terraform init -upgrade,Benign
powershell -ExecutionPolicy AllSigned -File C:\Scripts\maintenance_91.ps1,Benign
powershell -ep Restricted -File C:\Scripts\maintenance_84.ps1,Benign
git commit -m 'Fixed weight loading issue in engine.py - issue #1357',Benign
git commit -m 'Fixed weight loading issue in engine.py - issue #9177',Benign
powershell -ExecutionPolicy AllSigned -File C:\Scripts\maintenance_26.ps1,Benign
terraform destroy -auto-approve,Benign
"grep -r ""ERROR"" /var/log/ > /dev/null 2>&1 # task_261",Benign
git commit -m 'Fixed weight loading issue in engine.py - issue #4876',Benign
Get-Content | Sort-Object -Descending,Benign
"grep -r ""ERROR"" /var/log/ > /dev/null 2>&1 # task_379",Benign
cat /var/log/syslog | grep 'systemd' | tail -n 23,Benign
cat /var/log/syslog | grep 'systemd' | tail -n 46,Benign
cat /var/log/syslog | grep 'systemd' | tail -n 54,Benign
powershell -ExecutionPolicy Restricted -File C:\Scripts\maintenance_29.ps1,Benign
cat /var/log/syslog | grep 'systemd' | tail -n 36,Benign
tar -czf /tmp/backup.tar.gz /var/log > /dev/null 2>&1 # task_363,Benign
terraform init -upgrade,Benign
git commit -m 'Fixed weight loading issue in engine.py - issue #9711',Benign
Get-Service | % { $_.Name },Benign
git commit -m 'Fixed weight loading issue in engine.py - issue #3426',Benign
Get-Service | % { $_.Name },Benign
cat /var/log/syslog | grep 'systemd' | tail -n 30,Benign
"Get-ADUser | Select-Object Name, Id",Benign
cat /var/log/syslog | grep 'systemd' | tail -n 98,Benign
systemctl status nginx > /dev/null 2>&1 # task_461,Benign
git commit -m 'Fixed weight loading issue in engine.py - issue #8259',Benign
git commit -m 'Fixed weight loading issue in engine.py - issue #1921',Benign
kubectl get pods -n kube-system --watch,Benign
kubectl get pods -n production --watch,Benign
kubectl get services -n dev -o wide,Benign
systemctl status nginx > /dev/null 2>&1 # task_346,Benign
terraform destroy -auto-approve,Benign
git commit -m 'Fixed weight loading issue in engine.py - issue #4492',Benign
git commit -m 'Fixed weight loading issue in engine.py - issue #3099',Benign
Get-ADUser | Sort-Object -Descending,Benign
cat /var/log/syslog | grep 'systemd' | tail -n 64,Benign
terraform destroy -auto-approve,Benign
git commit -m 'Fixed weight loading issue in engine.py - issue #6318',Benign
"grep -r ""ERROR"" /var/log/ > /dev/null 2>&1 # task_217",Benign
powershell -ExecutionPolicy Restricted -File C:\Scripts\maintenance_52.ps1,Benign
systemctl status nginx > /dev/null 2>&1 # task_429,Benign
Get-EventLog -LogName System | % { $_.Name },Benign
git commit -m 'Fixed weight loading issue in engine.py - issue #4941',Benign
git commit -m 'Fixed weight loading issue in engine.py - issue #1189',Benign
Get-Service | Sort-Object -Descending,Benign
kubectl get services -n staging -o wide,Benign
git commit -m 'Fixed weight loading issue in engine.py - issue #8964',Benign
powershell -ExecutionPolicy Restricted -File C:\Scripts\maintenance_40.ps1,Benign
cat /var/log/syslog | grep 'systemd' | tail -n 29,Benign
"grep -r ""ERROR"" /var/log/ > /dev/null 2>&1 # task_586",Benign
kubectl get services -n staging --watch,Benign
terraform plan -out=tfplan,Benign
cat /var/log/syslog | grep 'systemd' | tail -n 25,Benign
kubectl get nodes -n production --watch,Benign
cat /var/log/syslog | grep 'systemd' | tail -n 71,Benign
terraform destroy -auto-approve,Benign
powershell -ExecutionPolicy AllSigned -File C:\Scripts\maintenance_60.ps1,Benign
powershell -ep Restricted -File C:\Scripts\maintenance_7.ps1,Benign
terraform destroy -auto-approve,Benign
Get-Process | Where-Object {$_.Status -eq 'Running'},Benign
kubectl get services -n monitoring --watch,Benign
cat /var/log/syslog | grep 'systemd' | tail -n 40,Benign
tar -czf /tmp/backup.tar.gz /var/log > /dev/null 2>&1 # task_144,Benign
powershell -ep Restricted -File C:\Scripts\maintenance_8.ps1,Benign
powershell -ep Restricted -File C:\Scripts\maintenance_15.ps1,Benign
terraform plan -out=tfplan,Benign
systemctl status nginx > /dev/null 2>&1 # task_666,Benign
powershell -ep Restricted -File C:\Scripts\maintenance_96.ps1,Benign
git commit -m 'Fixed weight loading issue in engine.py - issue #8963',Benign
cat /var/log/syslog | grep 'systemd' | tail -n 87,Benign
powershell -ep Restricted -File C:\Scripts\maintenance_51.ps1,Benign
terraform destroy -auto-approve,Benign
terraform plan -out=tfplan,Benign
terraform init -upgrade,Benign
kubectl get configmaps -n dev -o wide,Benign
terraform destroy -auto-approve,Benign
Get-EventLog -LogName System | % { $_.Name },Benign
cat /var/log/syslog | grep 'systemd' | tail -n 23,Benign
terraform destroy -auto-approve,Benign
terraform destroy -auto-approve,Benign
tar -czf /tmp/backup.tar.gz /var/log > /dev/null 2>&1 # task_688,Benign
Get-Content | % { $_.Name },Benign
terraform init -upgrade,Benign
kubectl get services -n monitoring --watch,Benign
Get-Service | Where-Object {$_.Status -eq 'Running'},Benign
kubectl get deployments -n kube-system --watch,Benign
git commit -m 'Fixed weight loading issue in engine.py - issue #5946',Benign
kubectl get nodes -n monitoring -o wide,Benign
cat /var/log/syslog | grep 'systemd' | tail -n 70,Benign
cat /var/log/syslog | grep 'systemd' | tail -n 23,Benign
kubectl get nodes -n monitoring -o wide,Benign
"Get-Content | Select-Object Name, Id",Benign
"Get-Process | Select-Object Name, Id",Benign
kubectl get deployments -n production -o wide,Benign
cat /var/log/syslog | grep 'systemd' | tail -n 12,Benign
cat /var/log/syslog | grep 'systemd' | tail -n 18,Benign
cat /var/log/syslog | grep 'systemd' | tail -n 53,Benign
terraform destroy -auto-approve,Benign
kubectl get configmaps -n monitoring -o wide,Benign
kubectl get services -n monitoring -o wide,Benign
powershell -ExecutionPolicy AllSigned -File C:\Scripts\maintenance_11.ps1,Benign
kubectl get deployments -n dev --watch,Benign
git commit -m 'Fixed weight loading issue in engine.py - issue #4710',Benign
terraform plan -out=tfplan,Benign
powershell -ExecutionPolicy Restricted -File C:\Scripts\maintenance_69.ps1,Benign
kubectl get deployments -n production -o wide,Benign
terraform destroy -auto-approve,Benign
cat /var/log/syslog | grep 'systemd' | tail -n 41,Benign
Get-ADUser | Sort-Object -Descending,Benign
cat /var/log/syslog | grep 'systemd' | tail -n 35,Benign
terraform apply -auto-approve,Benign
cat /var/log/syslog | grep 'systemd' | tail -n 88,Benign
systemctl status nginx > /dev/null 2>&1 # task_149,Benign
cat /var/log/syslog | grep 'systemd' | tail -n 81,Benign
kubectl get nodes -n monitoring -o wide,Benign
cat /var/log/syslog | grep 'systemd' | tail -n 67,Benign
git commit -m 'Fixed weight loading issue in engine.py - issue #4233',Benign
systemctl status nginx > /dev/null 2>&1 # task_195,Benign
Get-Service | Where-Object {$_.Status -eq 'Running'},Benign
cat /var/log/syslog | grep 'systemd' | tail -n 18,Benign
terraform destroy -auto-approve,Benign
kubectl get pods -n kube-system --watch,Benign
cat /var/log/syslog | grep 'systemd' | tail -n 96,Benign
kubectl get pods -n production -o wide,Benign
cat /var/log/syslog | grep 'systemd' | tail -n 24,Benign
kubectl get configmaps -n staging --watch,Benign
cat /var/log/syslog | grep 'systemd' | tail -n 97,Benign
git commit -m 'Fixed weight loading issue in engine.py - issue #2920',Benign
cat /var/log/syslog | grep 'systemd' | tail -n 64,Benign
git commit -m 'Fixed weight loading issue in engine.py - issue #5480',Benign
terraform destroy -auto-approve,Benign
tar -czf /tmp/backup.tar.gz /var/log > /dev/null 2>&1 # task_906,Benign
cat /var/log/syslog | grep 'systemd' | tail -n 30,Benign
"Get-EventLog -LogName System | Select-Object Name, Id",Benign
powershell -ExecutionPolicy Restricted -File C:\Scripts\maintenance_97.ps1,Benign
git commit -m 'Fixed weight loading issue in engine.py - issue #3182',Benign
terraform plan -out=tfplan,Benign
cat /var/log/syslog | grep 'systemd' | tail -n 91,Benign
cat /var/log/syslog | grep 'systemd' | tail -n 48,Benign
systemctl status nginx > /dev/null 2>&1 # task_277,Benign
git commit -m 'Fixed weight loading issue in engine.py - issue #4748',Benign
cat /var/log/syslog | grep 'systemd' | tail -n 52,Benign
cat /var/log/syslog | grep 'systemd' | tail -n 51,Benign
git commit -m 'Fixed weight loading issue in engine.py - issue #2439',Benign
kubectl get services -n monitoring --watch,Benign
git commit -m 'Fixed weight loading issue in engine.py - issue #6318',Benign
cat /var/log/syslog | grep 'systemd' | tail -n 32,Benign
powershell -ep Restricted -File C:\Scripts\maintenance_49.ps1,Benign
systemctl status nginx > /dev/null 2>&1 # task_649,Benign
cat /var/log/syslog | grep 'systemd' | tail -n 71,Benign
cat /var/log/syslog | grep 'systemd' | tail -n 40,Benign
powershell -ExecutionPolicy AllSigned -File C:\Scripts\maintenance_66.ps1,Benign
kubectl get pods -n monitoring --watch,Benign
kubectl get pods -n monitoring -o wide,Benign
cat /var/log/syslog | grep 'systemd' | tail -n 90,Benign
kubectl get configmaps -n monitoring -o wide,Benign
cat /var/log/syslog | grep 'systemd' | tail -n 90,Benign
systemctl status nginx > /dev/null 2>&1 # task_293,Benign
kubectl get configmaps -n production --watch,Benign
powershell -ExecutionPolicy Restricted -File C:\Scripts\maintenance_91.ps1,Benign
cat /var/log/syslog | grep 'systemd' | tail -n 26,Benign
git commit -m 'Fixed weight loading issue in engine.py - issue #9615',Benign
Get-ADUser | Sort-Object -Descending,Benign
powershell -ExecutionPolicy AllSigned -File C:\Scripts\maintenance_60.ps1,Benign
"grep -r ""ERROR"" /var/log/ > /dev/null 2>&1 # task_115",Benign
cat /var/log/syslog | grep 'systemd' | tail -n 50,Benign
git commit -m 'Fixed weight loading issue in engine.py - issue #3674',Benign
kubectl get nodes -n staging -o wide,Benign
powershell -ep Restricted -File C:\Scripts\maintenance_22.ps1,Benign
terraform apply -auto-approve,Benign
git commit -m 'Fixed weight loading issue in engine.py - issue #3474',Benign
kubectl get configmaps -n production --watch,Benign
kubectl get pods -n monitoring -o wide,Benign
powershell -ExecutionPolicy AllSigned -File C:\Scripts\maintenance_29.ps1,Benign
powershell -ExecutionPolicy AllSigned -File C:\Scripts\maintenance_89.ps1,Benign
terraform plan -out=tfplan,Benign
systemctl status nginx > /dev/null 2>&1 # task_408,Benign
kubectl get configmaps -n dev --watch,Benign
git commit -m 'Fixed weight loading issue in engine.py - issue #1881',Benign
terraform destroy -auto-approve,Benign
systemctl status nginx > /dev/null 2>&1 # task_629,Benign
git commit -m 'Fixed weight loading issue in engine.py - issue #6638',Benign
powershell -ep Restricted -File C:\Scripts\maintenance_32.ps1,Benign
kubectl get configmaps -n kube-system --watch,Benign
powershell -ExecutionPolicy Restricted -File C:\Scripts\maintenance_82.ps1,Benign
kubectl get configmaps -n dev -o wide,Benign
terraform plan -out=tfplan,Benign
cat /var/log/syslog | grep 'systemd' | tail -n 10,Benign
powershell -ep Restricted -File C:\Scripts\maintenance_27.ps1,Benign
"Get-Process | Select-Object Name, Id",Benign
powershell -ExecutionPolicy Restricted -File C:\Scripts\maintenance_42.ps1,Benign
kubectl get pods -n monitoring --watch,Benign
terraform plan -out=tfplan,Benign
git commit -m 'Fixed weight loading issue in engine.py - issue #2683',Benign
tar -czf /tmp/backup.tar.gz /var/log > /dev/null 2>&1 # task_695,Benign
git commit -m 'Fixed weight loading issue in engine.py - issue #6560',Benign
kubectl get nodes -n kube-system --watch,Benign
systemctl status nginx > /dev/null 2>&1 # task_133,Benign
Get-Process | Sort-Object -Descending,Benign
kubectl get services -n dev --watch,Benign
powershell -ExecutionPolicy Restricted -File C:\Scripts\maintenance_90.ps1,Benign
powershell -ExecutionPolicy Restricted -File C:\Scripts\maintenance_63.ps1,Benign
cat /var/log/syslog | grep 'systemd' | tail -n 52,Benign
cat /var/log/syslog | grep 'systemd' | tail -n 65,Benign
kubectl get deployments -n production -o wide,Benign
cat /var/log/syslog | grep 'systemd' | tail -n 36,Benign
powershell -ep Restricted -File C:\Scripts\maintenance_26.ps1,Benign
kubectl get configmaps -n kube-system --watch,Benign
cat /var/log/syslog | grep 'systemd' | tail -n 100,Benign
git commit -m 'Fixed weight loading issue in engine.py - issue #1476',Benign
cat /var/log/syslog | grep 'systemd' | tail -n 43,Benign
kubectl get services -n kube-system -o wide,Benign
powershell -ExecutionPolicy Restricted -File C:\Scripts\maintenance_97.ps1,Benign
terraform apply -auto-approve,Benign
powershell -ExecutionPolicy AllSigned -File C:\Scripts\maintenance_4.ps1,Benign
powershell -ExecutionPolicy Restricted -File C:\Scripts\maintenance_53.ps1,Benign
powershell -ExecutionPolicy Restricted -File C:\Scripts\maintenance_77.ps1,Benign
git commit -m 'Fixed weight loading issue in engine.py - issue #4782',Benign
git commit -m 'Fixed weight loading issue in engine.py - issue #8305',Benign
powershell -ep Restricted -File C:\Scripts\maintenance_4.ps1,Benign
powershell -ExecutionPolicy Restricted -File C:\Scripts\maintenance_49.ps1,Benign
powershell -ep Restricted -File C:\Scripts\maintenance_60.ps1,Benign
powershell -ExecutionPolicy Restricted -File C:\Scripts\maintenance_38.ps1,Benign
cat /var/log/syslog | grep 'systemd' | tail -n 47,Benign
Get-Process | Where-Object {$_.Status -eq 'Running'},Benign
terraform init -upgrade,Benign
cat /var/log/syslog | grep 'systemd' | tail -n 10,Benign
git commit -m 'Fixed weight loading issue in engine.py - issue #5077',Benign
git commit -m 'Fixed weight loading issue in engine.py - issue #5450',Benign
git commit -m 'Fixed weight loading issue in engine.py - issue #9324',Benign
systemctl status nginx > /dev/null 2>&1 # task_424,Benign
powershell -ep Restricted -File C:\Scripts\maintenance_51.ps1,Benign
"Get-ADUser | Select-Object Name, Id",Benign
systemctl status nginx > /dev/null 2>&1 # task_106,Benign
powershell -ExecutionPolicy Restricted -File C:\Scripts\maintenance_86.ps1,Benign
Get-Service | Where-Object {$_.Status -eq 'Running'},Benign
Get-ADUser | % { $_.Name },Benign
cat /var/log/syslog | grep 'systemd' | tail -n 18,Benign
kubectl get pods -n production -o wide,Benign
git commit -m 'Fixed weight loading issue in engine.py - issue #9624',Benign
powershell -ep Restricted -File C:\Scripts\maintenance_38.ps1,Benign
git commit -m 'Fixed weight loading issue in engine.py - issue #5416',Benign
cat /var/log/syslog | grep 'systemd' | tail -n 39,Benign
Get-EventLog -LogName System | Where-Object {$_.Status -eq 'Running'},Benign
Get-ADUser | % { $_.Name },Benign
powershell -ExecutionPolicy Restricted -File C:\Scripts\maintenance_53.ps1,Benign
git commit -m 'Fixed weight loading issue in engine.py - issue #2466',Benign
powershell -ExecutionPolicy AllSigned -File C:\Scripts\maintenance_35.ps1,Benign
cat /var/log/syslog | grep 'systemd' | tail -n 26,Benign
"grep -r ""ERROR"" /var/log/ > /dev/null 2>&1 # task_639",Benign
powershell -ExecutionPolicy AllSigned -File C:\Scripts\maintenance_38.ps1,Benign
cat /var/log/syslog | grep 'systemd' | tail -n 11,Benign
"grep -r ""ERROR"" /var/log/ > /dev/null 2>&1 # task_447",Benign
git commit -m 'Fixed weight loading issue in engine.py - issue #5433',Benign
terraform destroy -auto-approve,Benign
kubectl get nodes -n monitoring --watch,Benign
cat /var/log/syslog | grep 'systemd' | tail -n 55,Benign
git commit -m 'Fixed weight loading issue in engine.py - issue #1295',Benign
powershell -ExecutionPolicy Restricted -File C:\Scripts\maintenance_72.ps1,Benign
powershell -ExecutionPolicy Restricted -File C:\Scripts\maintenance_14.ps1,Benign
systemctl status nginx > /dev/null 2>&1 # task_337,Benign
terraform destroy -auto-approve,Benign
Get-Content | Where-Object {$_.Status -eq 'Running'},Benign
Get-EventLog -LogName System | % { $_.Name },Benign
git commit -m 'Fixed weight loading issue in engine.py - issue #6019',Benign
"grep -r ""ERROR"" /var/log/ > /dev/null 2>&1 # task_957",Benign
terraform destroy -auto-approve,Benign
Get-ADUser | Sort-Object -Descending,Benign
kubectl get pods -n monitoring -o wide,Benign
cat /var/log/syslog | grep 'systemd' | tail -n 56,Benign
cat /var/log/syslog | grep 'systemd' | tail -n 73,Benign
kubectl get services -n dev -o wide,Benign
git commit -m 'Fixed weight loading issue in engine.py - issue #6309',Benign
git commit -m 'Fixed weight loading issue in engine.py - issue #7774',Benign
Get-Process | Sort-Object -Descending,Benign
kubectl get configmaps -n staging -o wide,Benign
cat /var/log/syslog | grep 'systemd' | tail -n 57,Benign
git commit -m 'Fixed weight loading issue in engine.py - issue #4284',Benign
systemctl status nginx > /dev/null 2>&1 # task_636,Benign
Get-EventLog -LogName System | Sort-Object -Descending,Benign
powershell -ExecutionPolicy Restricted -File C:\Scripts\maintenance_5.ps1,Benign
terraform destroy -auto-approve,Benign
kubectl get nodes -n staging --watch,Benign
cat /var/log/syslog | grep 'systemd' | tail -n 51,Benign
git commit -m 'Fixed weight loading issue in engine.py - issue #4007',Benign
kubectl get configmaps -n monitoring --watch,Benign
powershell -ExecutionPolicy Restricted -File C:\Scripts\maintenance_68.ps1,Benign
cat /var/log/syslog | grep 'systemd' | tail -n 66,Benign
powershell -ep Restricted -File C:\Scripts\maintenance_66.ps1,Benign
cat /var/log/syslog | grep 'systemd' | tail -n 69,Benign
Get-Content | % { $_.Name },Benign
"grep -r ""ERROR"" /var/log/ > /dev/null 2>&1 # task_597",Benign
kubectl get services -n staging --watch,Benign
powershell -ExecutionPolicy Restricted -File C:\Scripts\maintenance_68.ps1,Benign
powershell -ep Restricted -File C:\Scripts\maintenance_70.ps1,Benign
kubectl get services -n monitoring --watch,Benign
kubectl get deployments -n kube-system --watch,Benign
kubectl get pods -n dev --watch,Benign
systemctl status nginx > /dev/null 2>&1 # task_673,Benign
tar -czf /tmp/backup.tar.gz /var/log > /dev/null 2>&1 # task_697,Benign
tar -czf /tmp/backup.tar.gz /var/log > /dev/null 2>&1 # task_317,Benign
Get-ADUser | % { $_.Name },Benign
"grep -r ""ERROR"" /var/log/ > /dev/null 2>&1 # task_330",Benign
terraform apply -auto-approve,Benign
git commit -m 'Fixed weight loading issue in engine.py - issue #5618',Benign
cat /var/log/syslog | grep 'systemd' | tail -n 50,Benign
systemctl status nginx > /dev/null 2>&1 # task_478,Benign
tar -czf /tmp/backup.tar.gz /var/log > /dev/null 2>&1 # task_272,Benign
tar -czf /tmp/backup.tar.gz /var/log > /dev/null 2>&1 # task_505,Benign
git commit -m 'Fixed weight loading issue in engine.py - issue #6187',Benign
powershell -ExecutionPolicy AllSigned -File C:\Scripts\maintenance_2.ps1,Benign
Get-Process | % { $_.Name },Benign
systemctl status nginx > /dev/null 2>&1 # task_564,Benign
terraform destroy -auto-approve,Benign
powershell -ExecutionPolicy Restricted -File C:\Scripts\maintenance_25.ps1,Benign
powershell -ExecutionPolicy Restricted -File C:\Scripts\maintenance_28.ps1,Benign
cat /var/log/syslog | grep 'systemd' | tail -n 70,Benign
tar -czf /tmp/backup.tar.gz /var/log > /dev/null 2>&1 # task_993,Benign
git commit -m 'Fixed weight loading issue in engine.py - issue #1927',Benign
git commit -m 'Fixed weight loading issue in engine.py - issue #5680',Benign
cat /var/log/syslog | grep 'systemd' | tail -n 62,Benign
git commit -m 'Fixed weight loading issue in engine.py - issue #1080',Benign
git commit -m 'Fixed weight loading issue in engine.py - issue #1116',Benign
terraform init -upgrade,Benign
powershell -ep Restricted -File C:\Scripts\maintenance_48.ps1,Benign
terraform destroy -auto-approve,Benign
powershell -ExecutionPolicy Restricted -File C:\Scripts\maintenance_16.ps1,Benign
terraform init -upgrade,Benign
kubectl get pods -n dev --watch,Benign
kubectl get services -n dev --watch,Benign
kubectl get configmaps -n production -o wide,Benign
terraform init -upgrade,Benign
terraform init -upgrade,Benign
cat /var/log/syslog | grep 'systemd' | tail -n 17,Benign
cat /var/log/syslog | grep 'systemd' | tail -n 38,Benign
git commit -m 'Fixed weight loading issue in engine.py - issue #8599',Benign
git commit -m 'Fixed weight loading issue in engine.py - issue #9447',Benign
powershell -ExecutionPolicy Restricted -File C:\Scripts\maintenance_27.ps1,Benign
powershell -ExecutionPolicy Restricted -File C:\Scripts\maintenance_63.ps1,Benign
cat /var/log/syslog | grep 'systemd' | tail -n 24,Benign
kubectl get nodes -n dev --watch,Benign
powershell -ExecutionPolicy Restricted -File C:\Scripts\maintenance_91.ps1,Benign
cat /var/log/syslog | grep 'systemd' | tail -n 15,Benign
kubectl get configmaps -n dev -o wide,Benign
git commit -m 'Fixed weight loading issue in engine.py - issue #7884',Benign
powershell -ExecutionPolicy Restricted -File C:\Scripts\maintenance_10.ps1,Benign
git commit -m 'Fixed weight loading issue in engine.py - issue #6657',Benign
tar -czf /tmp/backup.tar.gz /var/log > /dev/null 2>&1 # task_669,Benign
Get-ADUser | Sort-Object -Descending,Benign
kubectl get pods -n dev --watch,Benign
kubectl get configmaps -n kube-system --watch,Benign
terraform init -upgrade,Benign
kubectl get deployments -n staging --watch,Benign
cat /var/log/syslog | grep 'systemd' | tail -n 19,Benign
git commit -m 'Fixed weight loading issue in engine.py - issue #5410',Benign
terraform destroy -auto-approve,Benign
terraform apply -auto-approve,Benign
powershell -ExecutionPolicy Restricted -File C:\Scripts\maintenance_36.ps1,Benign
powershell -ExecutionPolicy AllSigned -File C:\Scripts\maintenance_54.ps1,Benign
git commit -m 'Fixed weight loading issue in engine.py - issue #3355',Benign
powershell -ep Restricted -File C:\Scripts\maintenance_94.ps1,Benign
Get-Content | % { $_.Name },Benign
kubectl get nodes -n monitoring --watch,Benign
git commit -m 'Fixed weight loading issue in engine.py - issue #3852',Benign
git commit -m 'Fixed weight loading issue in engine.py - issue #1839',Benign
powershell -ep Restricted -File C:\Scripts\maintenance_35.ps1,Benign
cat /var/log/syslog | grep 'systemd' | tail -n 90,Benign
kubectl get deployments -n production --watch,Benign
systemctl status nginx > /dev/null 2>&1 # task_215,Benign
"grep -r ""ERROR"" /var/log/ > /dev/null 2>&1 # task_299",Benign
Get-EventLog -LogName System | % { $_.Name },Benign
Get-ADUser | Where-Object {$_.Status -eq 'Running'},Benign
kubectl get nodes -n staging --watch,Benign
tar -czf /tmp/backup.tar.gz /var/log > /dev/null 2>&1 # task_113,Benign
terraform destroy -auto-approve,Benign
kubectl get nodes -n production --watch,Benign
powershell -ExecutionPolicy AllSigned -File C:\Scripts\maintenance_53.ps1,Benign
git commit -m 'Fixed weight loading issue in engine.py - issue #7587',Benign
tar -czf /tmp/backup.tar.gz /var/log > /dev/null 2>&1 # task_321,Benign
cat /var/log/syslog | grep 'systemd' | tail -n 82,Benign
powershell -ep Restricted -File C:\Scripts\maintenance_84.ps1,Benign
cat /var/log/syslog | grep 'systemd' | tail -n 83,Benign
terraform destroy -auto-approve,Benign
"Get-EventLog -LogName System | Select-Object Name, Id",Benign
git commit -m 'Fixed weight loading issue in engine.py - issue #7689',Benign
git commit -m 'Fixed weight loading issue in engine.py - issue #1128',Benign
cat /var/log/syslog | grep 'systemd' | tail -n 75,Benign
systemctl status nginx > /dev/null 2>&1 # task_280,Benign
kubectl get deployments -n staging --watch,Benign
"grep -r ""ERROR"" /var/log/ > /dev/null 2>&1 # task_818",Benign
git commit -m 'Fixed weight loading issue in engine.py - issue #7613',Benign
Get-Service | % { $_.Name },Benign
powershell -ExecutionPolicy Restricted -File C:\Scripts\maintenance_56.ps1,Benign
git commit -m 'Fixed weight loading issue in engine.py - issue #8282',Benign
"grep -r ""ERROR"" /var/log/ > /dev/null 2>&1 # task_789",Benign
git commit -m 'Fixed weight loading issue in engine.py - issue #5296',Benign
terraform plan -out=tfplan,Benign
powershell -ep Restricted -File C:\Scripts\maintenance_37.ps1,Benign
kubectl get services -n production --watch,Benign
tar -czf /tmp/backup.tar.gz /var/log > /dev/null 2>&1 # task_269,Benign
systemctl status nginx > /dev/null 2>&1 # task_515,Benign
git commit -m 'Fixed weight loading issue in engine.py - issue #2214',Benign
terraform destroy -auto-approve,Benign
terraform init -upgrade,Benign
systemctl status nginx > /dev/null 2>&1 # task_262,Benign
kubectl get services -n kube-system -o wide,Benign
cat /var/log/syslog | grep 'systemd' | tail -n 25,Benign
kubectl get pods -n monitoring --watch,Benign
tar -czf /tmp/backup.tar.gz /var/log > /dev/null 2>&1 # task_890,Benign
terraform apply -auto-approve,Benign
Get-Content | Sort-Object -Descending,Benign
git commit -m 'Fixed weight loading issue in engine.py - issue #8120',Benign
powershell -ExecutionPolicy AllSigned -File C:\Scripts\maintenance_43.ps1,Benign
git commit -m 'Fixed weight loading issue in engine.py - issue #7577',Benign
cat /var/log/syslog | grep 'systemd' | tail -n 29,Benign
systemctl status nginx > /dev/null 2>&1 # task_442,Benign
terraform apply -auto-approve,Benign
powershell -ep Restricted -File C:\Scripts\maintenance_34.ps1,Benign
tar -czf /tmp/backup.tar.gz /var/log > /dev/null 2>&1 # task_516,Benign
git commit -m 'Fixed weight loading issue in engine.py - issue #9591',Benign
terraform destroy -auto-approve,Benign
powershell -ep Restricted -File C:\Scripts\maintenance_58.ps1,Benign
"grep -r ""ERROR"" /var/log/ > /dev/null 2>&1 # task_583",Benign
kubectl get pods -n monitoring --watch,Benign
"grep -r ""ERROR"" /var/log/ > /dev/null 2>&1 # task_746",Benign
kubectl get configmaps -n kube-system --watch,Benign
kubectl get nodes -n kube-system -o wide,Benign
"Get-Service | Select-Object Name, Id",Benign
terraform destroy -auto-approve,Benign
kubectl get configmaps -n monitoring --watch,Benign
kubectl get deployments -n production --watch,Benign
kubectl get configmaps -n kube-system --watch,Benign
cat /var/log/syslog | grep 'systemd' | tail -n 14,Benign
git commit -m 'Fixed weight loading issue in engine.py - issue #2424',Benign
git commit -m 'Fixed weight loading issue in engine.py - issue #1184',Benign
kubectl get deployments -n dev -o wide,Benign
git commit -m 'Fixed weight loading issue in engine.py - issue #1258',Benign
Get-EventLog -LogName System | Where-Object {$_.Status -eq 'Running'},Benign
terraform apply -auto-approve,Benign
cat /var/log/syslog | grep 'systemd' | tail -n 95,Benign
git commit -m 'Fixed weight loading issue in engine.py - issue #9993',Benign
kubectl get nodes -n staging --watch,Benign
kubectl get services -n staging -o wide,Benign
cat /var/log/syslog | grep 'systemd' | tail -n 35,Benign
kubectl get deployments -n staging -o wide,Benign
kubectl get deployments -n staging -o wide,Benign
Get-ADUser | % { $_.Name },Benign
terraform apply -auto-approve,Benign
terraform apply -auto-approve,Benign
git commit -m 'Fixed weight loading issue in engine.py - issue #5302',Benign
git commit -m 'Fixed weight loading issue in engine.py - issue #6763',Benign
cat /var/log/syslog | grep 'systemd' | tail -n 32,Benign
terraform plan -out=tfplan,Benign
kubectl get configmaps -n production -o wide,Benign
powershell -ep Restricted -File C:\Scripts\maintenance_58.ps1,Benign
git commit -m 'Fixed weight loading issue in engine.py - issue #7878',Benign
Get-ADUser | Where-Object {$_.Status -eq 'Running'},Benign
terraform plan -out=tfplan,Benign
powershell -ExecutionPolicy Restricted -File C:\Scripts\maintenance_36.ps1,Benign
kubectl get services -n kube-system -o wide,Benign
"grep -r ""ERROR"" /var/log/ > /dev/null 2>&1 # task_838",Benign
git commit -m 'Fixed weight loading issue in engine.py - issue #9278',Benign
"Get-Process | Select-Object Name, Id",Benign
git commit -m 'Fixed weight loading issue in engine.py - issue #7002',Benign
powershell -ep Restricted -File C:\Scripts\maintenance_86.ps1,Benign
"Get-Process | Select-Object Name, Id",Benign
Get-Service | Sort-Object -Descending,Benign
cat /var/log/syslog | grep 'systemd' | tail -n 34,Benign
terraform plan -out=tfplan,Benign
Get-EventLog -LogName System | Sort-Object -Descending,Benign
terraform apply -auto-approve,Benign
"Get-EventLog -LogName System | Select-Object Name, Id",Benign
terraform destroy -auto-approve,Benign
systemctl status nginx > /dev/null 2>&1 # task_562,Benign
powershell -ExecutionPolicy Restricted -File C:\Scripts\maintenance_84.ps1,Benign
"Get-EventLog -LogName System | Select-Object Name, Id",Benign
Get-Service | Where-Object {$_.Status -eq 'Running'},Benign
cat /var/log/syslog | grep 'systemd' | tail -n 11,Benign
terraform init -upgrade,Benign
Get-EventLog -LogName System | Sort-Object -Descending,Benign
kubectl get nodes -n kube-system -o wide,Benign
cat /var/log/syslog | grep 'systemd' | tail -n 61,Benign
terraform destroy -auto-approve,Benign
"grep -r ""ERROR"" /var/log/ > /dev/null 2>&1 # task_607",Benign
powershell -ExecutionPolicy AllSigned -File C:\Scripts\maintenance_79.ps1,Benign
terraform apply -auto-approve,Benign
tar -czf /tmp/backup.tar.gz /var/log > /dev/null 2>&1 # task_808,Benign
powershell -ExecutionPolicy AllSigned -File C:\Scripts\maintenance_42.ps1,Benign
"grep -r ""ERROR"" /var/log/ > /dev/null 2>&1 # task_552",Benign
powershell -ExecutionPolicy Restricted -File C:\Scripts\maintenance_6.ps1,Benign
"grep -r ""ERROR"" /var/log/ > /dev/null 2>&1 # task_771",Benign
"grep -r ""ERROR"" /var/log/ > /dev/null 2>&1 # task_767",Benign
cat /var/log/syslog | grep 'systemd' | tail -n 62,Benign
powershell -ExecutionPolicy Restricted -File C:\Scripts\maintenance_8.ps1,Benign
terraform plan -out=tfplan,Benign
kubectl get pods -n staging --watch,Benign
kubectl get configmaps -n production --watch,Benign
powershell -ep Restricted -File C:\Scripts\maintenance_23.ps1,Benign
powershell -ExecutionPolicy AllSigned -File C:\Scripts\maintenance_5.ps1,Benign
kubectl get services -n dev -o wide,Benign
git commit -m 'Fixed weight loading issue in engine.py - issue #1377',Benign
Get-Content | % { $_.Name },Benign
kubectl get nodes -n staging -o wide,Benign
"Get-ADUser | Select-Object Name, Id",Benign
git commit -m 'Fixed weight loading issue in engine.py - issue #8605',Benign
"Get-Service | Select-Object Name, Id",Benign
terraform init -upgrade,Benign
systemctl status nginx > /dev/null 2>&1 # task_324,Benign
"grep -r ""ERROR"" /var/log/ > /dev/null 2>&1 # task_262",Benign
terraform destroy -auto-approve,Benign
cat /var/log/syslog | grep 'systemd' | tail -n 61,Benign
kubectl get deployments -n kube-system --watch,Benign
kubectl get pods -n kube-system -o wide,Benign
powershell -ep Restricted -File C:\Scripts\maintenance_23.ps1,Benign
"Get-Process | Select-Object Name, Id",Benign
cat /var/log/syslog | grep 'systemd' | tail -n 89,Benign
git commit -m 'Fixed weight loading issue in engine.py - issue #2425',Benign
kubectl get nodes -n kube-system --watch,Benign
terraform init -upgrade,Benign
kubectl get services -n production -o wide,Benign
kubectl get deployments -n production -o wide,Benign
git commit -m 'Fixed weight loading issue in engine.py - issue #6565',Benign
"Get-Process | Select-Object Name, Id",Benign
git commit -m 'Fixed weight loading issue in engine.py - issue #8433',Benign
systemctl status nginx > /dev/null 2>&1 # task_480,Benign
Get-Process | % { $_.Name },Benign
cat /var/log/syslog | grep 'systemd' | tail -n 41,Benign
tar -czf /tmp/backup.tar.gz /var/log > /dev/null 2>&1 # task_798,Benign
git commit -m 'Fixed weight loading issue in engine.py - issue #2544',Benign
powershell -ExecutionPolicy AllSigned -File C:\Scripts\maintenance_78.ps1,Benign
terraform destroy -auto-approve,Benign
cat /var/log/syslog | grep 'systemd' | tail -n 34,Benign
Get-ADUser | Sort-Object -Descending,Benign
powershell -ExecutionPolicy Restricted -File C:\Scripts\maintenance_80.ps1,Benign
tar -czf /tmp/backup.tar.gz /var/log > /dev/null 2>&1 # task_865,Benign
git commit -m 'Fixed weight loading issue in engine.py - issue #2893',Benign
kubectl get deployments -n dev -o wide,Benign
cat /var/log/syslog | grep 'systemd' | tail -n 45,Benign
powershell -ExecutionPolicy Restricted -File C:\Scripts\maintenance_68.ps1,Benign
systemctl status nginx > /dev/null 2>&1 # task_958,Benign
Get-ADUser | % { $_.Name },Benign
Get-EventLog -LogName System | % { $_.Name },Benign
Get-Process | Sort-Object -Descending,Benign
cat /var/log/syslog | grep 'systemd' | tail -n 20,Benign
git commit -m 'Fixed weight loading issue in engine.py - issue #7222',Benign
powershell -ep Restricted -File C:\Scripts\maintenance_43.ps1,Benign
git commit -m 'Fixed weight loading issue in engine.py - issue #8586',Benign
kubectl get nodes -n production --watch,Benign
"Get-ADUser | Select-Object Name, Id",Benign
Get-Content | Sort-Object -Descending,Benign
kubectl get deployments -n production -o wide,Benign
kubectl get configmaps -n kube-system --watch,Benign
cat /var/log/syslog | grep 'systemd' | tail -n 85,Benign
tar -czf /tmp/backup.tar.gz /var/log > /dev/null 2>&1 # task_301,Benign
terraform init -upgrade,Benign
powershell -ep Restricted -File C:\Scripts\maintenance_9.ps1,Benign
powershell -ExecutionPolicy AllSigned -File C:\Scripts\maintenance_57.ps1,Benign
cat /var/log/syslog | grep 'systemd' | tail -n 93,Benign
systemctl status nginx > /dev/null 2>&1 # task_190,Benign
cat /var/log/syslog | grep 'systemd' | tail -n 64,Benign
Get-Content | Sort-Object -Descending,Benign
Get-Content | Where-Object {$_.Status -eq 'Running'},Benign
git commit -m 'Fixed weight loading issue in engine.py - issue #1340',Benign
git commit -m 'Fixed weight loading issue in engine.py - issue #8298',Benign
systemctl status nginx > /dev/null 2>&1 # task_657,Benign
tar -czf /tmp/backup.tar.gz /var/log > /dev/null 2>&1 # task_642,Benign
tar -czf /tmp/backup.tar.gz /var/log > /dev/null 2>&1 # task_557,Benign
kubectl get nodes -n staging --watch,Benign
git commit -m 'Fixed weight loading issue in engine.py - issue #4740',Benign
terraform apply -auto-approve,Benign
terraform plan -out=tfplan,Benign
cat /var/log/syslog | grep 'systemd' | tail -n 15,Benign
cat /var/log/syslog | grep 'systemd' | tail -n 21,Benign
powershell -ExecutionPolicy AllSigned -File C:\Scripts\maintenance_3.ps1,Benign
Get-Service | Where-Object {$_.Status -eq 'Running'},Benign
kubectl get pods -n production --watch,Benign
git commit -m 'Fixed weight loading issue in engine.py - issue #2125',Benign
Get-EventLog -LogName System | Sort-Object -Descending,Benign
systemctl status nginx > /dev/null 2>&1 # task_452,Benign
"grep -r ""ERROR"" /var/log/ > /dev/null 2>&1 # task_219",Benign
systemctl status nginx > /dev/null 2>&1 # task_194,Benign
kubectl get pods -n monitoring -o wide,Benign
terraform plan -out=tfplan,Benign
powershell -ExecutionPolicy Restricted -File C:\Scripts\maintenance_77.ps1,Benign
terraform init -upgrade,Benign
powershell -ep Restricted -File C:\Scripts\maintenance_6.ps1,Benign
powershell -ep Restricted -File C:\Scripts\maintenance_42.ps1,Benign
Get-Service | Sort-Object -Descending,Benign
cat /var/log/syslog | grep 'systemd' | tail -n 23,Benign
cat /var/log/syslog | grep 'systemd' | tail -n 55,Benign
tar -czf /tmp/backup.tar.gz /var/log > /dev/null 2>&1 # task_354,Benign
Get-EventLog -LogName System | % { $_.Name },Benign
powershell -ep Restricted -File C:\Scripts\maintenance_9.ps1,Benign
kubectl get services -n kube-system --watch,Benign
powershell -ep Restricted -File C:\Scripts\maintenance_77.ps1,Benign
git commit -m 'Fixed weight loading issue in engine.py - issue #1614',Benign
git commit -m 'Fixed weight loading issue in engine.py - issue #4959',Benign
git commit -m 'Fixed weight loading issue in engine.py - issue #8984',Benign
kubectl get services -n kube-system --watch,Benign
kubectl get configmaps -n staging -o wide,Benign
"grep -r ""ERROR"" /var/log/ > /dev/null 2>&1 # task_161",Benign
powershell -ExecutionPolicy AllSigned -File C:\Scripts\maintenance_6.ps1,Benign
tar -czf /tmp/backup.tar.gz /var/log > /dev/null 2>&1 # task_282,Benign
Get-EventLog -LogName System | Sort-Object -Descending,Benign
kubectl get services -n kube-system -o wide,Benign
git commit -m 'Fixed weight loading issue in engine.py - issue #4021',Benign
systemctl status nginx > /dev/null 2>&1 # task_278,Benign
terraform init -upgrade,Benign
kubectl get services -n monitoring -o wide,Benign
powershell -ExecutionPolicy Restricted -File C:\Scripts\maintenance_32.ps1,Benign
"grep -r ""ERROR"" /var/log/ > /dev/null 2>&1 # task_178",Benign
git commit -m 'Fixed weight loading issue in engine.py - issue #7010',Benign
powershell -ep Restricted -File C:\Scripts\maintenance_12.ps1,Benign
Get-Service | % { $_.Name },Benign
terraform init -upgrade,Benign
powershell -ExecutionPolicy AllSigned -File C:\Scripts\maintenance_12.ps1,Benign
git commit -m 'Fixed weight loading issue in engine.py - issue #6199',Benign
powershell -ep Restricted -File C:\Scripts\maintenance_32.ps1,Benign
terraform apply -auto-approve,Benign
kubectl get nodes -n kube-system --watch,Benign
kubectl get pods -n monitoring --watch,Benign
git commit -m 'Fixed weight loading issue in engine.py - issue #8973',Benign
terraform apply -auto-approve,Benign
"grep -r ""ERROR"" /var/log/ > /dev/null 2>&1 # task_743",Benign
cat /var/log/syslog | grep 'systemd' | tail -n 90,Benign
Get-Process | % { $_.Name },Benign
cat /var/log/syslog | grep 'systemd' | tail -n 49,Benign
terraform destroy -auto-approve,Benign
git commit -m 'Fixed weight loading issue in engine.py - issue #8307',Benign
powershell -ep Restricted -File C:\Scripts\maintenance_79.ps1,Benign
"grep -r ""ERROR"" /var/log/ > /dev/null 2>&1 # task_294",Benign
tar -czf /tmp/backup.tar.gz /var/log > /dev/null 2>&1 # task_322,Benign
kubectl get deployments -n production -o wide,Benign
git commit -m 'Fixed weight loading issue in engine.py - issue #8125',Benign
git commit -m 'Fixed weight loading issue in engine.py - issue #7303',Benign
kubectl get nodes -n kube-system --watch,Benign
powershell -ExecutionPolicy AllSigned -File C:\Scripts\maintenance_42.ps1,Benign
kubectl get pods -n staging -o wide,Benign
cat /var/log/syslog | grep 'systemd' | tail -n 54,Benign
powershell -ep Restricted -File C:\Scripts\maintenance_48.ps1,Benign
kubectl get deployments -n kube-system --watch,Benign
"grep -r ""ERROR"" /var/log/ > /dev/null 2>&1 # task_156",Benign
git commit -m 'Fixed weight loading issue in engine.py - issue #8751',Benign
terraform apply -auto-approve,Benign
Get-EventLog -LogName System | Where-Object {$_.Status -eq 'Running'},Benign
Get-Service | Sort-Object -Descending,Benign
powershell -ExecutionPolicy AllSigned -File C:\Scripts\maintenance_71.ps1,Benign
git commit -m 'Fixed weight loading issue in engine.py - issue #3774',Benign
git commit -m 'Fixed weight loading issue in engine.py - issue #8830',Benign
"Get-Service | Select-Object Name, Id",Benign
"grep -r ""ERROR"" /var/log/ > /dev/null 2>&1 # task_715",Benign
Get-EventLog -LogName System | Sort-Object -Descending,Benign
terraform init -upgrade,Benign
"grep -r ""ERROR"" /var/log/ > /dev/null 2>&1 # task_616",Benign
kubectl get deployments -n staging -o wide,Benign
git commit -m 'Fixed weight loading issue in engine.py - issue #5642',Benign
tar -czf /tmp/backup.tar.gz /var/log > /dev/null 2>&1 # task_754,Benign
powershell -ep Restricted -File C:\Scripts\maintenance_20.ps1,Benign
terraform destroy -auto-approve,Benign
kubectl get nodes -n monitoring --watch,Benign
kubectl get pods -n monitoring -o wide,Benign
git commit -m 'Fixed weight loading issue in engine.py - issue #5013',Benign
terraform plan -out=tfplan,Benign
git commit -m 'Fixed weight loading issue in engine.py - issue #6180',Benign
"Get-Process | Select-Object Name, Id",Benign
Get-Process | Sort-Object -Descending,Benign
tar -czf /tmp/backup.tar.gz /var/log > /dev/null 2>&1 # task_644,Benign
git commit -m 'Fixed weight loading issue in engine.py - issue #3290',Benign
powershell -ExecutionPolicy Restricted -File C:\Scripts\maintenance_87.ps1,Benign
cat /var/log/syslog | grep 'systemd' | tail -n 96,Benign
git commit -m 'Fixed weight loading issue in engine.py - issue #9369',Benign
tar -czf /tmp/backup.tar.gz /var/log > /dev/null 2>&1 # task_462,Benign
Get-Process | Sort-Object -Descending,Benign
Get-Content | % { $_.Name },Benign
kubectl get pods -n kube-system --watch,Benign
cat /var/log/syslog | grep 'systemd' | tail -n 89,Benign
powershell -ExecutionPolicy Restricted -File C:\Scripts\maintenance_25.ps1,Benign
kubectl get configmaps -n production -o wide,Benign
kubectl get pods -n production --watch,Benign
git commit -m 'Fixed weight loading issue in engine.py - issue #7488',Benign
git commit -m 'Fixed weight loading issue in engine.py - issue #7563',Benign
cat /var/log/syslog | grep 'systemd' | tail -n 50,Benign
cat /var/log/syslog | grep 'systemd' | tail -n 67,Benign
git commit -m 'Fixed weight loading issue in engine.py - issue #4303',Benign
git commit -m 'Fixed weight loading issue in engine.py - issue #7826',Benign
powershell -ExecutionPolicy Restricted -File C:\Scripts\maintenance_1.ps1,Benign
Get-Process | % { $_.Name },Benign
cat /var/log/syslog | grep 'systemd' | tail -n 84,Benign
terraform apply -auto-approve,Benign
kubectl get services -n dev --watch,Benign
Get-Content | % { $_.Name },Benign
tar -czf /tmp/backup.tar.gz /var/log > /dev/null 2>&1 # task_667,Benign
terraform destroy -auto-approve,Benign
"grep -r ""ERROR"" /var/log/ > /dev/null 2>&1 # task_685",Benign
cat /var/log/syslog | grep 'systemd' | tail -n 96,Benign
terraform apply -auto-approve,Benign
Get-ADUser | Sort-Object -Descending,Benign
Get-ADUser | Where-Object {$_.Status -eq 'Running'},Benign
git commit -m 'Fixed weight loading issue in engine.py - issue #3518',Benign
cat /var/log/syslog | grep 'systemd' | tail -n 55,Benign
git commit -m 'Fixed weight loading issue in engine.py - issue #2564',Benign
terraform destroy -auto-approve,Benign
powershell -ExecutionPolicy Restricted -File C:\Scripts\maintenance_29.ps1,Benign
tar -czf /tmp/backup.tar.gz /var/log > /dev/null 2>&1 # task_610,Benign
Get-Content | % { $_.Name },Benign
Get-ADUser | % { $_.Name },Benign
cat /var/log/syslog | grep 'systemd' | tail -n 15,Benign
git commit -m 'Fixed weight loading issue in engine.py - issue #3056',Benign
kubectl get nodes -n production -o wide,Benign
git commit -m 'Fixed weight loading issue in engine.py - issue #5199',Benign
kubectl get deployments -n kube-system --watch,Benign
powershell -ExecutionPolicy Restricted -File C:\Scripts\maintenance_85.ps1,Benign
tar -czf /tmp/backup.tar.gz /var/log > /dev/null 2>&1 # task_891,Benign
git commit -m 'Fixed weight loading issue in engine.py - issue #8930',Benign
powershell -ExecutionPolicy Restricted -File C:\Scripts\maintenance_39.ps1,Benign
git commit -m 'Fixed weight loading issue in engine.py - issue #6299',Benign
powershell -ExecutionPolicy Restricted -File C:\Scripts\maintenance_13.ps1,Benign
terraform init -upgrade,Benign
git commit -m 'Fixed weight loading issue in engine.py - issue #6859',Benign
kubectl get deployments -n dev -o wide,Benign
git commit -m 'Fixed weight loading issue in engine.py - issue #4372',Benign
Get-Content | Sort-Object -Descending,Benign
cat /var/log/syslog | grep 'systemd' | tail -n 61,Benign
kubectl get configmaps -n staging --watch,Benign
powershell -ExecutionPolicy AllSigned -File C:\Scripts\maintenance_53.ps1,Benign
git commit -m 'Fixed weight loading issue in engine.py - issue #5345',Benign
Get-Content | Where-Object {$_.Status -eq 'Running'},Benign
powershell -ExecutionPolicy Restricted -File C:\Scripts\maintenance_3.ps1,Benign
Get-Service | Sort-Object -Descending,Benign
Get-EventLog -LogName System | Where-Object {$_.Status -eq 'Running'},Benign
Get-Service | Sort-Object -Descending,Benign
kubectl get pods -n production -o wide,Benign
git commit -m 'Fixed weight loading issue in engine.py - issue #9629',Benign
git commit -m 'Fixed weight loading issue in engine.py - issue #3229',Benign
kubectl get nodes -n monitoring -o wide,Benign
powershell -ExecutionPolicy AllSigned -File C:\Scripts\maintenance_51.ps1,Benign
terraform plan -out=tfplan,Benign
powershell -ep Restricted -File C:\Scripts\maintenance_96.ps1,Benign
kubectl get nodes -n staging -o wide,Benign
git commit -m 'Fixed weight loading issue in engine.py - issue #3527',Benign
"Get-Process | Select-Object Name, Id",Benign
powershell -ExecutionPolicy AllSigned -File C:\Scripts\maintenance_53.ps1,Benign
terraform destroy -auto-approve,Benign
cat /var/log/syslog | grep 'systemd' | tail -n 12,Benign
cat /var/log/syslog | grep 'systemd' | tail -n 88,Benign
kubectl get pods -n production --watch,Benign
tar -czf /tmp/backup.tar.gz /var/log > /dev/null 2>&1 # task_840,Benign
cat /var/log/syslog | grep 'systemd' | tail -n 32,Benign
"Get-Content | Select-Object Name, Id",Benign
cat /var/log/syslog | grep 'systemd' | tail -n 99,Benign
"grep -r ""ERROR"" /var/log/ > /dev/null 2>&1 # task_413",Benign
kubectl get nodes -n dev --watch,Benign
Get-ADUser | Where-Object {$_.Status -eq 'Running'},Benign
"grep -r ""ERROR"" /var/log/ > /dev/null 2>&1 # task_931",Benign
git commit -m 'Fixed weight loading issue in engine.py - issue #4804',Benign
kubectl get nodes -n kube-system --watch,Benign
git commit -m 'Fixed weight loading issue in engine.py - issue #7004',Benign
terraform init -upgrade,Benign
cat /var/log/syslog | grep 'systemd' | tail -n 13,Benign
git commit -m 'Fixed weight loading issue in engine.py - issue #6872',Benign
git commit -m 'Fixed weight loading issue in engine.py - issue #2726',Benign
kubectl get deployments -n kube-system --watch,Benign
terraform plan -out=tfplan,Benign
terraform apply -auto-approve,Benign
terraform init -upgrade,Benign
cat /var/log/syslog | grep 'systemd' | tail -n 39,Benign
Get-Service | Where-Object {$_.Status -eq 'Running'},Benign
"grep -r ""ERROR"" /var/log/ > /dev/null 2>&1 # task_991",Benign
Get-Content | Where-Object {$_.Status -eq 'Running'},Benign
terraform apply -auto-approve,Benign
cat /var/log/syslog | grep 'systemd' | tail -n 40,Benign
powershell -ep Restricted -File C:\Scripts\maintenance_88.ps1,Benign
powershell -ep Restricted -File C:\Scripts\maintenance_10.ps1,Benign
kubectl get deployments -n dev -o wide,Benign
powershell -ExecutionPolicy AllSigned -File C:\Scripts\maintenance_63.ps1,Benign
"Get-Process | Select-Object Name, Id",Benign
powershell -ep Restricted -File C:\Scripts\maintenance_43.ps1,Benign
powershell -ExecutionPolicy Restricted -File C:\Scripts\maintenance_43.ps1,Benign
git commit -m 'Fixed weight loading issue in engine.py - issue #8850',Benign
powershell -ExecutionPolicy AllSigned -File C:\Scripts\maintenance_51.ps1,Benign
"Get-EventLog -LogName System | Select-Object Name, Id",Benign
kubectl get configmaps -n staging -o wide,Benign
cat /var/log/syslog | grep 'systemd' | tail -n 74,Benign
"grep -r ""ERROR"" /var/log/ > /dev/null 2>&1 # task_395",Benign
powershell -ep Restricted -File C:\Scripts\maintenance_40.ps1,Benign
tar -czf /tmp/backup.tar.gz /var/log > /dev/null 2>&1 # task_959,Benign
tar -czf /tmp/backup.tar.gz /var/log > /dev/null 2>&1 # task_672,Benign
Get-Content | % { $_.Name },Benign
powershell -ep Restricted -File C:\Scripts\maintenance_56.ps1,Benign
Get-ADUser | % { $_.Name },Benign
kubectl get deployments -n kube-system -o wide,Benign
powershell -ExecutionPolicy Restricted -File C:\Scripts\maintenance_17.ps1,Benign
terraform apply -auto-approve,Benign
terraform apply -auto-approve,Benign
kubectl get deployments -n kube-system -o wide,Benign
terraform plan -out=tfplan,Benign
tar -czf /tmp/backup.tar.gz /var/log > /dev/null 2>&1 # task_985,Benign
kubectl get services -n dev --watch,Benign
cat /var/log/syslog | grep 'systemd' | tail -n 35,Benign
terraform init -upgrade,Benign
tar -czf /tmp/backup.tar.gz /var/log > /dev/null 2>&1 # task_228,Benign
powershell -ExecutionPolicy AllSigned -File C:\Scripts\maintenance_10.ps1,Benign
cat /var/log/syslog | grep 'systemd' | tail -n 84,Benign
"grep -r ""ERROR"" /var/log/ > /dev/null 2>&1 # task_698",Benign
git commit -m 'Fixed weight loading issue in engine.py - issue #2427',Benign
systemctl status nginx > /dev/null 2>&1 # task_433,Benign
git commit -m 'Fixed weight loading issue in engine.py - issue #5350',Benign
git commit -m 'Fixed weight loading issue in engine.py - issue #9725',Benign
cat /var/log/syslog | grep 'systemd' | tail -n 66,Benign
cat /var/log/syslog | grep 'systemd' | tail -n 57,Benign
git commit -m 'Fixed weight loading issue in engine.py - issue #8352',Benign
"Get-Process | Select-Object Name, Id",Benign
tar -czf /tmp/backup.tar.gz /var/log > /dev/null 2>&1 # task_964,Benign
terraform apply -auto-approve,Benign
Get-Service | % { $_.Name },Benign
powershell -ExecutionPolicy Restricted -File C:\Scripts\maintenance_93.ps1,Benign
powershell -ExecutionPolicy Restricted -File C:\Scripts\maintenance_21.ps1,Benign
cat /var/log/syslog | grep 'systemd' | tail -n 16,Benign
kubectl get deployments -n monitoring -o wide,Benign
"Get-EventLog -LogName System | Select-Object Name, Id",Benign
powershell -ep Restricted -File C:\Scripts\maintenance_72.ps1,Benign
Get-Process | % { $_.Name },Benign
powershell -ExecutionPolicy Restricted -File C:\Scripts\maintenance_38.ps1,Benign
Get-Process | % { $_.Name },Benign
kubectl get configmaps -n staging --watch,Benign
kubectl get pods -n production -o wide,Benign
cat /var/log/syslog | grep 'systemd' | tail -n 76,Benign
terraform apply -auto-approve,Benign
kubectl get services -n dev --watch,Benign
terraform apply -auto-approve,Benign
powershell -ExecutionPolicy AllSigned -File C:\Scripts\maintenance_83.ps1,Benign
kubectl get deployments -n monitoring --watch,Benign
terraform destroy -auto-approve,Benign
"grep -r ""ERROR"" /var/log/ > /dev/null 2>&1 # task_974",Benign
powershell -ep Restricted -File C:\Scripts\maintenance_68.ps1,Benign
powershell -ep Restricted -File C:\Scripts\maintenance_83.ps1,Benign
terraform destroy -auto-approve,Benign
powershell -ep Restricted -File C:\Scripts\maintenance_18.ps1,Benign
terraform plan -out=tfplan,Benign
kubectl get deployments -n kube-system -o wide,Benign
tar -czf /tmp/backup.tar.gz /var/log > /dev/null 2>&1 # task_363,Benign
systemctl status nginx > /dev/null 2>&1 # task_631,Benign
tar -czf /tmp/backup.tar.gz /var/log > /dev/null 2>&1 # task_389,Benign
kubectl get services -n dev --watch,Benign
cat /var/log/syslog | grep 'systemd' | tail -n 22,Benign
kubectl get nodes -n staging -o wide,Benign
Get-Service | % { $_.Name },Benign
cat /var/log/syslog | grep 'systemd' | tail -n 62,Benign
cat /var/log/syslog | grep 'systemd' | tail -n 99,Benign
"Get-ADUser | Select-Object Name, Id",Benign
Get-Service | Where-Object {$_.Status -eq 'Running'},Benign
"grep -r ""ERROR"" /var/log/ > /dev/null 2>&1 # task_583",Benign
terraform plan -out=tfplan,Benign
powershell -ep Restricted -File C:\Scripts\maintenance_92.ps1,Benign
kubectl get pods -n production -o wide,Benign
kubectl get services -n staging -o wide,Benign
cat /var/log/syslog | grep 'systemd' | tail -n 31,Benign
"Get-Content | Select-Object Name, Id",Benign
git commit -m 'Fixed weight loading issue in engine.py - issue #9994',Benign
powershell -ep Restricted -File C:\Scripts\maintenance_26.ps1,Benign
git commit -m 'Fixed weight loading issue in engine.py - issue #3697',Benign
systemctl status nginx > /dev/null 2>&1 # task_742,Benign
powershell -ep Restricted -File C:\Scripts\maintenance_92.ps1,Benign
Get-Content | % { $_.Name },Benign
terraform plan -out=tfplan,Benign
Get-Content | Where-Object {$_.Status -eq 'Running'},Benign
cat /var/log/syslog | grep 'systemd' | tail -n 47,Benign
git commit -m 'Fixed weight loading issue in engine.py - issue #5014',Benign
powershell -ExecutionPolicy Restricted -File C:\Scripts\maintenance_47.ps1,Benign
kubectl get pods -n dev -o wide,Benign
git commit -m 'Fixed weight loading issue in engine.py - issue #5899',Benign
powershell -ep Restricted -File C:\Scripts\maintenance_97.ps1,Benign
"grep -r ""ERROR"" /var/log/ > /dev/null 2>&1 # task_131",Benign
Get-Service | % { $_.Name },Benign
kubectl get configmaps -n dev -o wide,Benign
powershell -ExecutionPolicy AllSigned -File C:\Scripts\maintenance_90.ps1,Benign
Get-ADUser | % { $_.Name },Benign
Get-Content | Sort-Object -Descending,Benign
cat /var/log/syslog | grep 'systemd' | tail -n 51,Benign
"grep -r ""ERROR"" /var/log/ > /dev/null 2>&1 # task_371",Benign
Get-Service | Sort-Object -Descending,Benign
git commit -m 'Fixed weight loading issue in engine.py - issue #6775',Benign
terraform init -upgrade,Benign
cat /var/log/syslog | grep 'systemd' | tail -n 30,Benign
Get-ADUser | Sort-Object -Descending,Benign
tar -czf /tmp/backup.tar.gz /var/log > /dev/null 2>&1 # task_866,Benign
systemctl status nginx > /dev/null 2>&1 # task_662,Benign
git commit -m 'Fixed weight loading issue in engine.py - issue #5181',Benign
powershell -ExecutionPolicy AllSigned -File C:\Scripts\maintenance_37.ps1,Benign
git commit -m 'Fixed weight loading issue in engine.py - issue #5285',Benign
git commit -m 'Fixed weight loading issue in engine.py - issue #2865',Benign
kubectl get services -n staging -o wide,Benign
git commit -m 'Fixed weight loading issue in engine.py - issue #5259',Benign
Get-Content | Sort-Object -Descending,Benign
cat /var/log/syslog | grep 'systemd' | tail -n 69,Benign
cat /var/log/syslog | grep 'systemd' | tail -n 12,Benign
"grep -r ""ERROR"" /var/log/ > /dev/null 2>&1 # task_677",Benign
powershell -ExecutionPolicy Restricted -File C:\Scripts\maintenance_63.ps1,Benign
"grep -r ""ERROR"" /var/log/ > /dev/null 2>&1 # task_439",Benign
git commit -m 'Fixed weight loading issue in engine.py - issue #7257',Benign
"grep -r ""ERROR"" /var/log/ > /dev/null 2>&1 # task_811",Benign
Get-Process | Sort-Object -Descending,Benign
kubectl get configmaps -n production --watch,Benign
Get-EventLog -LogName System | Where-Object {$_.Status -eq 'Running'},Benign
kubectl get configmaps -n monitoring --watch,Benign
git commit -m 'Fixed weight loading issue in engine.py - issue #2363',Benign
Get-Content | % { $_.Name },Benign
powershell -ExecutionPolicy Restricted -File C:\Scripts\maintenance_71.ps1,Benign
powershell -ExecutionPolicy Restricted -File C:\Scripts\maintenance_15.ps1,Benign
kubectl get deployments -n dev --watch,Benign
git commit -m 'Fixed weight loading issue in engine.py - issue #3593',Benign
git commit -m 'Fixed weight loading issue in engine.py - issue #7705',Benign
kubectl get services -n staging --watch,Benign
terraform destroy -auto-approve,Benign
terraform plan -out=tfplan,Benign
Get-Process | % { $_.Name },Benign
Get-EventLog -LogName System | % { $_.Name },Benign
Get-Service | Where-Object {$_.Status -eq 'Running'},Benign
git commit -m 'Fixed weight loading issue in engine.py - issue #1276',Benign
cat /var/log/syslog | grep 'systemd' | tail -n 91,Benign
cat /var/log/syslog | grep 'systemd' | tail -n 60,Benign
terraform init -upgrade,Benign
cat /var/log/syslog | grep 'systemd' | tail -n 13,Benign
kubectl get configmaps -n staging -o wide,Benign
systemctl status nginx > /dev/null 2>&1 # task_224,Benign
cat /var/log/syslog | grep 'systemd' | tail -n 79,Benign
kubectl get services -n staging --watch,Benign
terraform init -upgrade,Benign
kubectl get services -n production --watch,Benign
systemctl status nginx > /dev/null 2>&1 # task_444,Benign
tar -czf /tmp/backup.tar.gz /var/log > /dev/null 2>&1 # task_598,Benign
kubectl get configmaps -n production -o wide,Benign
git commit -m 'Fixed weight loading issue in engine.py - issue #6291',Benign
terraform plan -out=tfplan,Benign
powershell -ExecutionPolicy AllSigned -File C:\Scripts\maintenance_28.ps1,Benign
terraform init -upgrade,Benign
git commit -m 'Fixed weight loading issue in engine.py - issue #9778',Benign
Get-EventLog -LogName System | Sort-Object -Descending,Benign
"grep -r ""ERROR"" /var/log/ > /dev/null 2>&1 # task_348",Benign
git commit -m 'Fixed weight loading issue in engine.py - issue #4619',Benign
terraform apply -auto-approve,Benign
powershell -ep Restricted -File C:\Scripts\maintenance_82.ps1,Benign
kubectl get configmaps -n monitoring -o wide,Benign
"grep -r ""ERROR"" /var/log/ > /dev/null 2>&1 # task_218",Benign
powershell -ExecutionPolicy AllSigned -File C:\Scripts\maintenance_65.ps1,Benign
cat /var/log/syslog | grep 'systemd' | tail -n 47,Benign
"grep -r ""ERROR"" /var/log/ > /dev/null 2>&1 # task_929",Benign
git commit -m 'Fixed weight loading issue in engine.py - issue #8997',Benign
terraform plan -out=tfplan,Benign
kubectl get configmaps -n kube-system --watch,Benign
cat /var/log/syslog | grep 'systemd' | tail -n 31,Benign
git commit -m 'Fixed weight loading issue in engine.py - issue #2149',Benign
systemctl status nginx > /dev/null 2>&1 # task_920,Benign
git commit -m 'Fixed weight loading issue in engine.py - issue #1119',Benign
terraform apply -auto-approve,Benign
kubectl get pods -n production --watch,Benign
powershell -ExecutionPolicy AllSigned -File C:\Scripts\maintenance_20.ps1,Benign
powershell -ExecutionPolicy AllSigned -File C:\Scripts\maintenance_84.ps1,Benign
terraform plan -out=tfplan,Benign
git commit -m 'Fixed weight loading issue in engine.py - issue #5730',Benign
cat /var/log/syslog | grep 'systemd' | tail -n 74,Benign
git commit -m 'Fixed weight loading issue in engine.py - issue #9485',Benign
terraform destroy -auto-approve,Benign
git commit -m 'Fixed weight loading issue in engine.py - issue #1450',Benign
cat /var/log/syslog | grep 'systemd' | tail -n 40,Benign
terraform init -upgrade,Benign
cat /var/log/syslog | grep 'systemd' | tail -n 18,Benign
kubectl get configmaps -n kube-system --watch,Benign
systemctl status nginx > /dev/null 2>&1 # task_991,Benign
kubectl get pods -n monitoring --watch,Benign
cat /var/log/syslog | grep 'systemd' | tail -n 89,Benign
Get-EventLog -LogName System | Where-Object {$_.Status -eq 'Running'},Benign
"grep -r ""ERROR"" /var/log/ > /dev/null 2>&1 # task_788",Benign
cat /var/log/syslog | grep 'systemd' | tail -n 72,Benign
"grep -r ""ERROR"" /var/log/ > /dev/null 2>&1 # task_559",Benign
"Get-EventLog -LogName System | Select-Object Name, Id",Benign
kubectl get configmaps -n staging -o wide,Benign
kubectl get configmaps -n staging --watch,Benign
Get-Process | Sort-Object -Descending,Benign
git commit -m 'Fixed weight loading issue in engine.py - issue #6715',Benign
kubectl get pods -n kube-system --watch,Benign
"grep -r ""ERROR"" /var/log/ > /dev/null 2>&1 # task_170",Benign
powershell -ExecutionPolicy Restricted -File C:\Scripts\maintenance_19.ps1,Benign
git commit -m 'Fixed weight loading issue in engine.py - issue #5826',Benign
git commit -m 'Fixed weight loading issue in engine.py - issue #8777',Benign
cat /var/log/syslog | grep 'systemd' | tail -n 65,Benign
git commit -m 'Fixed weight loading issue in engine.py - issue #6885',Benign
tar -czf /tmp/backup.tar.gz /var/log > /dev/null 2>&1 # task_185,Benign
cat /var/log/syslog | grep 'systemd' | tail -n 98,Benign
"grep -r ""ERROR"" /var/log/ > /dev/null 2>&1 # task_739",Benign
terraform init -upgrade,Benign
Get-Process | Sort-Object -Descending,Benign
cat /var/log/syslog | grep 'systemd' | tail -n 52,Benign
Get-Service | Sort-Object -Descending,Benign
"Get-ADUser | Select-Object Name, Id",Benign
kubectl get deployments -n monitoring --watch,Benign
terraform apply -auto-approve,Benign
Get-Content | % { $_.Name },Benign
Get-ADUser | Sort-Object -Descending,Benign
powershell -ExecutionPolicy AllSigned -File C:\Scripts\maintenance_31.ps1,Benign
terraform apply -auto-approve,Benign
"grep -r ""ERROR"" /var/log/ > /dev/null 2>&1 # task_304",Benign
"grep -r ""ERROR"" /var/log/ > /dev/null 2>&1 # task_163",Benign
Get-Service | % { $_.Name },Benign
Get-Service | % { $_.Name },Benign
git commit -m 'Fixed weight loading issue in engine.py - issue #1482',Benign
powershell -ExecutionPolicy Restricted -File C:\Scripts\maintenance_28.ps1,Benign
cat /var/log/syslog | grep 'systemd' | tail -n 33,Benign
powershell -ExecutionPolicy AllSigned -File C:\Scripts\maintenance_51.ps1,Benign
git commit -m 'Fixed weight loading issue in engine.py - issue #8006',Benign
powershell -ExecutionPolicy Restricted -File C:\Scripts\maintenance_72.ps1,Benign
cat /var/log/syslog | grep 'systemd' | tail -n 44,Benign
tar -czf /tmp/backup.tar.gz /var/log > /dev/null 2>&1 # task_704,Benign
powershell -ExecutionPolicy Restricted -File C:\Scripts\maintenance_61.ps1,Benign
powershell -ep Restricted -File C:\Scripts\maintenance_31.ps1,Benign
powershell -ExecutionPolicy Restricted -File C:\Scripts\maintenance_73.ps1,Benign
powershell -ep Restricted -File C:\Scripts\maintenance_69.ps1,Benign
cat /var/log/syslog | grep 'systemd' | tail -n 52,Benign
cat /var/log/syslog | grep 'systemd' | tail -n 92,Benign
terraform destroy -auto-approve,Benign
powershell -ExecutionPolicy AllSigned -File C:\Scripts\maintenance_35.ps1,Benign
"grep -r ""ERROR"" /var/log/ > /dev/null 2>&1 # task_987",Benign
tar -czf /tmp/backup.tar.gz /var/log > /dev/null 2>&1 # task_816,Benign
powershell -ExecutionPolicy Restricted -File C:\Scripts\maintenance_41.ps1,Benign
terraform destroy -auto-approve,Benign
cat /var/log/syslog | grep 'systemd' | tail -n 72,Benign
terraform destroy -auto-approve,Benign
cat /var/log/syslog | grep 'systemd' | tail -n 60,Benign
kubectl get pods -n dev --watch,Benign
"grep -r ""ERROR"" /var/log/ > /dev/null 2>&1 # task_657",Benign
powershell -ep Restricted -File C:\Scripts\maintenance_47.ps1,Benign
kubectl get nodes -n monitoring -o wide,Benign
git commit -m 'Fixed weight loading issue in engine.py - issue #3621',Benign
powershell -ExecutionPolicy Restricted -File C:\Scripts\maintenance_46.ps1,Benign
terraform destroy -auto-approve,Benign
tar -czf /tmp/backup.tar.gz /var/log > /dev/null 2>&1 # task_568,Benign
powershell -ExecutionPolicy Restricted -File C:\Scripts\maintenance_85.ps1,Benign
cat /var/log/syslog | grep 'systemd' | tail -n 36,Benign
systemctl status nginx > /dev/null 2>&1 # task_549,Benign
powershell -ep Restricted -File C:\Scripts\maintenance_46.ps1,Benign
cat /var/log/syslog | grep 'systemd' | tail -n 68,Benign
"Get-EventLog -LogName System | Select-Object Name, Id",Benign
kubectl get deployments -n staging -o wide,Benign
Get-EventLog -LogName System | % { $_.Name },Benign
Get-EventLog -LogName System | Where-Object {$_.Status -eq 'Running'},Benign
cat /var/log/syslog | grep 'systemd' | tail -n 37,Benign
tar -czf /tmp/backup.tar.gz /var/log > /dev/null 2>&1 # task_600,Benign
kubectl get configmaps -n staging --watch,Benign
powershell -ExecutionPolicy Restricted -File C:\Scripts\maintenance_77.ps1,Benign
cat /var/log/syslog | grep 'systemd' | tail -n 37,Benign
tar -czf /tmp/backup.tar.gz /var/log > /dev/null 2>&1 # task_553,Benign
terraform plan -out=tfplan,Benign
Get-Process | % { $_.Name },Benign
powershell -ep Restricted -File C:\Scripts\maintenance_41.ps1,Benign
powershell -ExecutionPolicy Restricted -File C:\Scripts\maintenance_30.ps1,Benign
systemctl status nginx > /dev/null 2>&1 # task_890,Benign
"Get-Service | Select-Object Name, Id",Benign
terraform destroy -auto-approve,Benign
powershell -ExecutionPolicy Restricted -File C:\Scripts\maintenance_91.ps1,Benign
tar -czf /tmp/backup.tar.gz /var/log > /dev/null 2>&1 # task_803,Benign
systemctl status nginx > /dev/null 2>&1 # task_234,Benign
terraform destroy -auto-approve,Benign
powershell -ep Restricted -File C:\Scripts\maintenance_73.ps1,Benign
kubectl get pods -n kube-system --watch,Benign
kubectl get deployments -n staging -o wide,Benign
terraform plan -out=tfplan,Benign
git commit -m 'Fixed weight loading issue in engine.py - issue #2154',Benign
terraform plan -out=tfplan,Benign
git commit -m 'Fixed weight loading issue in engine.py - issue #4132',Benign
terraform init -upgrade,Benign
Get-Process | Sort-Object -Descending,Benign
cat /var/log/syslog | grep 'systemd' | tail -n 85,Benign
Get-Content | Where-Object {$_.Status -eq 'Running'},Benign
git commit -m 'Fixed weight loading issue in engine.py - issue #9044',Benign
powershell -ExecutionPolicy Restricted -File C:\Scripts\maintenance_57.ps1,Benign
powershell -ExecutionPolicy Restricted -File C:\Scripts\maintenance_26.ps1,Benign
powershell -ExecutionPolicy AllSigned -File C:\Scripts\maintenance_57.ps1,Benign
git commit -m 'Fixed weight loading issue in engine.py - issue #8183',Benign
systemctl status nginx > /dev/null 2>&1 # task_701,Benign
powershell -ep Restricted -File C:\Scripts\maintenance_38.ps1,Benign
terraform plan -out=tfplan,Benign
systemctl status nginx > /dev/null 2>&1 # task_699,Benign
tar -czf /tmp/backup.tar.gz /var/log > /dev/null 2>&1 # task_538,Benign
terraform destroy -auto-approve,Benign
kubectl get nodes -n production --watch,Benign
kubectl get services -n monitoring -o wide,Benign
kubectl get pods -n production -o wide,Benign
powershell -ep Restricted -File C:\Scripts\maintenance_63.ps1,Benign
cat /var/log/syslog | grep 'systemd' | tail -n 49,Benign
git commit -m 'Fixed weight loading issue in engine.py - issue #8427',Benign
terraform apply -auto-approve,Benign
kubectl get nodes -n monitoring --watch,Benign
systemctl status nginx > /dev/null 2>&1 # task_298,Benign
Get-ADUser | Where-Object {$_.Status -eq 'Running'},Benign
powershell -ExecutionPolicy AllSigned -File C:\Scripts\maintenance_90.ps1,Benign
Get-Process | % { $_.Name },Benign
powershell -ExecutionPolicy AllSigned -File C:\Scripts\maintenance_96.ps1,Benign
terraform apply -auto-approve,Benign
powershell -ExecutionPolicy Restricted -File C:\Scripts\maintenance_64.ps1,Benign
Get-ADUser | Where-Object {$_.Status -eq 'Running'},Benign
Get-Service | % { $_.Name },Benign
git commit -m 'Fixed weight loading issue in engine.py - issue #4396',Benign
terraform apply -auto-approve,Benign
git commit -m 'Fixed weight loading issue in engine.py - issue #9299',Benign
kubectl get services -n kube-system --watch,Benign
git commit -m 'Fixed weight loading issue in engine.py - issue #4451',Benign
terraform apply -auto-approve,Benign
terraform plan -out=tfplan,Benign
powershell -ExecutionPolicy AllSigned -File C:\Scripts\maintenance_22.ps1,Benign
kubectl get nodes -n staging -o wide,Benign
kubectl get nodes -n dev -o wide,Benign
"Get-ADUser | Select-Object Name, Id",Benign
cat /var/log/syslog | grep 'systemd' | tail -n 99,Benign
git commit -m 'Fixed weight loading issue in engine.py - issue #6686',Benign
powershell -ExecutionPolicy Restricted -File C:\Scripts\maintenance_81.ps1,Benign
Get-EventLog -LogName System | Sort-Object -Descending,Benign
git commit -m 'Fixed weight loading issue in engine.py - issue #8601',Benign
systemctl status nginx > /dev/null 2>&1 # task_587,Benign
powershell -ExecutionPolicy Restricted -File C:\Scripts\maintenance_32.ps1,Benign
kubectl get configmaps -n dev -o wide,Benign
terraform destroy -auto-approve,Benign
kubectl get configmaps -n staging --watch,Benign
powershell -ExecutionPolicy AllSigned -File C:\Scripts\maintenance_64.ps1,Benign
powershell -ep Restricted -File C:\Scripts\maintenance_86.ps1,Benign
systemctl status nginx > /dev/null 2>&1 # task_903,Benign
powershell -ExecutionPolicy Restricted -File C:\Scripts\maintenance_33.ps1,Benign
git commit -m 'Fixed weight loading issue in engine.py - issue #5848',Benign
kubectl get configmaps -n staging --watch,Benign
tar -czf /tmp/backup.tar.gz /var/log > /dev/null 2>&1 # task_700,Benign
cat /var/log/syslog | grep 'systemd' | tail -n 68,Benign
terraform plan -out=tfplan,Benign
"Get-Service | Select-Object Name, Id",Benign
tar -czf /tmp/backup.tar.gz /var/log > /dev/null 2>&1 # task_235,Benign
terraform plan -out=tfplan,Benign
"Get-Content | Select-Object Name, Id",Benign
powershell -ep Restricted -File C:\Scripts\maintenance_32.ps1,Benign
tar -czf /tmp/backup.tar.gz /var/log > /dev/null 2>&1 # task_470,Benign
systemctl status nginx > /dev/null 2>&1 # task_528,Benign
git commit -m 'Fixed weight loading issue in engine.py - issue #6729',Benign
git commit -m 'Fixed weight loading issue in engine.py - issue #9332',Benign
Get-Service | Sort-Object -Descending,Benign
Get-EventLog -LogName System | % { $_.Name },Benign
git commit -m 'Fixed weight loading issue in engine.py - issue #1724',Benign
kubectl get pods -n production -o wide,Benign
cat /var/log/syslog | grep 'systemd' | tail -n 67,Benign
powershell -ExecutionPolicy AllSigned -File C:\Scripts\maintenance_27.ps1,Benign
kubectl get nodes -n dev --watch,Benign
powershell -ExecutionPolicy Restricted -File C:\Scripts\maintenance_8.ps1,Benign
cat /var/log/syslog | grep 'systemd' | tail -n 31,Benign
kubectl get deployments -n production -o wide,Benign
systemctl status nginx > /dev/null 2>&1 # task_766,Benign
kubectl get nodes -n dev -o wide,Benign
kubectl get configmaps -n kube-system -o wide,Benign
terraform init -upgrade,Benign
kubectl get nodes -n dev --watch,Benign
terraform apply -auto-approve,Benign
terraform apply -auto-approve,Benign
git commit -m 'Fixed weight loading issue in engine.py - issue #3025',Benign
"Get-ADUser | Select-Object Name, Id",Benign
kubectl get configmaps -n staging -o wide,Benign
"Get-Process | Select-Object Name, Id",Benign
git commit -m 'Fixed weight loading issue in engine.py - issue #7261',Benign
git commit -m 'Fixed weight loading issue in engine.py - issue #3801',Benign
terraform destroy -auto-approve,Benign
"grep -r ""ERROR"" /var/log/ > /dev/null 2>&1 # task_682",Benign
git commit -m 'Fixed weight loading issue in engine.py - issue #9380',Benign
terraform apply -auto-approve,Benign
Get-ADUser | Sort-Object -Descending,Benign
powershell -ep Restricted -File C:\Scripts\maintenance_19.ps1,Benign
Get-Content | Sort-Object -Descending,Benign
git commit -m 'Fixed weight loading issue in engine.py - issue #1390',Benign
powershell -ExecutionPolicy AllSigned -File C:\Scripts\maintenance_64.ps1,Benign
kubectl get nodes -n production --watch,Benign
kubectl get deployments -n staging -o wide,Benign
powershell -ep Restricted -File C:\Scripts\maintenance_54.ps1,Benign
cat /var/log/syslog | grep 'systemd' | tail -n 85,Benign
Get-EventLog -LogName System | Sort-Object -Descending,Benign
powershell -ep Restricted -File C:\Scripts\maintenance_95.ps1,Benign
cat /var/log/syslog | grep 'systemd' | tail -n 74,Benign
kubectl get nodes -n dev --watch,Benign
powershell -ExecutionPolicy AllSigned -File C:\Scripts\maintenance_9.ps1,Benign
powershell -ep Restricted -File C:\Scripts\maintenance_56.ps1,Benign
kubectl get services -n dev -o wide,Benign
powershell -ExecutionPolicy Restricted -File C:\Scripts\maintenance_76.ps1,Benign
kubectl get nodes -n dev -o wide,Benign
kubectl get nodes -n kube-system -o wide,Benign
powershell -ExecutionPolicy AllSigned -File C:\Scripts\maintenance_65.ps1,Benign
terraform plan -out=tfplan,Benign
cat /var/log/syslog | grep 'systemd' | tail -n 95,Benign
cat /var/log/syslog | grep 'systemd' | tail -n 30,Benign
powershell -ep Restricted -File C:\Scripts\maintenance_49.ps1,Benign
powershell -ExecutionPolicy Restricted -File C:\Scripts\maintenance_44.ps1,Benign
Get-ADUser | Sort-Object -Descending,Benign
cat /var/log/syslog | grep 'systemd' | tail -n 53,Benign
"Get-ADUser | Select-Object Name, Id",Benign
git commit -m 'Fixed weight loading issue in engine.py - issue #5338',Benign
tar -czf /tmp/backup.tar.gz /var/log > /dev/null 2>&1 # task_842,Benign
git commit -m 'Fixed weight loading issue in engine.py - issue #4527',Benign
powershell -ep Restricted -File C:\Scripts\maintenance_96.ps1,Benign
kubectl get configmaps -n kube-system -o wide,Benign
terraform plan -out=tfplan,Benign
cat /var/log/syslog | grep 'systemd' | tail -n 32,Benign
kubectl get deployments -n monitoring -o wide,Benign
Get-ADUser | Sort-Object -Descending,Benign
cat /var/log/syslog | grep 'systemd' | tail -n 32,Benign
powershell -ep Restricted -File C:\Scripts\maintenance_38.ps1,Benign
"grep -r ""ERROR"" /var/log/ > /dev/null 2>&1 # task_425",Benign
powershell -ExecutionPolicy Restricted -File C:\Scripts\maintenance_61.ps1,Benign
powershell -ExecutionPolicy AllSigned -File C:\Scripts\maintenance_46.ps1,Benign
kubectl get nodes -n kube-system -o wide,Benign
git commit -m 'Fixed weight loading issue in engine.py - issue #8745',Benign
powershell -ExecutionPolicy Restricted -File C:\Scripts\maintenance_34.ps1,Benign
Get-EventLog -LogName System | Where-Object {$_.Status -eq 'Running'},Benign
kubectl get configmaps -n staging --watch,Benign
kubectl get nodes -n kube-system -o wide,Benign
terraform init -upgrade,Benign
"Get-Service | Select-Object Name, Id",Benign
tar -czf /tmp/backup.tar.gz /var/log > /dev/null 2>&1 # task_556,Benign
systemctl status nginx > /dev/null 2>&1 # task_713,Benign
kubectl get pods -n dev -o wide,Benign
systemctl status nginx > /dev/null 2>&1 # task_786,Benign
powershell -ExecutionPolicy Restricted -File C:\Scripts\maintenance_33.ps1,Benign
powershell -ExecutionPolicy Restricted -File C:\Scripts\maintenance_20.ps1,Benign
"Get-Content | Select-Object Name, Id",Benign
powershell -ExecutionPolicy Restricted -File C:\Scripts\maintenance_31.ps1,Benign
kubectl get configmaps -n kube-system --watch,Benign
tar -czf /tmp/backup.tar.gz /var/log > /dev/null 2>&1 # task_114,Benign
powershell -ExecutionPolicy AllSigned -File C:\Scripts\maintenance_3.ps1,Benign
cat /var/log/syslog | grep 'systemd' | tail -n 34,Benign
powershell -ep Restricted -File C:\Scripts\maintenance_32.ps1,Benign
"Get-Service | Select-Object Name, Id",Benign
tar -czf /tmp/backup.tar.gz /var/log > /dev/null 2>&1 # task_228,Benign
powershell -ExecutionPolicy Restricted -File C:\Scripts\maintenance_18.ps1,Benign
"Get-Content | Select-Object Name, Id",Benign
git commit -m 'Fixed weight loading issue in engine.py - issue #1802',Benign
terraform apply -auto-approve,Benign
tar -czf /tmp/backup.tar.gz /var/log > /dev/null 2>&1 # task_634,Benign
cat /var/log/syslog | grep 'systemd' | tail -n 49,Benign
cat /var/log/syslog | grep 'systemd' | tail -n 100,Benign
git commit -m 'Fixed weight loading issue in engine.py - issue #8051',Benign
"grep -r ""ERROR"" /var/log/ > /dev/null 2>&1 # task_333",Benign
powershell -ExecutionPolicy AllSigned -File C:\Scripts\maintenance_35.ps1,Benign
Get-Content | Sort-Object -Descending,Benign
tar -czf /tmp/backup.tar.gz /var/log > /dev/null 2>&1 # task_740,Benign
tar -czf /tmp/backup.tar.gz /var/log > /dev/null 2>&1 # task_221,Benign
cat /var/log/syslog | grep 'systemd' | tail -n 77,Benign
powershell -ExecutionPolicy Restricted -File C:\Scripts\maintenance_45.ps1,Benign
Get-ADUser | Sort-Object -Descending,Benign
systemctl status nginx > /dev/null 2>&1 # task_196,Benign
terraform apply -auto-approve,Benign
git commit -m 'Fixed weight loading issue in engine.py - issue #9262',Benign
Get-Content | Where-Object {$_.Status -eq 'Running'},Benign
git commit -m 'Fixed weight loading issue in engine.py - issue #7777',Benign
Get-Service | % { $_.Name },Benign
git commit -m 'Fixed weight loading issue in engine.py - issue #9394',Benign
terraform plan -out=tfplan,Benign
powershell -ExecutionPolicy AllSigned -File C:\Scripts\maintenance_69.ps1,Benign
Get-ADUser | Sort-Object -Descending,Benign
git commit -m 'Fixed weight loading issue in engine.py - issue #2647',Benign
cat /var/log/syslog | grep 'systemd' | tail -n 70,Benign
terraform destroy -auto-approve,Benign
Get-EventLog -LogName System | % { $_.Name },Benign
kubectl get services -n staging --watch,Benign
tar -czf /tmp/backup.tar.gz /var/log > /dev/null 2>&1 # task_233,Benign
tar -czf /tmp/backup.tar.gz /var/log > /dev/null 2>&1 # task_671,Benign
powershell -ExecutionPolicy AllSigned -File C:\Scripts\maintenance_13.ps1,Benign
cat /var/log/syslog | grep 'systemd' | tail -n 21,Benign
tar -czf /tmp/backup.tar.gz /var/log > /dev/null 2>&1 # task_638,Benign
systemctl status nginx > /dev/null 2>&1 # task_725,Benign
git commit -m 'Fixed weight loading issue in engine.py - issue #6183',Benign
terraform destroy -auto-approve,Benign
"grep -r ""ERROR"" /var/log/ > /dev/null 2>&1 # task_728",Benign
tar -czf /tmp/backup.tar.gz /var/log > /dev/null 2>&1 # task_451,Benign
Get-Process | % { $_.Name },Benign
systemctl status nginx > /dev/null 2>&1 # task_590,Benign
tar -czf /tmp/backup.tar.gz /var/log > /dev/null 2>&1 # task_238,Benign
powershell -ExecutionPolicy Restricted -File C:\Scripts\maintenance_3.ps1,Benign
tar -czf /tmp/backup.tar.gz /var/log > /dev/null 2>&1 # task_947,Benign
kubectl get deployments -n monitoring --watch,Benign
powershell -ep Restricted -File C:\Scripts\maintenance_60.ps1,Benign
git commit -m 'Fixed weight loading issue in engine.py - issue #6106',Benign
cat /var/log/syslog | grep 'systemd' | tail -n 48,Benign
tar -czf /tmp/backup.tar.gz /var/log > /dev/null 2>&1 # task_263,Benign
powershell -ExecutionPolicy Restricted -File C:\Scripts\maintenance_78.ps1,Benign
terraform init -upgrade,Benign
terraform init -upgrade,Benign
kubectl get configmaps -n staging -o wide,Benign
kubectl get nodes -n staging -o wide,Benign
terraform apply -auto-approve,Benign
terraform init -upgrade,Benign
git commit -m 'Fixed weight loading issue in engine.py - issue #6094',Benign
Get-EventLog -LogName System | % { $_.Name },Benign
git commit -m 'Fixed weight loading issue in engine.py - issue #6186',Benign
git commit -m 'Fixed weight loading issue in engine.py - issue #8161',Benign
terraform init -upgrade,Benign
powershell -ExecutionPolicy Restricted -File C:\Scripts\maintenance_85.ps1,Benign
git commit -m 'Fixed weight loading issue in engine.py - issue #5518',Benign
Get-Content | Where-Object {$_.Status -eq 'Running'},Benign
tar -czf /tmp/backup.tar.gz /var/log > /dev/null 2>&1 # task_537,Benign
"grep -r ""ERROR"" /var/log/ > /dev/null 2>&1 # task_582",Benign
tar -czf /tmp/backup.tar.gz /var/log > /dev/null 2>&1 # task_663,Benign
powershell -ep Restricted -File C:\Scripts\maintenance_20.ps1,Benign
terraform plan -out=tfplan,Benign
git commit -m 'Fixed weight loading issue in engine.py - issue #5770',Benign
powershell -ep Restricted -File C:\Scripts\maintenance_4.ps1,Benign
powershell -ExecutionPolicy Restricted -File C:\Scripts\maintenance_58.ps1,Benign
git commit -m 'Fixed weight loading issue in engine.py - issue #7913',Benign
git commit -m 'Fixed weight loading issue in engine.py - issue #3358',Benign
cat /var/log/syslog | grep 'systemd' | tail -n 77,Benign
powershell -ExecutionPolicy AllSigned -File C:\Scripts\maintenance_7.ps1,Benign
"Get-Process | Select-Object Name, Id",Benign
cat /var/log/syslog | grep 'systemd' | tail -n 31,Benign
tar -czf /tmp/backup.tar.gz /var/log > /dev/null 2>&1 # task_826,Benign
kubectl get services -n production --watch,Benign
powershell -ExecutionPolicy AllSigned -File C:\Scripts\maintenance_11.ps1,Benign
cat /var/log/syslog | grep 'systemd' | tail -n 53,Benign
terraform apply -auto-approve,Benign
cat /var/log/syslog | grep 'systemd' | tail -n 100,Benign
powershell -ExecutionPolicy AllSigned -File C:\Scripts\maintenance_4.ps1,Benign
Get-Process | Sort-Object -Descending,Benign
"grep -r ""ERROR"" /var/log/ > /dev/null 2>&1 # task_369",Benign
git commit -m 'Fixed weight loading issue in engine.py - issue #7835',Benign
git commit -m 'Fixed weight loading issue in engine.py - issue #6555',Benign
"Get-EventLog -LogName System | Select-Object Name, Id",Benign
cat /var/log/syslog | grep 'systemd' | tail -n 34,Benign
systemctl status nginx > /dev/null 2>&1 # task_414,Benign
git commit -m 'Fixed weight loading issue in engine.py - issue #1438',Benign
kubectl get nodes -n staging -o wide,Benign
cat /var/log/syslog | grep 'systemd' | tail -n 21,Benign
kubectl get deployments -n dev --watch,Benign
cat /var/log/syslog | grep 'systemd' | tail -n 75,Benign
"Get-Process | Select-Object Name, Id",Benign
powershell -ep Restricted -File C:\Scripts\maintenance_80.ps1,Benign
cat /var/log/syslog | grep 'systemd' | tail -n 25,Benign
git commit -m 'Fixed weight loading issue in engine.py - issue #8987',Benign
cat /var/log/syslog | grep 'systemd' | tail -n 70,Benign
kubectl get nodes -n kube-system -o wide,Benign
"Get-Content | Select-Object Name, Id",Benign
Get-ADUser | Sort-Object -Descending,Benign
cat /var/log/syslog | grep 'systemd' | tail -n 78,Benign
terraform init -upgrade,Benign
terraform apply -auto-approve,Benign
terraform destroy -auto-approve,Benign
"Get-Content | Select-Object Name, Id",Benign
powershell -ep Restricted -File C:\Scripts\maintenance_74.ps1,Benign
systemctl status nginx > /dev/null 2>&1 # task_152,Benign
git commit -m 'Fixed weight loading issue in engine.py - issue #1634',Benign
terraform apply -auto-approve,Benign
git commit -m 'Fixed weight loading issue in engine.py - issue #7095',Benign
Get-EventLog -LogName System | % { $_.Name },Benign
Get-EventLog -LogName System | % { $_.Name },Benign
powershell -ExecutionPolicy AllSigned -File C:\Scripts\maintenance_89.ps1,Benign
git commit -m 'Fixed weight loading issue in engine.py - issue #5205',Benign
terraform destroy -auto-approve,Benign
kubectl get services -n dev --watch,Benign
terraform destroy -auto-approve,Benign
git commit -m 'Fixed weight loading issue in engine.py - issue #6162',Benign
git commit -m 'Fixed weight loading issue in engine.py - issue #9106',Benign
"Get-EventLog -LogName System | Select-Object Name, Id",Benign
powershell -ExecutionPolicy AllSigned -File C:\Scripts\maintenance_41.ps1,Benign
kubectl get pods -n staging --watch,Benign
git commit -m 'Fixed weight loading issue in engine.py - issue #9703',Benign
Get-ADUser | % { $_.Name },Benign
cat /var/log/syslog | grep 'systemd' | tail -n 50,Benign
cat /var/log/syslog | grep 'systemd' | tail -n 41,Benign
kubectl get services -n kube-system --watch,Benign
Get-Service | Where-Object {$_.Status -eq 'Running'},Benign
kubectl get services -n dev -o wide,Benign
"Get-EventLog -LogName System | Select-Object Name, Id",Benign
kubectl get nodes -n staging --watch,Benign
"Get-Content | Select-Object Name, Id",Benign
powershell -ep Restricted -File C:\Scripts\maintenance_97.ps1,Benign
"grep -r ""ERROR"" /var/log/ > /dev/null 2>&1 # task_791",Benign
terraform apply -auto-approve,Benign
"Get-Content | Select-Object Name, Id",Benign
"grep -r ""ERROR"" /var/log/ > /dev/null 2>&1 # task_307",Benign
Get-ADUser | % { $_.Name },Benign
systemctl status nginx > /dev/null 2>&1 # task_437,Benign
Get-Service | Where-Object {$_.Status -eq 'Running'},Benign
cat /var/log/syslog | grep 'systemd' | tail -n 46,Benign
terraform apply -auto-approve,Benign
powershell -ExecutionPolicy Restricted -File C:\Scripts\maintenance_58.ps1,Benign
"grep -r ""ERROR"" /var/log/ > /dev/null 2>&1 # task_798",Benign
powershell -ExecutionPolicy AllSigned -File C:\Scripts\maintenance_44.ps1,Benign
powershell -ExecutionPolicy AllSigned -File C:\Scripts\maintenance_74.ps1,Benign
tar -czf /tmp/backup.tar.gz /var/log > /dev/null 2>&1 # task_389,Benign
kubectl get configmaps -n staging --watch,Benign
kubectl get services -n dev -o wide,Benign
powershell -ExecutionPolicy AllSigned -File C:\Scripts\maintenance_59.ps1,Benign
"Get-Content | Select-Object Name, Id",Benign
cat /var/log/syslog | grep 'systemd' | tail -n 29,Benign
powershell -ExecutionPolicy Restricted -File C:\Scripts\maintenance_72.ps1,Benign
cat /var/log/syslog | grep 'systemd' | tail -n 82,Benign
kubectl get nodes -n kube-system -o wide,Benign
systemctl status nginx > /dev/null 2>&1 # task_514,Benign
git commit -m 'Fixed weight loading issue in engine.py - issue #3999',Benign
git commit -m 'Fixed weight loading issue in engine.py - issue #8898',Benign
powershell -ExecutionPolicy AllSigned -File C:\Scripts\maintenance_89.ps1,Benign
powershell -ExecutionPolicy AllSigned -File C:\Scripts\maintenance_82.ps1,Benign
terraform apply -auto-approve,Benign
Get-Content | Sort-Object -Descending,Benign
tar -czf /tmp/backup.tar.gz /var/log > /dev/null 2>&1 # task_161,Benign
tar -czf /tmp/backup.tar.gz /var/log > /dev/null 2>&1 # task_198,Benign
powershell -ExecutionPolicy AllSigned -File C:\Scripts\maintenance_36.ps1,Benign
git commit -m 'Fixed weight loading issue in engine.py - issue #1813',Benign
systemctl status nginx > /dev/null 2>&1 # task_832,Benign
Get-EventLog -LogName System | Where-Object {$_.Status -eq 'Running'},Benign
terraform plan -out=tfplan,Benign
git commit -m 'Fixed weight loading issue in engine.py - issue #9922',Benign
git commit -m 'Fixed weight loading issue in engine.py - issue #2620',Benign
systemctl status nginx > /dev/null 2>&1 # task_727,Benign
cat /var/log/syslog | grep 'systemd' | tail -n 64,Benign
git commit -m 'Fixed weight loading issue in engine.py - issue #4942',Benign
powershell -ExecutionPolicy Restricted -File C:\Scripts\maintenance_17.ps1,Benign
kubectl get services -n dev -o wide,Benign
terraform destroy -auto-approve,Benign
kubectl get services -n staging -o wide,Benign
cat /var/log/syslog | grep 'systemd' | tail -n 63,Benign
"grep -r ""ERROR"" /var/log/ > /dev/null 2>&1 # task_518",Benign
powershell -ExecutionPolicy Restricted -File C:\Scripts\maintenance_21.ps1,Benign
terraform apply -auto-approve,Benign
powershell -ep Restricted -File C:\Scripts\maintenance_73.ps1,Benign
cat /var/log/syslog | grep 'systemd' | tail -n 53,Benign
powershell -ExecutionPolicy AllSigned -File C:\Scripts\maintenance_19.ps1,Benign
terraform destroy -auto-approve,Benign
powershell -ep Restricted -File C:\Scripts\maintenance_47.ps1,Benign
terraform plan -out=tfplan,Benign
Get-Process | Where-Object {$_.Status -eq 'Running'},Benign
Get-Process | Where-Object {$_.Status -eq 'Running'},Benign
powershell -ep Restricted -File C:\Scripts\maintenance_92.ps1,Benign
powershell -ep Restricted -File C:\Scripts\maintenance_100.ps1,Benign
tar -czf /tmp/backup.tar.gz /var/log > /dev/null 2>&1 # task_335,Benign
terraform destroy -auto-approve,Benign
powershell -ep Restricted -File C:\Scripts\maintenance_28.ps1,Benign
systemctl status nginx > /dev/null 2>&1 # task_562,Benign
Get-ADUser | % { $_.Name },Benign
powershell -ExecutionPolicy Restricted -File C:\Scripts\maintenance_94.ps1,Benign
git commit -m 'Fixed weight loading issue in engine.py - issue #3020',Benign
powershell -ExecutionPolicy Restricted -File C:\Scripts\maintenance_47.ps1,Benign
kubectl get pods -n staging --watch,Benign
powershell -ExecutionPolicy Restricted -File C:\Scripts\maintenance_44.ps1,Benign
cat /var/log/syslog | grep 'systemd' | tail -n 56,Benign
systemctl status nginx > /dev/null 2>&1 # task_839,Benign
kubectl get nodes -n production -o wide,Benign
powershell -ExecutionPolicy AllSigned -File C:\Scripts\maintenance_22.ps1,Benign
"grep -r ""ERROR"" /var/log/ > /dev/null 2>&1 # task_267",Benign
terraform destroy -auto-approve,Benign
tar -czf /tmp/backup.tar.gz /var/log > /dev/null 2>&1 # task_179,Benign
terraform destroy -auto-approve,Benign
terraform init -upgrade,Benign
kubectl get services -n monitoring --watch,Benign
Get-Service | Where-Object {$_.Status -eq 'Running'},Benign
cat /var/log/syslog | grep 'systemd' | tail -n 28,Benign
powershell -ExecutionPolicy Restricted -File C:\Scripts\maintenance_13.ps1,Benign
git commit -m 'Fixed weight loading issue in engine.py - issue #7241',Benign
git commit -m 'Fixed weight loading issue in engine.py - issue #3205',Benign
powershell -ExecutionPolicy AllSigned -File C:\Scripts\maintenance_100.ps1,Benign
Get-ADUser | % { $_.Name },Benign
powershell -ExecutionPolicy AllSigned -File C:\Scripts\maintenance_89.ps1,Benign
cat /var/log/syslog | grep 'systemd' | tail -n 85,Benign
"grep -r ""ERROR"" /var/log/ > /dev/null 2>&1 # task_503",Benign
powershell -ExecutionPolicy AllSigned -File C:\Scripts\maintenance_58.ps1,Benign
kubectl get configmaps -n kube-system -o wide,Benign
git commit -m 'Fixed weight loading issue in engine.py - issue #2968',Benign
git commit -m 'Fixed weight loading issue in engine.py - issue #6223',Benign
terraform init -upgrade,Benign
kubectl get pods -n dev --watch,Benign
kubectl get configmaps -n dev --watch,Benign
cat /var/log/syslog | grep 'systemd' | tail -n 25,Benign
kubectl get nodes -n production -o wide,Benign
tar -czf /tmp/backup.tar.gz /var/log > /dev/null 2>&1 # task_138,Benign
"Get-Content | Select-Object Name, Id",Benign
terraform destroy -auto-approve,Benign
cat /var/log/syslog | grep 'systemd' | tail -n 53,Benign
kubectl get deployments -n monitoring -o wide,Benign
git commit -m 'Fixed weight loading issue in engine.py - issue #4888',Benign
cat /var/log/syslog | grep 'systemd' | tail -n 69,Benign
powershell -ep Restricted -File C:\Scripts\maintenance_99.ps1,Benign
terraform destroy -auto-approve,Benign
tar -czf /tmp/backup.tar.gz /var/log > /dev/null 2>&1 # task_877,Benign
terraform init -upgrade,Benign
git commit -m 'Fixed weight loading issue in engine.py - issue #1398',Benign
Get-Content | % { $_.Name },Benign
terraform init -upgrade,Benign
tar -czf /tmp/backup.tar.gz /var/log > /dev/null 2>&1 # task_591,Benign
terraform apply -auto-approve,Benign
tar -czf /tmp/backup.tar.gz /var/log > /dev/null 2>&1 # task_346,Benign
terraform apply -auto-approve,Benign
powershell -ExecutionPolicy Restricted -File C:\Scripts\maintenance_20.ps1,Benign
cat /var/log/syslog | grep 'systemd' | tail -n 51,Benign
git commit -m 'Fixed weight loading issue in engine.py - issue #9026',Benign
"grep -r ""ERROR"" /var/log/ > /dev/null 2>&1 # task_758",Benign
kubectl get nodes -n dev -o wide,Benign
Get-EventLog -LogName System | Sort-Object -Descending,Benign
powershell -ExecutionPolicy AllSigned -File C:\Scripts\maintenance_57.ps1,Benign
"Get-Service | Select-Object Name, Id",Benign
cat /var/log/syslog | grep 'systemd' | tail -n 53,Benign
git commit -m 'Fixed weight loading issue in engine.py - issue #1280',Benign
powershell -ExecutionPolicy Restricted -File C:\Scripts\maintenance_82.ps1,Benign
cat /var/log/syslog | grep 'systemd' | tail -n 71,Benign
Get-Process | Where-Object {$_.Status -eq 'Running'},Benign
git commit -m 'Fixed weight loading issue in engine.py - issue #4591',Benign
terraform init -upgrade,Benign
"Get-Process | Select-Object Name, Id",Benign
kubectl get pods -n staging --watch,Benign
tar -czf /tmp/backup.tar.gz /var/log > /dev/null 2>&1 # task_773,Benign
cat /var/log/syslog | grep 'systemd' | tail -n 64,Benign
Get-EventLog -LogName System | Sort-Object -Descending,Benign
cat /var/log/syslog | grep 'systemd' | tail -n 33,Benign
terraform destroy -auto-approve,Benign
systemctl status nginx > /dev/null 2>&1 # task_282,Benign
powershell -ExecutionPolicy Restricted -File C:\Scripts\maintenance_41.ps1,Benign
"grep -r ""ERROR"" /var/log/ > /dev/null 2>&1 # task_902",Benign
Get-EventLog -LogName System | % { $_.Name },Benign
git commit -m 'Fixed weight loading issue in engine.py - issue #8614',Benign
tar -czf /tmp/backup.tar.gz /var/log > /dev/null 2>&1 # task_364,Benign
kubectl get nodes -n staging -o wide,Benign
tar -czf /tmp/backup.tar.gz /var/log > /dev/null 2>&1 # task_378,Benign
cat /var/log/syslog | grep 'systemd' | tail -n 100,Benign
systemctl status nginx > /dev/null 2>&1 # task_168,Benign
git commit -m 'Fixed weight loading issue in engine.py - issue #4550',Benign
terraform plan -out=tfplan,Benign
cat /var/log/syslog | grep 'systemd' | tail -n 75,Benign
cat /var/log/syslog | grep 'systemd' | tail -n 64,Benign
git commit -m 'Fixed weight loading issue in engine.py - issue #4844',Benign
git commit -m 'Fixed weight loading issue in engine.py - issue #8336',Benign
powershell -ExecutionPolicy AllSigned -File C:\Scripts\maintenance_85.ps1,Benign
terraform destroy -auto-approve,Benign
git commit -m 'Fixed weight loading issue in engine.py - issue #5855',Benign
git commit -m 'Fixed weight loading issue in engine.py - issue #7957',Benign
cat /var/log/syslog | grep 'systemd' | tail -n 45,Benign
Get-Service | % { $_.Name },Benign
Get-EventLog -LogName System | % { $_.Name },Benign
"grep -r ""ERROR"" /var/log/ > /dev/null 2>&1 # task_444",Benign
git commit -m 'Fixed weight loading issue in engine.py - issue #5431',Benign
Get-ADUser | Where-Object {$_.Status -eq 'Running'},Benign
Get-EventLog -LogName System | % { $_.Name },Benign
Get-Service | % { $_.Name },Benign
cat /var/log/syslog | grep 'systemd' | tail -n 46,Benign
git commit -m 'Fixed weight loading issue in engine.py - issue #7887',Benign
powershell -ep Restricted -File C:\Scripts\maintenance_70.ps1,Benign
kubectl get deployments -n staging -o wide,Benign
terraform apply -auto-approve,Benign
terraform plan -out=tfplan,Benign
powershell -ExecutionPolicy Restricted -File C:\Scripts\maintenance_42.ps1,Benign
git commit -m 'Fixed weight loading issue in engine.py - issue #1372',Benign
powershell -ExecutionPolicy Restricted -File C:\Scripts\maintenance_20.ps1,Benign
powershell -ep Restricted -File C:\Scripts\maintenance_24.ps1,Benign
cat /var/log/syslog | grep 'systemd' | tail -n 19,Benign
git commit -m 'Fixed weight loading issue in engine.py - issue #8864',Benign
git commit -m 'Fixed weight loading issue in engine.py - issue #6951',Benign
Get-Service | % { $_.Name },Benign
systemctl status nginx > /dev/null 2>&1 # task_438,Benign
kubectl get configmaps -n production --watch,Benign
powershell -ep Restricted -File C:\Scripts\maintenance_71.ps1,Benign
kubectl get services -n kube-system -o wide,Benign
powershell -ExecutionPolicy Restricted -File C:\Scripts\maintenance_57.ps1,Benign
kubectl get configmaps -n staging -o wide,Benign
git commit -m 'Fixed weight loading issue in engine.py - issue #2190',Benign
git commit -m 'Fixed weight loading issue in engine.py - issue #2633',Benign
Get-Content | Sort-Object -Descending,Benign
Get-Process | Sort-Object -Descending,Benign
"grep -r ""ERROR"" /var/log/ > /dev/null 2>&1 # task_399",Benign
"Get-ADUser | Select-Object Name, Id",Benign
terraform destroy -auto-approve,Benign
powershell -ExecutionPolicy AllSigned -File C:\Scripts\maintenance_74.ps1,Benign
kubectl get pods -n production -o wide,Benign
powershell -ExecutionPolicy Restricted -File C:\Scripts\maintenance_32.ps1,Benign
powershell -ExecutionPolicy AllSigned -File C:\Scripts\maintenance_46.ps1,Benign
terraform destroy -auto-approve,Benign
Get-ADUser | % { $_.Name },Benign
kubectl get deployments -n dev --watch,Benign
terraform plan -out=tfplan,Benign
"Get-Process | Select-Object Name, Id",Benign
systemctl status nginx > /dev/null 2>&1 # task_591,Benign
git commit -m 'Fixed weight loading issue in engine.py - issue #5390',Benign
"Get-ADUser | Select-Object Name, Id",Benign
powershell -ExecutionPolicy Restricted -File C:\Scripts\maintenance_98.ps1,Benign
"Get-Process | Select-Object Name, Id",Benign
Get-Service | Sort-Object -Descending,Benign
tar -czf /tmp/backup.tar.gz /var/log > /dev/null 2>&1 # task_774,Benign
Get-ADUser | % { $_.Name },Benign
git commit -m 'Fixed weight loading issue in engine.py - issue #3847',Benign
Get-Service | Sort-Object -Descending,Benign
cat /var/log/syslog | grep 'systemd' | tail -n 71,Benign
systemctl status nginx > /dev/null 2>&1 # task_447,Benign
kubectl get configmaps -n production -o wide,Benign
terraform plan -out=tfplan,Benign
"Get-Service | Select-Object Name, Id",Benign
"Get-Process | Select-Object Name, Id",Benign
terraform init -upgrade,Benign
Get-Service | Where-Object {$_.Status -eq 'Running'},Benign
terraform plan -out=tfplan,Benign
cat /var/log/syslog | grep 'systemd' | tail -n 16,Benign
cat /var/log/syslog | grep 'systemd' | tail -n 37,Benign
cat /var/log/syslog | grep 'systemd' | tail -n 87,Benign
"Get-Service | Select-Object Name, Id",Benign
cat /var/log/syslog | grep 'systemd' | tail -n 10,Benign
"Get-Process | Select-Object Name, Id",Benign
powershell -ExecutionPolicy AllSigned -File C:\Scripts\maintenance_47.ps1,Benign
"grep -r ""ERROR"" /var/log/ > /dev/null 2>&1 # task_947",Benign
terraform plan -out=tfplan,Benign
cat /var/log/syslog | grep 'systemd' | tail -n 87,Benign
terraform apply -auto-approve,Benign
"grep -r ""ERROR"" /var/log/ > /dev/null 2>&1 # task_533",Benign
systemctl status nginx > /dev/null 2>&1 # task_846,Benign
powershell -ExecutionPolicy Restricted -File C:\Scripts\maintenance_72.ps1,Benign
git commit -m 'Fixed weight loading issue in engine.py - issue #5724',Benign
cat /var/log/syslog | grep 'systemd' | tail -n 69,Benign
git commit -m 'Fixed weight loading issue in engine.py - issue #9918',Benign
powershell -ExecutionPolicy AllSigned -File C:\Scripts\maintenance_11.ps1,Benign
Get-EventLog -LogName System | % { $_.Name },Benign
kubectl get configmaps -n staging --watch,Benign
cat /var/log/syslog | grep 'systemd' | tail -n 86,Benign
powershell -ExecutionPolicy Restricted -File C:\Scripts\maintenance_32.ps1,Benign
git commit -m 'Fixed weight loading issue in engine.py - issue #1105',Benign
powershell -ep Restricted -File C:\Scripts\maintenance_84.ps1,Benign
Get-Service | % { $_.Name },Benign
git commit -m 'Fixed weight loading issue in engine.py - issue #6434',Benign
powershell -ExecutionPolicy AllSigned -File C:\Scripts\maintenance_85.ps1,Benign
systemctl status nginx > /dev/null 2>&1 # task_466,Benign
tar -czf /tmp/backup.tar.gz /var/log > /dev/null 2>&1 # task_158,Benign
Get-Service | Where-Object {$_.Status -eq 'Running'},Benign
terraform apply -auto-approve,Benign
"grep -r ""ERROR"" /var/log/ > /dev/null 2>&1 # task_324",Benign
kubectl get nodes -n dev --watch,Benign
cat /var/log/syslog | grep 'systemd' | tail -n 37,Benign
kubectl get configmaps -n staging -o wide,Benign
Get-ADUser | % { $_.Name },Benign
terraform apply -auto-approve,Benign
kubectl get deployments -n production -o wide,Benign
kubectl get pods -n monitoring -o wide,Benign
cat /var/log/syslog | grep 'systemd' | tail -n 58,Benign
cat /var/log/syslog | grep 'systemd' | tail -n 84,Benign
terraform apply -auto-approve,Benign
terraform plan -out=tfplan,Benign
Get-Process | % { $_.Name },Benign
Get-Content | % { $_.Name },Benign
terraform plan -out=tfplan,Benign
cat /var/log/syslog | grep 'systemd' | tail -n 53,Benign
terraform apply -auto-approve,Benign
powershell -ExecutionPolicy Restricted -File C:\Scripts\maintenance_37.ps1,Benign
kubectl get services -n production -o wide,Benign
powershell -ExecutionPolicy Restricted -File C:\Scripts\maintenance_45.ps1,Benign
terraform apply -auto-approve,Benign
cat /var/log/syslog | grep 'systemd' | tail -n 77,Benign
git commit -m 'Fixed weight loading issue in engine.py - issue #3110',Benign
"grep -r ""ERROR"" /var/log/ > /dev/null 2>&1 # task_574",Benign
git commit -m 'Fixed weight loading issue in engine.py - issue #5075',Benign
cat /var/log/syslog | grep 'systemd' | tail -n 44,Benign
terraform apply -auto-approve,Benign
terraform init -upgrade,Benign
cat /var/log/syslog | grep 'systemd' | tail -n 10,Benign
git commit -m 'Fixed weight loading issue in engine.py - issue #9343',Benign
kubectl get nodes -n dev -o wide,Benign
cat /var/log/syslog | grep 'systemd' | tail -n 15,Benign
cat /var/log/syslog | grep 'systemd' | tail -n 24,Benign
tar -czf /tmp/backup.tar.gz /var/log > /dev/null 2>&1 # task_670,Benign
git commit -m 'Fixed weight loading issue in engine.py - issue #6687',Benign
powershell -ep Restricted -File C:\Scripts\maintenance_29.ps1,Benign
terraform destroy -auto-approve,Benign
kubectl get configmaps -n staging -o wide,Benign
terraform apply -auto-approve,Benign
"Get-Content | Select-Object Name, Id",Benign
powershell -ExecutionPolicy AllSigned -File C:\Scripts\maintenance_92.ps1,Benign
cat /var/log/syslog | grep 'systemd' | tail -n 100,Benign
kubectl get nodes -n production --watch,Benign
git commit -m 'Fixed weight loading issue in engine.py - issue #5594',Benign
terraform apply -auto-approve,Benign
git commit -m 'Fixed weight loading issue in engine.py - issue #4534',Benign
kubectl get configmaps -n monitoring -o wide,Benign
kubectl get services -n production -o wide,Benign
systemctl status nginx > /dev/null 2>&1 # task_693,Benign
git commit -m 'Fixed weight loading issue in engine.py - issue #6029',Benign
cat /var/log/syslog | grep 'systemd' | tail -n 72,Benign
git commit -m 'Fixed weight loading issue in engine.py - issue #5351',Benign
kubectl get pods -n production --watch,Benign
terraform apply -auto-approve,Benign
terraform plan -out=tfplan,Benign
powershell -ExecutionPolicy AllSigned -File C:\Scripts\maintenance_50.ps1,Benign
cat /var/log/syslog | grep 'systemd' | tail -n 41,Benign
Get-ADUser | Sort-Object -Descending,Benign
systemctl status nginx > /dev/null 2>&1 # task_687,Benign
Get-Content | Sort-Object -Descending,Benign
git commit -m 'Fixed weight loading issue in engine.py - issue #1124',Benign
terraform plan -out=tfplan,Benign
cat /var/log/syslog | grep 'systemd' | tail -n 60,Benign
powershell -ep Restricted -File C:\Scripts\maintenance_78.ps1,Benign
Get-Content | Sort-Object -Descending,Benign
Get-Service | Sort-Object -Descending,Benign
Get-Content | % { $_.Name },Benign
git commit -m 'Fixed weight loading issue in engine.py - issue #7134',Benign
terraform destroy -auto-approve,Benign
git commit -m 'Fixed weight loading issue in engine.py - issue #7520',Benign
cat /var/log/syslog | grep 'systemd' | tail -n 74,Benign
git commit -m 'Fixed weight loading issue in engine.py - issue #3246',Benign
powershell -ExecutionPolicy AllSigned -File C:\Scripts\maintenance_49.ps1,Benign
kubectl get configmaps -n monitoring --watch,Benign
terraform apply -auto-approve,Benign
git commit -m 'Fixed weight loading issue in engine.py - issue #1254',Benign
terraform destroy -auto-approve,Benign
cat /var/log/syslog | grep 'systemd' | tail -n 55,Benign
powershell -ep Restricted -File C:\Scripts\maintenance_44.ps1,Benign
"Get-Content | Select-Object Name, Id",Benign
terraform apply -auto-approve,Benign
kubectl get pods -n kube-system --watch,Benign
terraform init -upgrade,Benign
Get-Service | Where-Object {$_.Status -eq 'Running'},Benign
kubectl get deployments -n monitoring --watch,Benign
git commit -m 'Fixed weight loading issue in engine.py - issue #5479',Benign
powershell -ExecutionPolicy AllSigned -File C:\Scripts\maintenance_67.ps1,Benign
terraform init -upgrade,Benign
powershell -ExecutionPolicy Restricted -File C:\Scripts\maintenance_19.ps1,Benign
"Get-Service | Select-Object Name, Id",Benign
powershell -ExecutionPolicy Restricted -File C:\Scripts\maintenance_8.ps1,Benign
terraform apply -auto-approve,Benign
kubectl get deployments -n monitoring --watch,Benign
terraform apply -auto-approve,Benign
terraform init -upgrade,Benign
"Get-ADUser | Select-Object Name, Id",Benign
"Get-Process | Select-Object Name, Id",Benign
cat /var/log/syslog | grep 'systemd' | tail -n 20,Benign
Get-Content | % { $_.Name },Benign
powershell -ExecutionPolicy AllSigned -File C:\Scripts\maintenance_58.ps1,Benign
cat /var/log/syslog | grep 'systemd' | tail -n 56,Benign
cat /var/log/syslog | grep 'systemd' | tail -n 63,Benign
terraform init -upgrade,Benign
cat /var/log/syslog | grep 'systemd' | tail -n 25,Benign
systemctl status nginx > /dev/null 2>&1 # task_470,Benign
git commit -m 'Fixed weight loading issue in engine.py - issue #5682',Benign
cat /var/log/syslog | grep 'systemd' | tail -n 25,Benign
powershell -ep Restricted -File C:\Scripts\maintenance_75.ps1,Benign
git commit -m 'Fixed weight loading issue in engine.py - issue #2762',Benign
powershell -ExecutionPolicy Restricted -File C:\Scripts\maintenance_5.ps1,Benign
cat /var/log/syslog | grep 'systemd' | tail -n 63,Benign
powershell -ep Restricted -File C:\Scripts\maintenance_32.ps1,Benign
cat /var/log/syslog | grep 'systemd' | tail -n 39,Benign
systemctl status nginx > /dev/null 2>&1 # task_944,Benign
terraform apply -auto-approve,Benign
git commit -m 'Fixed weight loading issue in engine.py - issue #4718',Benign
terraform plan -out=tfplan,Benign
powershell -ExecutionPolicy Restricted -File C:\Scripts\maintenance_9.ps1,Benign
terraform apply -auto-approve,Benign
powershell -ExecutionPolicy AllSigned -File C:\Scripts\maintenance_10.ps1,Benign
systemctl status nginx > /dev/null 2>&1 # task_695,Benign
kubectl get nodes -n dev -o wide,Benign
powershell -ExecutionPolicy AllSigned -File C:\Scripts\maintenance_42.ps1,Benign
powershell -ExecutionPolicy Restricted -File C:\Scripts\maintenance_62.ps1,Benign
git commit -m 'Fixed weight loading issue in engine.py - issue #6961',Benign
git commit -m 'Fixed weight loading issue in engine.py - issue #9072',Benign
kubectl get pods -n kube-system --watch,Benign
tar -czf /tmp/backup.tar.gz /var/log > /dev/null 2>&1 # task_960,Benign
Get-EventLog -LogName System | Where-Object {$_.Status -eq 'Running'},Benign
git commit -m 'Fixed weight loading issue in engine.py - issue #8347',Benign
powershell -ep Restricted -File C:\Scripts\maintenance_20.ps1,Benign
terraform plan -out=tfplan,Benign
terraform apply -auto-approve,Benign
cat /var/log/syslog | grep 'systemd' | tail -n 53,Benign
terraform destroy -auto-approve,Benign
terraform init -upgrade,Benign
powershell -ExecutionPolicy AllSigned -File C:\Scripts\maintenance_45.ps1,Benign
"Get-Content | Select-Object Name, Id",Benign
git commit -m 'Fixed weight loading issue in engine.py - issue #3417',Benign
kubectl get deployments -n staging -o wide,Benign
Get-Process | % { $_.Name },Benign
git commit -m 'Fixed weight loading issue in engine.py - issue #7070',Benign
cat /var/log/syslog | grep 'systemd' | tail -n 32,Benign
cat /var/log/syslog | grep 'systemd' | tail -n 27,Benign
terraform apply -auto-approve,Benign
cat /var/log/syslog | grep 'systemd' | tail -n 39,Benign
git commit -m 'Fixed weight loading issue in engine.py - issue #2547',Benign
kubectl get deployments -n kube-system -o wide,Benign
terraform init -upgrade,Benign
tar -czf /tmp/backup.tar.gz /var/log > /dev/null 2>&1 # task_836,Benign
powershell -ep Restricted -File C:\Scripts\maintenance_30.ps1,Benign
git commit -m 'Fixed weight loading issue in engine.py - issue #8989',Benign
terraform plan -out=tfplan,Benign
git commit -m 'Fixed weight loading issue in engine.py - issue #8618',Benign
terraform destroy -auto-approve,Benign
kubectl get pods -n staging -o wide,Benign
Get-ADUser | Sort-Object -Descending,Benign
powershell -ep Restricted -File C:\Scripts\maintenance_89.ps1,Benign
kubectl get deployments -n kube-system -o wide,Benign
git commit -m 'Fixed weight loading issue in engine.py - issue #8949',Benign
git commit -m 'Fixed weight loading issue in engine.py - issue #3364',Benign
kubectl get nodes -n staging -o wide,Benign
cat /var/log/syslog | grep 'systemd' | tail -n 20,Benign
cat /var/log/syslog | grep 'systemd' | tail -n 16,Benign
git commit -m 'Fixed weight loading issue in engine.py - issue #9175',Benign
powershell -ExecutionPolicy AllSigned -File C:\Scripts\maintenance_41.ps1,Benign
"grep -r ""ERROR"" /var/log/ > /dev/null 2>&1 # task_333",Benign
powershell -ep Restricted -File C:\Scripts\maintenance_22.ps1,Benign
kubectl get deployments -n monitoring --watch,Benign
powershell -ExecutionPolicy Restricted -File C:\Scripts\maintenance_13.ps1,Benign
Get-EventLog -LogName System | Sort-Object -Descending,Benign
kubectl get configmaps -n kube-system -o wide,Benign
"Get-ADUser | Select-Object Name, Id",Benign
cat /var/log/syslog | grep 'systemd' | tail -n 78,Benign
terraform destroy -auto-approve,Benign
"grep -r ""ERROR"" /var/log/ > /dev/null 2>&1 # task_152",Benign
cat /var/log/syslog | grep 'systemd' | tail -n 81,Benign
git commit -m 'Fixed weight loading issue in engine.py - issue #9739',Benign
terraform destroy -auto-approve,Benign
git commit -m 'Fixed weight loading issue in engine.py - issue #3747',Benign
terraform init -upgrade,Benign
Get-Content | Where-Object {$_.Status -eq 'Running'},Benign
Get-ADUser | Sort-Object -Descending,Benign
kubectl get nodes -n dev --watch,Benign
terraform apply -auto-approve,Benign
kubectl get pods -n dev -o wide,Benign
cat /var/log/syslog | grep 'systemd' | tail -n 93,Benign
tar -czf /tmp/backup.tar.gz /var/log > /dev/null 2>&1 # task_334,Benign
kubectl get deployments -n kube-system -o wide,Benign
git commit -m 'Fixed weight loading issue in engine.py - issue #4816',Benign
"Get-ADUser | Select-Object Name, Id",Benign
Get-EventLog -LogName System | Sort-Object -Descending,Benign
terraform apply -auto-approve,Benign
"grep -r ""ERROR"" /var/log/ > /dev/null 2>&1 # task_355",Benign
cat /var/log/syslog | grep 'systemd' | tail -n 41,Benign
terraform init -upgrade,Benign
kubectl get pods -n dev --watch,Benign
systemctl status nginx > /dev/null 2>&1 # task_695,Benign
terraform apply -auto-approve,Benign
tar -czf /tmp/backup.tar.gz /var/log > /dev/null 2>&1 # task_899,Benign
Get-EventLog -LogName System | Sort-Object -Descending,Benign
powershell -ep Restricted -File C:\Scripts\maintenance_7.ps1,Benign
"grep -r ""ERROR"" /var/log/ > /dev/null 2>&1 # task_505",Benign
git commit -m 'Fixed weight loading issue in engine.py - issue #6558',Benign
"grep -r ""ERROR"" /var/log/ > /dev/null 2>&1 # task_305",Benign
terraform plan -out=tfplan,Benign
kubectl get nodes -n monitoring --watch,Benign
tar -czf /tmp/backup.tar.gz /var/log > /dev/null 2>&1 # task_479,Benign
git commit -m 'Fixed weight loading issue in engine.py - issue #3652',Benign
terraform init -upgrade,Benign
terraform apply -auto-approve,Benign
cat /var/log/syslog | grep 'systemd' | tail -n 35,Benign
git commit -m 'Fixed weight loading issue in engine.py - issue #8426',Benign
systemctl status nginx > /dev/null 2>&1 # task_208,Benign
git commit -m 'Fixed weight loading issue in engine.py - issue #8939',Benign
systemctl status nginx > /dev/null 2>&1 # task_125,Benign
powershell -ExecutionPolicy AllSigned -File C:\Scripts\maintenance_53.ps1,Benign
git commit -m 'Fixed weight loading issue in engine.py - issue #2153',Benign
kubectl get configmaps -n production -o wide,Benign
kubectl get services -n kube-system --watch,Benign
Get-EventLog -LogName System | Where-Object {$_.Status -eq 'Running'},Benign
tar -czf /tmp/backup.tar.gz /var/log > /dev/null 2>&1 # task_963,Benign
git commit -m 'Fixed weight loading issue in engine.py - issue #9148',Benign
kubectl get pods -n monitoring -o wide,Benign
git commit -m 'Fixed weight loading issue in engine.py - issue #2566',Benign
terraform init -upgrade,Benign
terraform apply -auto-approve,Benign
kubectl get services -n production -o wide,Benign
"Get-ADUser | Select-Object Name, Id",Benign
git commit -m 'Fixed weight loading issue in engine.py - issue #7434',Benign
git commit -m 'Fixed weight loading issue in engine.py - issue #8529',Benign
"Get-EventLog -LogName System | Select-Object Name, Id",Benign
systemctl status nginx > /dev/null 2>&1 # task_225,Benign
git commit -m 'Fixed weight loading issue in engine.py - issue #2442',Benign
Get-Content | Where-Object {$_.Status -eq 'Running'},Benign
cat /var/log/syslog | grep 'systemd' | tail -n 75,Benign
powershell -ExecutionPolicy Restricted -File C:\Scripts\maintenance_13.ps1,Benign
powershell -ExecutionPolicy AllSigned -File C:\Scripts\maintenance_81.ps1,Benign
kubectl get services -n monitoring -o wide,Benign
git commit -m 'Fixed weight loading issue in engine.py - issue #3101',Benign
cat /var/log/syslog | grep 'systemd' | tail -n 32,Benign
powershell -ExecutionPolicy Restricted -File C:\Scripts\maintenance_6.ps1,Benign
powershell -ExecutionPolicy Restricted -File C:\Scripts\maintenance_92.ps1,Benign
tar -czf /tmp/backup.tar.gz /var/log > /dev/null 2>&1 # task_492,Benign
git commit -m 'Fixed weight loading issue in engine.py - issue #3761',Benign
Get-Content | Where-Object {$_.Status -eq 'Running'},Benign
git commit -m 'Fixed weight loading issue in engine.py - issue #2111',Benign
cat /var/log/syslog | grep 'systemd' | tail -n 75,Benign
kubectl get pods -n monitoring --watch,Benign
kubectl get pods -n kube-system --watch,Benign
Get-ADUser | % { $_.Name },Benign
git commit -m 'Fixed weight loading issue in engine.py - issue #1617',Benign
cat /var/log/syslog | grep 'systemd' | tail -n 84,Benign
tar -czf /tmp/backup.tar.gz /var/log > /dev/null 2>&1 # task_905,Benign
Get-EventLog -LogName System | % { $_.Name },Benign
powershell -ExecutionPolicy AllSigned -File C:\Scripts\maintenance_55.ps1,Benign
cat /var/log/syslog | grep 'systemd' | tail -n 46,Benign
kubectl get services -n kube-system --watch,Benign
tar -czf /tmp/backup.tar.gz /var/log > /dev/null 2>&1 # task_505,Benign
Get-Service | % { $_.Name },Benign
"Get-Process | Select-Object Name, Id",Benign
git commit -m 'Fixed weight loading issue in engine.py - issue #2680',Benign
terraform destroy -auto-approve,Benign
cat /var/log/syslog | grep 'systemd' | tail -n 73,Benign
"Get-Content | Select-Object Name, Id",Benign
"grep -r ""ERROR"" /var/log/ > /dev/null 2>&1 # task_692",Benign
Get-Process | Sort-Object -Descending,Benign
kubectl get configmaps -n production -o wide,Benign
cat /var/log/syslog | grep 'systemd' | tail -n 83,Benign
git commit -m 'Fixed weight loading issue in engine.py - issue #5973',Benign
terraform init -upgrade,Benign
git commit -m 'Fixed weight loading issue in engine.py - issue #5110',Benign
git commit -m 'Fixed weight loading issue in engine.py - issue #3179',Benign
kubectl get deployments -n dev --watch,Benign
git commit -m 'Fixed weight loading issue in engine.py - issue #5886',Benign
cat /var/log/syslog | grep 'systemd' | tail -n 81,Benign
powershell -ExecutionPolicy AllSigned -File C:\Scripts\maintenance_86.ps1,Benign
terraform init -upgrade,Benign
git commit -m 'Fixed weight loading issue in engine.py - issue #3956',Benign
"Get-Content | Select-Object Name, Id",Benign
terraform destroy -auto-approve,Benign
powershell -ExecutionPolicy Restricted -File C:\Scripts\maintenance_65.ps1,Benign
git commit -m 'Fixed weight loading issue in engine.py - issue #9579',Benign
cat /var/log/syslog | grep 'systemd' | tail -n 92,Benign
tar -czf /tmp/backup.tar.gz /var/log > /dev/null 2>&1 # task_408,Benign
powershell -ep Restricted -File C:\Scripts\maintenance_52.ps1,Benign
git commit -m 'Fixed weight loading issue in engine.py - issue #2653',Benign
kubectl get configmaps -n staging -o wide,Benign
powershell -ExecutionPolicy AllSigned -File C:\Scripts\maintenance_4.ps1,Benign
cat /var/log/syslog | grep 'systemd' | tail -n 43,Benign
kubectl get configmaps -n kube-system -o wide,Benign
git commit -m 'Fixed weight loading issue in engine.py - issue #8191',Benign
git commit -m 'Fixed weight loading issue in engine.py - issue #2788',Benign
git commit -m 'Fixed weight loading issue in engine.py - issue #3637',Benign
git commit -m 'Fixed weight loading issue in engine.py - issue #5437',Benign
git commit -m 'Fixed weight loading issue in engine.py - issue #1017',Benign
kubectl get services -n kube-system -o wide,Benign
powershell -ep Restricted -File C:\Scripts\maintenance_48.ps1,Benign
git commit -m 'Fixed weight loading issue in engine.py - issue #4396',Benign
cat /var/log/syslog | grep 'systemd' | tail -n 90,Benign
"grep -r ""ERROR"" /var/log/ > /dev/null 2>&1 # task_887",Benign
Get-Process | Sort-Object -Descending,Benign
"grep -r ""ERROR"" /var/log/ > /dev/null 2>&1 # task_433",Benign
terraform plan -out=tfplan,Benign
terraform apply -auto-approve,Benign
git commit -m 'Fixed weight loading issue in engine.py - issue #8812',Benign
Get-ADUser | % { $_.Name },Benign
cat /var/log/syslog | grep 'systemd' | tail -n 26,Benign
powershell -ExecutionPolicy AllSigned -File C:\Scripts\maintenance_48.ps1,Benign
"grep -r ""ERROR"" /var/log/ > /dev/null 2>&1 # task_456",Benign
git commit -m 'Fixed weight loading issue in engine.py - issue #9785',Benign
kubectl get pods -n dev -o wide,Benign
powershell -ExecutionPolicy Restricted -File C:\Scripts\maintenance_5.ps1,Benign
systemctl status nginx > /dev/null 2>&1 # task_169,Benign
tar -czf /tmp/backup.tar.gz /var/log > /dev/null 2>&1 # task_674,Benign
git commit -m 'Fixed weight loading issue in engine.py - issue #9884',Benign
terraform plan -out=tfplan,Benign
terraform apply -auto-approve,Benign
powershell -ExecutionPolicy Restricted -File C:\Scripts\maintenance_96.ps1,Benign
terraform apply -auto-approve,Benign
cat /var/log/syslog | grep 'systemd' | tail -n 24,Benign
tar -czf /tmp/backup.tar.gz /var/log > /dev/null 2>&1 # task_849,Benign
cat /var/log/syslog | grep 'systemd' | tail -n 13,Benign
kubectl get services -n production -o wide,Benign
terraform plan -out=tfplan,Benign
"Get-Content | Select-Object Name, Id",Benign
terraform init -upgrade,Benign
kubectl get deployments -n production --watch,Benign
terraform plan -out=tfplan,Benign
tar -czf /tmp/backup.tar.gz /var/log > /dev/null 2>&1 # task_663,Benign
cat /var/log/syslog | grep 'systemd' | tail -n 25,Benign
Get-Service | Where-Object {$_.Status -eq 'Running'},Benign
"grep -r ""ERROR"" /var/log/ > /dev/null 2>&1 # task_205",Benign
Get-Service | % { $_.Name },Benign
Get-Process | % { $_.Name },Benign
git commit -m 'Fixed weight loading issue in engine.py - issue #8482',Benign
git commit -m 'Fixed weight loading issue in engine.py - issue #3929',Benign
kubectl get services -n staging -o wide,Benign
powershell -ExecutionPolicy AllSigned -File C:\Scripts\maintenance_91.ps1,Benign
git commit -m 'Fixed weight loading issue in engine.py - issue #4515',Benign
kubectl get nodes -n dev -o wide,Benign
powershell -ExecutionPolicy AllSigned -File C:\Scripts\maintenance_93.ps1,Benign
cat /var/log/syslog | grep 'systemd' | tail -n 11,Benign
kubectl get nodes -n monitoring --watch,Benign
"Get-ADUser | Select-Object Name, Id",Benign
kubectl get configmaps -n monitoring --watch,Benign
terraform apply -auto-approve,Benign
cat /var/log/syslog | grep 'systemd' | tail -n 20,Benign
powershell -ep Restricted -File C:\Scripts\maintenance_13.ps1,Benign
powershell -ExecutionPolicy Restricted -File C:\Scripts\maintenance_3.ps1,Benign
powershell -ExecutionPolicy Restricted -File C:\Scripts\maintenance_25.ps1,Benign
terraform destroy -auto-approve,Benign
kubectl get configmaps -n production -o wide,Benign
cat /var/log/syslog | grep 'systemd' | tail -n 62,Benign
terraform plan -out=tfplan,Benign
kubectl get nodes -n kube-system --watch,Benign
kubectl get services -n dev -o wide,Benign
kubectl get nodes -n dev --watch,Benign
cat /var/log/syslog | grep 'systemd' | tail -n 61,Benign
"grep -r ""ERROR"" /var/log/ > /dev/null 2>&1 # task_820",Benign
Get-Service | % { $_.Name },Benign
tar -czf /tmp/backup.tar.gz /var/log > /dev/null 2>&1 # task_756,Benign
git commit -m 'Fixed weight loading issue in engine.py - issue #9456',Benign
"grep -r ""ERROR"" /var/log/ > /dev/null 2>&1 # task_209",Benign
terraform init -upgrade,Benign
kubectl get deployments -n kube-system -o wide,Benign
"Get-EventLog -LogName System | Select-Object Name, Id",Benign
powershell -ep Restricted -File C:\Scripts\maintenance_74.ps1,Benign
git commit -m 'Fixed weight loading issue in engine.py - issue #1930',Benign
powershell -ep Restricted -File C:\Scripts\maintenance_85.ps1,Benign
git commit -m 'Fixed weight loading issue in engine.py - issue #8233',Benign
Get-Service | Sort-Object -Descending,Benign
Get-ADUser | Where-Object {$_.Status -eq 'Running'},Benign
terraform apply -auto-approve,Benign
kubectl get pods -n monitoring -o wide,Benign
kubectl get deployments -n kube-system --watch,Benign
systemctl status nginx > /dev/null 2>&1 # task_802,Benign
"grep -r ""ERROR"" /var/log/ > /dev/null 2>&1 # task_872",Benign
Get-EventLog -LogName System | Where-Object {$_.Status -eq 'Running'},Benign
kubectl get configmaps -n kube-system -o wide,Benign
cat /var/log/syslog | grep 'systemd' | tail -n 60,Benign
terraform init -upgrade,Benign
terraform plan -out=tfplan,Benign
systemctl status nginx > /dev/null 2>&1 # task_593,Benign
Get-Process | % { $_.Name },Benign
terraform plan -out=tfplan,Benign
tar -czf /tmp/backup.tar.gz /var/log > /dev/null 2>&1 # task_896,Benign
kubectl get configmaps -n production -o wide,Benign
kubectl get configmaps -n kube-system --watch,Benign
powershell -ExecutionPolicy AllSigned -File C:\Scripts\maintenance_52.ps1,Benign
powershell -ExecutionPolicy Restricted -File C:\Scripts\maintenance_64.ps1,Benign
kubectl get deployments -n kube-system --watch,Benign
terraform init -upgrade,Benign
git commit -m 'Fixed weight loading issue in engine.py - issue #4896',Benign
kubectl get configmaps -n kube-system -o wide,Benign
terraform apply -auto-approve,Benign
kubectl get nodes -n monitoring -o wide,Benign
powershell -ExecutionPolicy AllSigned -File C:\Scripts\maintenance_56.ps1,Benign
systemctl status nginx > /dev/null 2>&1 # task_761,Benign
systemctl status nginx > /dev/null 2>&1 # task_499,Benign
cat /var/log/syslog | grep 'systemd' | tail -n 51,Benign
git commit -m 'Fixed weight loading issue in engine.py - issue #9476',Benign
"Get-EventLog -LogName System | Select-Object Name, Id",Benign
powershell -ExecutionPolicy AllSigned -File C:\Scripts\maintenance_91.ps1,Benign
cat /var/log/syslog | grep 'systemd' | tail -n 39,Benign
powershell -ExecutionPolicy Restricted -File C:\Scripts\maintenance_65.ps1,Benign
git commit -m 'Fixed weight loading issue in engine.py - issue #4505',Benign
kubectl get pods -n kube-system --watch,Benign
git commit -m 'Fixed weight loading issue in engine.py - issue #1145',Benign
systemctl status nginx > /dev/null 2>&1 # task_530,Benign
git commit -m 'Fixed weight loading issue in engine.py - issue #7576',Benign
"Get-Content | Select-Object Name, Id",Benign
"Get-ADUser | Select-Object Name, Id",Benign
powershell -ExecutionPolicy AllSigned -File C:\Scripts\maintenance_6.ps1,Benign
kubectl get nodes -n dev --watch,Benign
terraform apply -auto-approve,Benign
git commit -m 'Fixed weight loading issue in engine.py - issue #8467',Benign
kubectl get deployments -n kube-system -o wide,Benign
systemctl status nginx > /dev/null 2>&1 # task_949,Benign
systemctl status nginx > /dev/null 2>&1 # task_524,Benign
cat /var/log/syslog | grep 'systemd' | tail -n 77,Benign
cat /var/log/syslog | grep 'systemd' | tail -n 40,Benign
terraform destroy -auto-approve,Benign
cat /var/log/syslog | grep 'systemd' | tail -n 12,Benign
powershell -ep Restricted -File C:\Scripts\maintenance_26.ps1,Benign
powershell -ep Restricted -File C:\Scripts\maintenance_39.ps1,Benign
terraform apply -auto-approve,Benign
tar -czf /tmp/backup.tar.gz /var/log > /dev/null 2>&1 # task_484,Benign
powershell -ep Restricted -File C:\Scripts\maintenance_85.ps1,Benign
systemctl status nginx > /dev/null 2>&1 # task_461,Benign
powershell -ExecutionPolicy Restricted -File C:\Scripts\maintenance_36.ps1,Benign
kubectl get nodes -n dev -o wide,Benign
kubectl get nodes -n kube-system -o wide,Benign
cat /var/log/syslog | grep 'systemd' | tail -n 67,Benign
powershell -ep Restricted -File C:\Scripts\maintenance_62.ps1,Benign
cat /var/log/syslog | grep 'systemd' | tail -n 83,Benign
cat /var/log/syslog | grep 'systemd' | tail -n 39,Benign
git commit -m 'Fixed weight loading issue in engine.py - issue #1486',Benign
terraform apply -auto-approve,Benign
powershell -ExecutionPolicy Restricted -File C:\Scripts\maintenance_92.ps1,Benign
cat /var/log/syslog | grep 'systemd' | tail -n 42,Benign
cat /var/log/syslog | grep 'systemd' | tail -n 45,Benign
git commit -m 'Fixed weight loading issue in engine.py - issue #3530',Benign
terraform destroy -auto-approve,Benign
git commit -m 'Fixed weight loading issue in engine.py - issue #3667',Benign
kubectl get services -n kube-system -o wide,Benign
Get-Process | Where-Object {$_.Status -eq 'Running'},Benign
git commit -m 'Fixed weight loading issue in engine.py - issue #6045',Benign
kubectl get deployments -n kube-system --watch,Benign
powershell -ExecutionPolicy Restricted -File C:\Scripts\maintenance_82.ps1,Benign
Get-Process | Sort-Object -Descending,Benign
tar -czf /tmp/backup.tar.gz /var/log > /dev/null 2>&1 # task_146,Benign
terraform init -upgrade,Benign
kubectl get deployments -n kube-system --watch,Benign
cat /var/log/syslog | grep 'systemd' | tail -n 31,Benign
terraform plan -out=tfplan,Benign
terraform init -upgrade,Benign
cat /var/log/syslog | grep 'systemd' | tail -n 76,Benign
cat /var/log/syslog | grep 'systemd' | tail -n 86,Benign
cat /var/log/syslog | grep 'systemd' | tail -n 21,Benign
git commit -m 'Fixed weight loading issue in engine.py - issue #7547',Benign
systemctl status nginx > /dev/null 2>&1 # task_656,Benign
kubectl get nodes -n dev -o wide,Benign
systemctl status nginx > /dev/null 2>&1 # task_596,Benign
tar -czf /tmp/backup.tar.gz /var/log > /dev/null 2>&1 # task_378,Benign
git commit -m 'Fixed weight loading issue in engine.py - issue #4873',Benign
git commit -m 'Fixed weight loading issue in engine.py - issue #2126',Benign
powershell -ExecutionPolicy AllSigned -File C:\Scripts\maintenance_45.ps1,Benign
kubectl get configmaps -n monitoring -o wide,Benign
cat /var/log/syslog | grep 'systemd' | tail -n 91,Benign
cat /var/log/syslog | grep 'systemd' | tail -n 76,Benign
terraform plan -out=tfplan,Benign
git commit -m 'Fixed weight loading issue in engine.py - issue #8487',Benign
kubectl get configmaps -n staging -o wide,Benign
powershell -ep Restricted -File C:\Scripts\maintenance_56.ps1,Benign
powershell -ExecutionPolicy AllSigned -File C:\Scripts\maintenance_9.ps1,Benign
git commit -m 'Fixed weight loading issue in engine.py - issue #7106',Benign
tar -czf /tmp/backup.tar.gz /var/log > /dev/null 2>&1 # task_726,Benign
kubectl get configmaps -n staging -o wide,Benign
cat /var/log/syslog | grep 'systemd' | tail -n 40,Benign
tar -czf /tmp/backup.tar.gz /var/log > /dev/null 2>&1 # task_787,Benign
git commit -m 'Fixed weight loading issue in engine.py - issue #5969',Benign
terraform plan -out=tfplan,Benign
kubectl get deployments -n production -o wide,Benign
kubectl get nodes -n dev -o wide,Benign
terraform init -upgrade,Benign
powershell -ep Restricted -File C:\Scripts\maintenance_4.ps1,Benign
Get-Process | Sort-Object -Descending,Benign
Get-Service | Sort-Object -Descending,Benign
terraform apply -auto-approve,Benign
git commit -m 'Fixed weight loading issue in engine.py - issue #5987',Benign
git commit -m 'Fixed weight loading issue in engine.py - issue #4667',Benign
cat /var/log/syslog | grep 'systemd' | tail -n 74,Benign
terraform destroy -auto-approve,Benign
cat /var/log/syslog | grep 'systemd' | tail -n 64,Benign
cat /var/log/syslog | grep 'systemd' | tail -n 69,Benign
cat /var/log/syslog | grep 'systemd' | tail -n 27,Benign
powershell -ep Restricted -File C:\Scripts\maintenance_10.ps1,Benign
kubectl get services -n staging --watch,Benign
powershell -ExecutionPolicy Restricted -File C:\Scripts\maintenance_6.ps1,Benign
git commit -m 'Fixed weight loading issue in engine.py - issue #7686',Benign
git commit -m 'Fixed weight loading issue in engine.py - issue #9701',Benign
git commit -m 'Fixed weight loading issue in engine.py - issue #8596',Benign
terraform plan -out=tfplan,Benign
terraform plan -out=tfplan,Benign
kubectl get nodes -n monitoring -o wide,Benign
"grep -r ""ERROR"" /var/log/ > /dev/null 2>&1 # task_883",Benign
powershell -ExecutionPolicy Restricted -File C:\Scripts\maintenance_73.ps1,Benign
kubectl get deployments -n monitoring --watch,Benign
git commit -m 'Fixed weight loading issue in engine.py - issue #3745',Benign
"grep -r ""ERROR"" /var/log/ > /dev/null 2>&1 # task_370",Benign
powershell -ExecutionPolicy Restricted -File C:\Scripts\maintenance_9.ps1,Benign
Get-Service | Sort-Object -Descending,Benign
terraform init -upgrade,Benign
Get-Service | Where-Object {$_.Status -eq 'Running'},Benign
powershell -ep Restricted -File C:\Scripts\maintenance_25.ps1,Benign
git commit -m 'Fixed weight loading issue in engine.py - issue #5668',Benign
cat /var/log/syslog | grep 'systemd' | tail -n 62,Benign
terraform init -upgrade,Benign
powershell -ExecutionPolicy Restricted -File C:\Scripts\maintenance_85.ps1,Benign
terraform plan -out=tfplan,Benign
terraform plan -out=tfplan,Benign
systemctl status nginx > /dev/null 2>&1 # task_993,Benign
powershell -ExecutionPolicy Restricted -File C:\Scripts\maintenance_37.ps1,Benign
"Get-ADUser | Select-Object Name, Id",Benign
powershell -ep Restricted -File C:\Scripts\maintenance_32.ps1,Benign
"Get-ADUser | Select-Object Name, Id",Benign
kubectl get deployments -n dev --watch,Benign
git commit -m 'Fixed weight loading issue in engine.py - issue #2034',Benign
terraform plan -out=tfplan,Benign
powershell -ExecutionPolicy Restricted -File C:\Scripts\maintenance_5.ps1,Benign
powershell -ep Restricted -File C:\Scripts\maintenance_7.ps1,Benign
terraform init -upgrade,Benign
kubectl get configmaps -n production -o wide,Benign
cat /var/log/syslog | grep 'systemd' | tail -n 60,Benign
kubectl get deployments -n staging -o wide,Benign
powershell -ExecutionPolicy AllSigned -File C:\Scripts\maintenance_24.ps1,Benign
"grep -r ""ERROR"" /var/log/ > /dev/null 2>&1 # task_131",Benign
powershell -ep Restricted -File C:\Scripts\maintenance_94.ps1,Benign
terraform destroy -auto-approve,Benign
Get-Content | Sort-Object -Descending,Benign
"Get-Process | Select-Object Name, Id",Benign
systemctl status nginx > /dev/null 2>&1 # task_691,Benign
powershell -ep Restricted -File C:\Scripts\maintenance_43.ps1,Benign
kubectl get nodes -n monitoring -o wide,Benign
"grep -r ""ERROR"" /var/log/ > /dev/null 2>&1 # task_711",Benign
systemctl status nginx > /dev/null 2>&1 # task_863,Benign
terraform init -upgrade,Benign
systemctl status nginx > /dev/null 2>&1 # task_353,Benign
cat /var/log/syslog | grep 'systemd' | tail -n 43,Benign
kubectl get pods -n staging --watch,Benign
terraform destroy -auto-approve,Benign
cat /var/log/syslog | grep 'systemd' | tail -n 11,Benign
kubectl get pods -n dev -o wide,Benign
cat /var/log/syslog | grep 'systemd' | tail -n 40,Benign
terraform apply -auto-approve,Benign
cat /var/log/syslog | grep 'systemd' | tail -n 40,Benign
powershell -ExecutionPolicy AllSigned -File C:\Scripts\maintenance_72.ps1,Benign
terraform init -upgrade,Benign
kubectl get configmaps -n staging --watch,Benign
Get-Content | Sort-Object -Descending,Benign
terraform plan -out=tfplan,Benign
Get-Process | % { $_.Name },Benign
tar -czf /tmp/backup.tar.gz /var/log > /dev/null 2>&1 # task_706,Benign
terraform plan -out=tfplan,Benign
Get-Process | Sort-Object -Descending,Benign
powershell -ExecutionPolicy AllSigned -File C:\Scripts\maintenance_22.ps1,Benign
kubectl get services -n production --watch,Benign
powershell -ep Restricted -File C:\Scripts\maintenance_97.ps1,Benign
git commit -m 'Fixed weight loading issue in engine.py - issue #2594',Benign
terraform destroy -auto-approve,Benign
cat /var/log/syslog | grep 'systemd' | tail -n 11,Benign
cat /var/log/syslog | grep 'systemd' | tail -n 29,Benign
Get-EventLog -LogName System | % { $_.Name },Benign
Get-Content | Sort-Object -Descending,Benign
powershell -ExecutionPolicy Restricted -File C:\Scripts\maintenance_34.ps1,Benign
powershell -ExecutionPolicy AllSigned -File C:\Scripts\maintenance_51.ps1,Benign
terraform plan -out=tfplan,Benign
git commit -m 'Fixed weight loading issue in engine.py - issue #7813',Benign
git commit -m 'Fixed weight loading issue in engine.py - issue #5139',Benign
terraform init -upgrade,Benign
cat /var/log/syslog | grep 'systemd' | tail -n 60,Benign
cat /var/log/syslog | grep 'systemd' | tail -n 100,Benign
powershell -ep Restricted -File C:\Scripts\maintenance_1.ps1,Benign
terraform plan -out=tfplan,Benign
terraform plan -out=tfplan,Benign
git commit -m 'Fixed weight loading issue in engine.py - issue #7630',Benign
systemctl status nginx > /dev/null 2>&1 # task_388,Benign
kubectl get configmaps -n dev --watch,Benign
powershell -ExecutionPolicy AllSigned -File C:\Scripts\maintenance_70.ps1,Benign
terraform destroy -auto-approve,Benign
kubectl get nodes -n dev --watch,Benign
kubectl get deployments -n dev -o wide,Benign
git commit -m 'Fixed weight loading issue in engine.py - issue #1396',Benign
kubectl get services -n staging --watch,Benign
kubectl get configmaps -n monitoring -o wide,Benign
powershell -ExecutionPolicy AllSigned -File C:\Scripts\maintenance_13.ps1,Benign
"grep -r ""ERROR"" /var/log/ > /dev/null 2>&1 # task_140",Benign
powershell -ep Restricted -File C:\Scripts\maintenance_95.ps1,Benign
cat /var/log/syslog | grep 'systemd' | tail -n 62,Benign
tar -czf /tmp/backup.tar.gz /var/log > /dev/null 2>&1 # task_675,Benign
powershell -ep Restricted -File C:\Scripts\maintenance_90.ps1,Benign
cat /var/log/syslog | grep 'systemd' | tail -n 41,Benign
powershell -ExecutionPolicy AllSigned -File C:\Scripts\maintenance_61.ps1,Benign
Get-Content | Where-Object {$_.Status -eq 'Running'},Benign
"Get-EventLog -LogName System | Select-Object Name, Id",Benign
systemctl status nginx > /dev/null 2>&1 # task_297,Benign
Get-Content | % { $_.Name },Benign
terraform apply -auto-approve,Benign
cat /var/log/syslog | grep 'systemd' | tail -n 15,Benign
powershell -ExecutionPolicy AllSigned -File C:\Scripts\maintenance_100.ps1,Benign
kubectl get deployments -n kube-system -o wide,Benign
Get-EventLog -LogName System | Where-Object {$_.Status -eq 'Running'},Benign
tar -czf /tmp/backup.tar.gz /var/log > /dev/null 2>&1 # task_201,Benign
terraform plan -out=tfplan,Benign
Get-Service | % { $_.Name },Benign
powershell -ExecutionPolicy Restricted -File C:\Scripts\maintenance_99.ps1,Benign
git commit -m 'Fixed weight loading issue in engine.py - issue #2766',Benign
git commit -m 'Fixed weight loading issue in engine.py - issue #8475',Benign
"grep -r ""ERROR"" /var/log/ > /dev/null 2>&1 # task_377",Benign
powershell -ExecutionPolicy AllSigned -File C:\Scripts\maintenance_42.ps1,Benign
Get-Service | % { $_.Name },Benign
powershell -ExecutionPolicy AllSigned -File C:\Scripts\maintenance_91.ps1,Benign
terraform apply -auto-approve,Benign
git commit -m 'Fixed weight loading issue in engine.py - issue #1134',Benign
tar -czf /tmp/backup.tar.gz /var/log > /dev/null 2>&1 # task_795,Benign
terraform plan -out=tfplan,Benign
terraform apply -auto-approve,Benign
terraform init -upgrade,Benign
git commit -m 'Fixed weight loading issue in engine.py - issue #3898',Benign
kubectl get deployments -n production --watch,Benign
Get-Service | % { $_.Name },Benign
tar -czf /tmp/backup.tar.gz /var/log > /dev/null 2>&1 # task_838,Benign
git commit -m 'Fixed weight loading issue in engine.py - issue #1266',Benign
tar -czf /tmp/backup.tar.gz /var/log > /dev/null 2>&1 # task_412,Benign
kubectl get configmaps -n dev --watch,Benign
kubectl get configmaps -n monitoring -o wide,Benign
terraform plan -out=tfplan,Benign
cat /var/log/syslog | grep 'systemd' | tail -n 16,Benign
cat /var/log/syslog | grep 'systemd' | tail -n 16,Benign
"grep -r ""ERROR"" /var/log/ > /dev/null 2>&1 # task_193",Benign
Get-Content | Sort-Object -Descending,Benign
terraform plan -out=tfplan,Benign
kubectl get pods -n staging --watch,Benign
Get-Service | Where-Object {$_.Status -eq 'Running'},Benign
powershell -ExecutionPolicy Restricted -File C:\Scripts\maintenance_30.ps1,Benign
git commit -m 'Fixed weight loading issue in engine.py - issue #1203',Benign
Get-Process | Where-Object {$_.Status -eq 'Running'},Benign
terraform init -upgrade,Benign
cat /var/log/syslog | grep 'systemd' | tail -n 22,Benign
git commit -m 'Fixed weight loading issue in engine.py - issue #2266',Benign
cat /var/log/syslog | grep 'systemd' | tail -n 30,Benign
cat /var/log/syslog | grep 'systemd' | tail -n 41,Benign
git commit -m 'Fixed weight loading issue in engine.py - issue #4506',Benign
powershell -ExecutionPolicy Restricted -File C:\Scripts\maintenance_81.ps1,Benign
terraform apply -auto-approve,Benign
kubectl get deployments -n kube-system -o wide,Benign
powershell -ExecutionPolicy Restricted -File C:\Scripts\maintenance_99.ps1,Benign
Get-Content | % { $_.Name },Benign
cat /var/log/syslog | grep 'systemd' | tail -n 93,Benign
cat /var/log/syslog | grep 'systemd' | tail -n 28,Benign
git commit -m 'Fixed weight loading issue in engine.py - issue #1378',Benign
terraform apply -auto-approve,Benign
cat /var/log/syslog | grep 'systemd' | tail -n 12,Benign
cat /var/log/syslog | grep 'systemd' | tail -n 59,Benign
kubectl get configmaps -n staging --watch,Benign
terraform apply -auto-approve,Benign
Get-Content | Sort-Object -Descending,Benign
git commit -m 'Fixed weight loading issue in engine.py - issue #3643',Benign
git commit -m 'Fixed weight loading issue in engine.py - issue #3762',Benign
git commit -m 'Fixed weight loading issue in engine.py - issue #5893',Benign
powershell -ExecutionPolicy Restricted -File C:\Scripts\maintenance_41.ps1,Benign
git commit -m 'Fixed weight loading issue in engine.py - issue #1038',Benign
cat /var/log/syslog | grep 'systemd' | tail -n 72,Benign
terraform destroy -auto-approve,Benign
kubectl get pods -n production -o wide,Benign
terraform init -upgrade,Benign
git commit -m 'Fixed weight loading issue in engine.py - issue #6528',Benign
git commit -m 'Fixed weight loading issue in engine.py - issue #7896',Benign
"grep -r ""ERROR"" /var/log/ > /dev/null 2>&1 # task_826",Benign
powershell -ExecutionPolicy AllSigned -File C:\Scripts\maintenance_59.ps1,Benign
git commit -m 'Fixed weight loading issue in engine.py - issue #4847',Benign
"Get-ADUser | Select-Object Name, Id",Benign
"grep -r ""ERROR"" /var/log/ > /dev/null 2>&1 # task_433",Benign
cat /var/log/syslog | grep 'systemd' | tail -n 55,Benign
git commit -m 'Fixed weight loading issue in engine.py - issue #2455',Benign
cat /var/log/syslog | grep 'systemd' | tail -n 36,Benign
kubectl get services -n kube-system --watch,Benign
git commit -m 'Fixed weight loading issue in engine.py - issue #9417',Benign
cat /var/log/syslog | grep 'systemd' | tail -n 40,Benign
Get-Content | % { $_.Name },Benign
tar -czf /tmp/backup.tar.gz /var/log > /dev/null 2>&1 # task_241,Benign
"Get-Process | Select-Object Name, Id",Benign
powershell -ExecutionPolicy Restricted -File C:\Scripts\maintenance_19.ps1,Benign
cat /var/log/syslog | grep 'systemd' | tail -n 39,Benign
"grep -r ""ERROR"" /var/log/ > /dev/null 2>&1 # task_269",Benign
powershell -ep Restricted -File C:\Scripts\maintenance_90.ps1,Benign
systemctl status nginx > /dev/null 2>&1 # task_367,Benign
powershell -ExecutionPolicy AllSigned -File C:\Scripts\maintenance_21.ps1,Benign
"Get-ADUser | Select-Object Name, Id",Benign
git commit -m 'Fixed weight loading issue in engine.py - issue #9449',Benign
Get-Service | Sort-Object -Descending,Benign
cat /var/log/syslog | grep 'systemd' | tail -n 67,Benign
terraform init -upgrade,Benign
Get-Service | Sort-Object -Descending,Benign
Get-Content | % { $_.Name },Benign
kubectl get deployments -n staging --watch,Benign
kubectl get services -n monitoring -o wide,Benign
terraform destroy -auto-approve,Benign
tar -czf /tmp/backup.tar.gz /var/log > /dev/null 2>&1 # task_620,Benign
kubectl get pods -n monitoring --watch,Benign
cat /var/log/syslog | grep 'systemd' | tail -n 91,Benign
powershell -ExecutionPolicy AllSigned -File C:\Scripts\maintenance_30.ps1,Benign
git commit -m 'Fixed weight loading issue in engine.py - issue #9028',Benign
"grep -r ""ERROR"" /var/log/ > /dev/null 2>&1 # task_548",Benign
"grep -r ""ERROR"" /var/log/ > /dev/null 2>&1 # task_547",Benign
powershell -ep Restricted -File C:\Scripts\maintenance_90.ps1,Benign
terraform plan -out=tfplan,Benign
git commit -m 'Fixed weight loading issue in engine.py - issue #3911',Benign
kubectl get pods -n kube-system --watch,Benign
Get-Service | % { $_.Name },Benign
systemctl status nginx > /dev/null 2>&1 # task_959,Benign
powershell -ExecutionPolicy Restricted -File C:\Scripts\maintenance_23.ps1,Benign
terraform plan -out=tfplan,Benign
"grep -r ""ERROR"" /var/log/ > /dev/null 2>&1 # task_289",Benign
tar -czf /tmp/backup.tar.gz /var/log > /dev/null 2>&1 # task_678,Benign
"grep -r ""ERROR"" /var/log/ > /dev/null 2>&1 # task_671",Benign
"grep -r ""ERROR"" /var/log/ > /dev/null 2>&1 # task_164",Benign
tar -czf /tmp/backup.tar.gz /var/log > /dev/null 2>&1 # task_586,Benign
git commit -m 'Fixed weight loading issue in engine.py - issue #6028',Benign
powershell -ExecutionPolicy AllSigned -File C:\Scripts\maintenance_61.ps1,Benign
"grep -r ""ERROR"" /var/log/ > /dev/null 2>&1 # task_475",Benign
Get-Content | % { $_.Name },Benign
"grep -r ""ERROR"" /var/log/ > /dev/null 2>&1 # task_511",Benign
powershell -ExecutionPolicy AllSigned -File C:\Scripts\maintenance_97.ps1,Benign
"grep -r ""ERROR"" /var/log/ > /dev/null 2>&1 # task_424",Benign
terraform destroy -auto-approve,Benign
tar -czf /tmp/backup.tar.gz /var/log > /dev/null 2>&1 # task_706,Benign
cat /var/log/syslog | grep 'systemd' | tail -n 17,Benign
kubectl get configmaps -n staging --watch,Benign
kubectl get configmaps -n kube-system -o wide,Benign
Get-ADUser | % { $_.Name },Benign
powershell -ExecutionPolicy AllSigned -File C:\Scripts\maintenance_88.ps1,Benign
git commit -m 'Fixed weight loading issue in engine.py - issue #1335',Benign
git commit -m 'Fixed weight loading issue in engine.py - issue #9013',Benign
systemctl status nginx > /dev/null 2>&1 # task_727,Benign
Get-ADUser | % { $_.Name },Benign
terraform plan -out=tfplan,Benign
"Get-Content | Select-Object Name, Id",Benign
tar -czf /tmp/backup.tar.gz /var/log > /dev/null 2>&1 # task_261,Benign
Get-ADUser | Where-Object {$_.Status -eq 'Running'},Benign
terraform destroy -auto-approve,Benign
Get-Service | Sort-Object -Descending,Benign
git commit -m 'Fixed weight loading issue in engine.py - issue #6835',Benign
powershell -ep Restricted -File C:\Scripts\maintenance_75.ps1,Benign
"Get-ADUser | Select-Object Name, Id",Benign
systemctl status nginx > /dev/null 2>&1 # task_405,Benign
terraform init -upgrade,Benign
git commit -m 'Fixed weight loading issue in engine.py - issue #2763',Benign
git commit -m 'Fixed weight loading issue in engine.py - issue #8715',Benign
cat /var/log/syslog | grep 'systemd' | tail -n 33,Benign
cat /var/log/syslog | grep 'systemd' | tail -n 100,Benign
powershell -ep Restricted -File C:\Scripts\maintenance_16.ps1,Benign
kubectl get pods -n dev --watch,Benign
Get-Content | Sort-Object -Descending,Benign
kubectl get nodes -n monitoring -o wide,Benign
git commit -m 'Fixed weight loading issue in engine.py - issue #8311',Benign
powershell -ExecutionPolicy AllSigned -File C:\Scripts\maintenance_80.ps1,Benign
powershell -ExecutionPolicy AllSigned -File C:\Scripts\maintenance_95.ps1,Benign
cat /var/log/syslog | grep 'systemd' | tail -n 72,Benign
systemctl status nginx > /dev/null 2>&1 # task_170,Benign
tar -czf /tmp/backup.tar.gz /var/log > /dev/null 2>&1 # task_242,Benign
cat /var/log/syslog | grep 'systemd' | tail -n 97,Benign
cat /var/log/syslog | grep 'systemd' | tail -n 75,Benign
git commit -m 'Fixed weight loading issue in engine.py - issue #7513',Benign
git commit -m 'Fixed weight loading issue in engine.py - issue #8264',Benign
Get-EventLog -LogName System | % { $_.Name },Benign
terraform apply -auto-approve,Benign
git commit -m 'Fixed weight loading issue in engine.py - issue #2469',Benign
kubectl get deployments -n kube-system --watch,Benign
tar -czf /tmp/backup.tar.gz /var/log > /dev/null 2>&1 # task_995,Benign
git commit -m 'Fixed weight loading issue in engine.py - issue #7797',Benign
systemctl status nginx > /dev/null 2>&1 # task_879,Benign
kubectl get nodes -n dev --watch,Benign
cat /var/log/syslog | grep 'systemd' | tail -n 22,Benign
terraform plan -out=tfplan,Benign
powershell -ExecutionPolicy AllSigned -File C:\Scripts\maintenance_75.ps1,Benign
git commit -m 'Fixed weight loading issue in engine.py - issue #9538',Benign
systemctl status nginx > /dev/null 2>&1 # task_823,Benign
"grep -r ""ERROR"" /var/log/ > /dev/null 2>&1 # task_928",Benign
tar -czf /tmp/backup.tar.gz /var/log > /dev/null 2>&1 # task_633,Benign
terraform destroy -auto-approve,Benign
systemctl status nginx > /dev/null 2>&1 # task_183,Benign
git commit -m 'Fixed weight loading issue in engine.py - issue #5240',Benign
cat /var/log/syslog | grep 'systemd' | tail -n 17,Benign
git commit -m 'Fixed weight loading issue in engine.py - issue #1293',Benign
powershell -ExecutionPolicy Restricted -File C:\Scripts\maintenance_36.ps1,Benign
Get-Content | Sort-Object -Descending,Benign
Get-Content | Where-Object {$_.Status -eq 'Running'},Benign
powershell -ExecutionPolicy AllSigned -File C:\Scripts\maintenance_65.ps1,Benign
kubectl get deployments -n production --watch,Benign
cat /var/log/syslog | grep 'systemd' | tail -n 76,Benign
tar -czf /tmp/backup.tar.gz /var/log > /dev/null 2>&1 # task_187,Benign
tar -czf /tmp/backup.tar.gz /var/log > /dev/null 2>&1 # task_790,Benign
terraform init -upgrade,Benign
terraform plan -out=tfplan,Benign
terraform apply -auto-approve,Benign
"Get-Service | Select-Object Name, Id",Benign
Get-ADUser | Where-Object {$_.Status -eq 'Running'},Benign
git commit -m 'Fixed weight loading issue in engine.py - issue #7117',Benign
terraform destroy -auto-approve,Benign
terraform destroy -auto-approve,Benign
"grep -r ""ERROR"" /var/log/ > /dev/null 2>&1 # task_141",Benign
"grep -r ""ERROR"" /var/log/ > /dev/null 2>&1 # task_599",Benign
"Get-ADUser | Select-Object Name, Id",Benign
tar -czf /tmp/backup.tar.gz /var/log > /dev/null 2>&1 # task_417,Benign
Get-Service | % { $_.Name },Benign
powershell -ep Restricted -File C:\Scripts\maintenance_58.ps1,Benign
git commit -m 'Fixed weight loading issue in engine.py - issue #9947',Benign
powershell -ExecutionPolicy AllSigned -File C:\Scripts\maintenance_21.ps1,Benign
git commit -m 'Fixed weight loading issue in engine.py - issue #7560',Benign
terraform plan -out=tfplan,Benign
kubectl get configmaps -n dev -o wide,Benign
cat /var/log/syslog | grep 'systemd' | tail -n 62,Benign
cat /var/log/syslog | grep 'systemd' | tail -n 58,Benign
cat /var/log/syslog | grep 'systemd' | tail -n 29,Benign
terraform init -upgrade,Benign
Get-ADUser | Where-Object {$_.Status -eq 'Running'},Benign
powershell -ExecutionPolicy AllSigned -File C:\Scripts\maintenance_97.ps1,Benign
cat /var/log/syslog | grep 'systemd' | tail -n 35,Benign
kubectl get configmaps -n dev --watch,Benign
Get-Service | % { $_.Name },Benign
Get-EventLog -LogName System | Where-Object {$_.Status -eq 'Running'},Benign
systemctl status nginx > /dev/null 2>&1 # task_571,Benign
"grep -r ""ERROR"" /var/log/ > /dev/null 2>&1 # task_474",Benign
kubectl get configmaps -n production --watch,Benign
terraform plan -out=tfplan,Benign
"Get-ADUser | Select-Object Name, Id",Benign
terraform apply -auto-approve,Benign
powershell -ep Restricted -File C:\Scripts\maintenance_65.ps1,Benign
Get-ADUser | Sort-Object -Descending,Benign
Get-EventLog -LogName System | Where-Object {$_.Status -eq 'Running'},Benign
"grep -r ""ERROR"" /var/log/ > /dev/null 2>&1 # task_663",Benign
git commit -m 'Fixed weight loading issue in engine.py - issue #8431',Benign
terraform init -upgrade,Benign
kubectl get nodes -n staging -o wide,Benign
git commit -m 'Fixed weight loading issue in engine.py - issue #6311',Benign
Get-Content | Sort-Object -Descending,Benign
git commit -m 'Fixed weight loading issue in engine.py - issue #5942',Benign
terraform destroy -auto-approve,Benign
powershell -ExecutionPolicy Restricted -File C:\Scripts\maintenance_97.ps1,Benign
git commit -m 'Fixed weight loading issue in engine.py - issue #7264',Benign
kubectl get deployments -n production --watch,Benign
kubectl get configmaps -n monitoring -o wide,Benign
"grep -r ""ERROR"" /var/log/ > /dev/null 2>&1 # task_155",Benign
tar -czf /tmp/backup.tar.gz /var/log > /dev/null 2>&1 # task_998,Benign
git commit -m 'Fixed weight loading issue in engine.py - issue #2610',Benign
cat /var/log/syslog | grep 'systemd' | tail -n 16,Benign
terraform init -upgrade,Benign
Get-ADUser | Sort-Object -Descending,Benign
cat /var/log/syslog | grep 'systemd' | tail -n 14,Benign
Get-ADUser | % { $_.Name },Benign
kubectl get configmaps -n staging -o wide,Benign
systemctl status nginx > /dev/null 2>&1 # task_296,Benign
powershell -ExecutionPolicy Restricted -File C:\Scripts\maintenance_30.ps1,Benign
terraform apply -auto-approve,Benign
"Get-Service | Select-Object Name, Id",Benign
terraform apply -auto-approve,Benign
powershell -ExecutionPolicy AllSigned -File C:\Scripts\maintenance_66.ps1,Benign
powershell -ExecutionPolicy Restricted -File C:\Scripts\maintenance_69.ps1,Benign
kubectl get deployments -n production -o wide,Benign
systemctl status nginx > /dev/null 2>&1 # task_806,Benign
kubectl get pods -n production --watch,Benign
git commit -m 'Fixed weight loading issue in engine.py - issue #9188',Benign
cat /var/log/syslog | grep 'systemd' | tail -n 17,Benign
systemctl status nginx > /dev/null 2>&1 # task_540,Benign
Get-Content | % { $_.Name },Benign
git commit -m 'Fixed weight loading issue in engine.py - issue #6567',Benign
terraform init -upgrade,Benign
kubectl get services -n monitoring -o wide,Benign
terraform apply -auto-approve,Benign
cat /var/log/syslog | grep 'systemd' | tail -n 44,Benign
kubectl get configmaps -n monitoring --watch,Benign
tar -czf /tmp/backup.tar.gz /var/log > /dev/null 2>&1 # task_979,Benign
Get-Service | % { $_.Name },Benign
tar -czf /tmp/backup.tar.gz /var/log > /dev/null 2>&1 # task_538,Benign
kubectl get pods -n monitoring --watch,Benign
systemctl status nginx > /dev/null 2>&1 # task_247,Benign
terraform init -upgrade,Benign
kubectl get nodes -n production --watch,Benign
cat /var/log/syslog | grep 'systemd' | tail -n 62,Benign
powershell -ExecutionPolicy AllSigned -File C:\Scripts\maintenance_61.ps1,Benign
systemctl status nginx > /dev/null 2>&1 # task_595,Benign
cat /var/log/syslog | grep 'systemd' | tail -n 34,Benign
terraform destroy -auto-approve,Benign
Get-Process | Sort-Object -Descending,Benign
cat /var/log/syslog | grep 'systemd' | tail -n 39,Benign
terraform init -upgrade,Benign
terraform plan -out=tfplan,Benign
"Get-ADUser | Select-Object Name, Id",Benign
git commit -m 'Fixed weight loading issue in engine.py - issue #1818',Benign
"grep -r ""ERROR"" /var/log/ > /dev/null 2>&1 # task_541",Benign
tar -czf /tmp/backup.tar.gz /var/log > /dev/null 2>&1 # task_145,Benign
Get-EventLog -LogName System | Where-Object {$_.Status -eq 'Running'},Benign
Get-Content | Sort-Object -Descending,Benign
powershell -ExecutionPolicy AllSigned -File C:\Scripts\maintenance_41.ps1,Benign
git commit -m 'Fixed weight loading issue in engine.py - issue #5612',Benign
cat /var/log/syslog | grep 'systemd' | tail -n 81,Benign
cat /var/log/syslog | grep 'systemd' | tail -n 58,Benign
git commit -m 'Fixed weight loading issue in engine.py - issue #4420',Benign
git commit -m 'Fixed weight loading issue in engine.py - issue #7761',Benign
terraform plan -out=tfplan,Benign
powershell -ep Restricted -File C:\Scripts\maintenance_74.ps1,Benign
git commit -m 'Fixed weight loading issue in engine.py - issue #2993',Benign
cat /var/log/syslog | grep 'systemd' | tail -n 97,Benign
powershell -ep Restricted -File C:\Scripts\maintenance_59.ps1,Benign
cat /var/log/syslog | grep 'systemd' | tail -n 38,Benign
kubectl get configmaps -n monitoring --watch,Benign
kubectl get deployments -n monitoring -o wide,Benign
Get-Service | % { $_.Name },Benign
terraform init -upgrade,Benign
systemctl status nginx > /dev/null 2>&1 # task_755,Benign
powershell -ExecutionPolicy AllSigned -File C:\Scripts\maintenance_3.ps1,Benign
powershell -ExecutionPolicy AllSigned -File C:\Scripts\maintenance_6.ps1,Benign
powershell -ep Restricted -File C:\Scripts\maintenance_59.ps1,Benign
"grep -r ""ERROR"" /var/log/ > /dev/null 2>&1 # task_632",Benign
Get-Content | Sort-Object -Descending,Benign
terraform plan -out=tfplan,Benign
Get-ADUser | Sort-Object -Descending,Benign
powershell -ExecutionPolicy AllSigned -File C:\Scripts\maintenance_95.ps1,Benign
Get-Service | Sort-Object -Descending,Benign
tar -czf /tmp/backup.tar.gz /var/log > /dev/null 2>&1 # task_797,Benign
terraform plan -out=tfplan,Benign
terraform destroy -auto-approve,Benign
terraform destroy -auto-approve,Benign
powershell -ExecutionPolicy AllSigned -File C:\Scripts\maintenance_64.ps1,Benign
terraform apply -auto-approve,Benign
cat /var/log/syslog | grep 'systemd' | tail -n 44,Benign
powershell -ep Restricted -File C:\Scripts\maintenance_41.ps1,Benign
powershell -ExecutionPolicy AllSigned -File C:\Scripts\maintenance_44.ps1,Benign
powershell -ep Restricted -File C:\Scripts\maintenance_97.ps1,Benign
terraform destroy -auto-approve,Benign
cat /var/log/syslog | grep 'systemd' | tail -n 61,Benign
powershell -ExecutionPolicy Restricted -File C:\Scripts\maintenance_51.ps1,Benign
powershell -ep Restricted -File C:\Scripts\maintenance_7.ps1,Benign
powershell -ExecutionPolicy Restricted -File C:\Scripts\maintenance_35.ps1,Benign
Get-ADUser | Where-Object {$_.Status -eq 'Running'},Benign
git commit -m 'Fixed weight loading issue in engine.py - issue #3631',Benign
systemctl status nginx > /dev/null 2>&1 # task_942,Benign
terraform destroy -auto-approve,Benign
cat /var/log/syslog | grep 'systemd' | tail -n 86,Benign
git commit -m 'Fixed weight loading issue in engine.py - issue #4570',Benign
kubectl get pods -n monitoring --watch,Benign
Get-Content | % { $_.Name },Benign
Get-ADUser | Where-Object {$_.Status -eq 'Running'},Benign
terraform destroy -auto-approve,Benign
kubectl get nodes -n dev --watch,Benign
kubectl get pods -n monitoring -o wide,Benign
cat /var/log/syslog | grep 'systemd' | tail -n 54,Benign
tar -czf /tmp/backup.tar.gz /var/log > /dev/null 2>&1 # task_592,Benign
"grep -r ""ERROR"" /var/log/ > /dev/null 2>&1 # task_676",Benign
terraform plan -out=tfplan,Benign
kubectl get pods -n monitoring --watch,Benign
kubectl get pods -n production -o wide,Benign
git commit -m 'Fixed weight loading issue in engine.py - issue #1392',Benign
Get-EventLog -LogName System | Sort-Object -Descending,Benign
tar -czf /tmp/backup.tar.gz /var/log > /dev/null 2>&1 # task_923,Benign
kubectl get pods -n staging -o wide,Benign
terraform destroy -auto-approve,Benign
terraform init -upgrade,Benign
terraform init -upgrade,Benign
kubectl get nodes -n dev --watch,Benign
terraform apply -auto-approve,Benign
kubectl get deployments -n monitoring --watch,Benign
powershell -ExecutionPolicy Restricted -File C:\Scripts\maintenance_79.ps1,Benign
powershell -ExecutionPolicy AllSigned -File C:\Scripts\maintenance_55.ps1,Benign
Get-Process | % { $_.Name },Benign
powershell -ep Restricted -File C:\Scripts\maintenance_31.ps1,Benign
git commit -m 'Fixed weight loading issue in engine.py - issue #7382',Benign
"Get-Process | Select-Object Name, Id",Benign
cat /var/log/syslog | grep 'systemd' | tail -n 46,Benign
"grep -r ""ERROR"" /var/log/ > /dev/null 2>&1 # task_433",Benign
terraform apply -auto-approve,Benign
git commit -m 'Fixed weight loading issue in engine.py - issue #9110',Benign
terraform init -upgrade,Benign
"Get-ADUser | Select-Object Name, Id",Benign
systemctl status nginx > /dev/null 2>&1 # task_546,Benign
cat /var/log/syslog | grep 'systemd' | tail -n 87,Benign
tar -czf /tmp/backup.tar.gz /var/log > /dev/null 2>&1 # task_306,Benign
Get-EventLog -LogName System | Sort-Object -Descending,Benign
Get-EventLog -LogName System | Where-Object {$_.Status -eq 'Running'},Benign
Get-Content | Sort-Object -Descending,Benign
systemctl status nginx > /dev/null 2>&1 # task_815,Benign
git commit -m 'Fixed weight loading issue in engine.py - issue #3698',Benign
kubectl get nodes -n monitoring -o wide,Benign
Get-EventLog -LogName System | Where-Object {$_.Status -eq 'Running'},Benign
tar -czf /tmp/backup.tar.gz /var/log > /dev/null 2>&1 # task_290,Benign
powershell -ExecutionPolicy AllSigned -File C:\Scripts\maintenance_70.ps1,Benign
systemctl status nginx > /dev/null 2>&1 # task_972,Benign
terraform init -upgrade,Benign
Get-ADUser | % { $_.Name },Benign
systemctl status nginx > /dev/null 2>&1 # task_771,Benign
terraform init -upgrade,Benign
Get-Process | Where-Object {$_.Status -eq 'Running'},Benign
terraform destroy -auto-approve,Benign
"Get-Service | Select-Object Name, Id",Benign
cat /var/log/syslog | grep 'systemd' | tail -n 36,Benign
terraform apply -auto-approve,Benign
kubectl get deployments -n staging --watch,Benign
kubectl get deployments -n kube-system --watch,Benign
kubectl get services -n monitoring --watch,Benign
cat /var/log/syslog | grep 'systemd' | tail -n 84,Benign
git commit -m 'Fixed weight loading issue in engine.py - issue #2269',Benign
powershell -ExecutionPolicy AllSigned -File C:\Scripts\maintenance_81.ps1,Benign
tar -czf /tmp/backup.tar.gz /var/log > /dev/null 2>&1 # task_786,Benign
systemctl status nginx > /dev/null 2>&1 # task_787,Benign
"Get-Process | Select-Object Name, Id",Benign
systemctl status nginx > /dev/null 2>&1 # task_210,Benign
"grep -r ""ERROR"" /var/log/ > /dev/null 2>&1 # task_197",Benign
Get-Process | Where-Object {$_.Status -eq 'Running'},Benign
terraform init -upgrade,Benign
cat /var/log/syslog | grep 'systemd' | tail -n 51,Benign
tar -czf /tmp/backup.tar.gz /var/log > /dev/null 2>&1 # task_579,Benign
kubectl get services -n dev -o wide,Benign
"Get-ADUser | Select-Object Name, Id",Benign
terraform apply -auto-approve,Benign
Get-Service | % { $_.Name },Benign
systemctl status nginx > /dev/null 2>&1 # task_403,Benign
powershell -ep Restricted -File C:\Scripts\maintenance_8.ps1,Benign
Get-ADUser | % { $_.Name },Benign
powershell -ep Restricted -File C:\Scripts\maintenance_42.ps1,Benign
systemctl status nginx > /dev/null 2>&1 # task_504,Benign
powershell -ep Restricted -File C:\Scripts\maintenance_35.ps1,Benign
powershell -ExecutionPolicy AllSigned -File C:\Scripts\maintenance_90.ps1,Benign
powershell -ExecutionPolicy AllSigned -File C:\Scripts\maintenance_37.ps1,Benign
terraform plan -out=tfplan,Benign
"grep -r ""ERROR"" /var/log/ > /dev/null 2>&1 # task_945",Benign
powershell -ExecutionPolicy Restricted -File C:\Scripts\maintenance_18.ps1,Benign
git commit -m 'Fixed weight loading issue in engine.py - issue #3883',Benign
git commit -m 'Fixed weight loading issue in engine.py - issue #8012',Benign
cat /var/log/syslog | grep 'systemd' | tail -n 11,Benign
tar -czf /tmp/backup.tar.gz /var/log > /dev/null 2>&1 # task_998,Benign
cat /var/log/syslog | grep 'systemd' | tail -n 82,Benign
kubectl get configmaps -n kube-system -o wide,Benign
kubectl get configmaps -n dev --watch,Benign
git commit -m 'Fixed weight loading issue in engine.py - issue #4113',Benign
powershell -ep Restricted -File C:\Scripts\maintenance_88.ps1,Benign
cat /var/log/syslog | grep 'systemd' | tail -n 41,Benign
kubectl get configmaps -n production --watch,Benign
kubectl get deployments -n monitoring -o wide,Benign
kubectl get deployments -n staging --watch,Benign
powershell -ExecutionPolicy AllSigned -File C:\Scripts\maintenance_96.ps1,Benign
cat /var/log/syslog | grep 'systemd' | tail -n 89,Benign
"Get-Process | Select-Object Name, Id",Benign
git commit -m 'Fixed weight loading issue in engine.py - issue #2332',Benign
kubectl get services -n monitoring -o wide,Benign
tar -czf /tmp/backup.tar.gz /var/log > /dev/null 2>&1 # task_482,Benign
git commit -m 'Fixed weight loading issue in engine.py - issue #9318',Benign
systemctl status nginx > /dev/null 2>&1 # task_206,Benign
Get-Service | Sort-Object -Descending,Benign
"grep -r ""ERROR"" /var/log/ > /dev/null 2>&1 # task_677",Benign
git commit -m 'Fixed weight loading issue in engine.py - issue #1175',Benign
Get-Process | Sort-Object -Descending,Benign
terraform plan -out=tfplan,Benign
cat /var/log/syslog | grep 'systemd' | tail -n 85,Benign
powershell -ExecutionPolicy AllSigned -File C:\Scripts\maintenance_29.ps1,Benign
cat /var/log/syslog | grep 'systemd' | tail -n 55,Benign
cat /var/log/syslog | grep 'systemd' | tail -n 55,Benign
git commit -m 'Fixed weight loading issue in engine.py - issue #1231',Benign
terraform init -upgrade,Benign
cat /var/log/syslog | grep 'systemd' | tail -n 73,Benign
cat /var/log/syslog | grep 'systemd' | tail -n 80,Benign
powershell -ExecutionPolicy Restricted -File C:\Scripts\maintenance_48.ps1,Benign
terraform plan -out=tfplan,Benign
cat /var/log/syslog | grep 'systemd' | tail -n 36,Benign
tar -czf /tmp/backup.tar.gz /var/log > /dev/null 2>&1 # task_336,Benign
Get-Service | Sort-Object -Descending,Benign
terraform plan -out=tfplan,Benign
cat /var/log/syslog | grep 'systemd' | tail -n 75,Benign
tar -czf /tmp/backup.tar.gz /var/log > /dev/null 2>&1 # task_126,Benign
powershell -ep Restricted -File C:\Scripts\maintenance_59.ps1,Benign
kubectl get pods -n production --watch,Benign
"Get-ADUser | Select-Object Name, Id",Benign
powershell -ExecutionPolicy AllSigned -File C:\Scripts\maintenance_19.ps1,Benign
powershell -ExecutionPolicy Restricted -File C:\Scripts\maintenance_14.ps1,Benign
powershell -ExecutionPolicy Restricted -File C:\Scripts\maintenance_58.ps1,Benign
Get-Service | % { $_.Name },Benign
Get-Service | % { $_.Name },Benign
cat /var/log/syslog | grep 'systemd' | tail -n 13,Benign
git commit -m 'Fixed weight loading issue in engine.py - issue #2049',Benign
git commit -m 'Fixed weight loading issue in engine.py - issue #9824',Benign
powershell -ep Restricted -File C:\Scripts\maintenance_44.ps1,Benign
powershell -ExecutionPolicy AllSigned -File C:\Scripts\maintenance_58.ps1,Benign
"grep -r ""ERROR"" /var/log/ > /dev/null 2>&1 # task_794",Benign
terraform destroy -auto-approve,Benign
powershell -ExecutionPolicy AllSigned -File C:\Scripts\maintenance_3.ps1,Benign
terraform plan -out=tfplan,Benign
kubectl get services -n staging --watch,Benign
powershell -ExecutionPolicy Restricted -File C:\Scripts\maintenance_69.ps1,Benign
cat /var/log/syslog | grep 'systemd' | tail -n 78,Benign
powershell -ep Restricted -File C:\Scripts\maintenance_73.ps1,Benign
powershell -ExecutionPolicy Restricted -File C:\Scripts\maintenance_4.ps1,Benign
Get-Service | Sort-Object -Descending,Benign
terraform destroy -auto-approve,Benign
Get-EventLog -LogName System | Where-Object {$_.Status -eq 'Running'},Benign
git commit -m 'Fixed weight loading issue in engine.py - issue #8079',Benign
kubectl get nodes -n production --watch,Benign
Get-Content | Where-Object {$_.Status -eq 'Running'},Benign
cat /var/log/syslog | grep 'systemd' | tail -n 33,Benign
kubectl get pods -n production -o wide,Benign
kubectl get pods -n dev -o wide,Benign
kubectl get deployments -n staging --watch,Benign
tar -czf /tmp/backup.tar.gz /var/log > /dev/null 2>&1 # task_713,Benign
powershell -ExecutionPolicy Restricted -File C:\Scripts\maintenance_68.ps1,Benign
cat /var/log/syslog | grep 'systemd' | tail -n 16,Benign
Get-Process | % { $_.Name },Benign
cat /var/log/syslog | grep 'systemd' | tail -n 88,Benign
Get-ADUser | Sort-Object -Descending,Benign
terraform init -upgrade,Benign
terraform apply -auto-approve,Benign
systemctl status nginx > /dev/null 2>&1 # task_660,Benign
powershell -ExecutionPolicy Restricted -File C:\Scripts\maintenance_67.ps1,Benign
kubectl get pods -n kube-system --watch,Benign
cat /var/log/syslog | grep 'systemd' | tail -n 83,Benign
powershell -ExecutionPolicy AllSigned -File C:\Scripts\maintenance_45.ps1,Benign
kubectl get pods -n dev --watch,Benign
Get-Content | % { $_.Name },Benign
cat /var/log/syslog | grep 'systemd' | tail -n 32,Benign
terraform plan -out=tfplan,Benign
git commit -m 'Fixed weight loading issue in engine.py - issue #8344',Benign
cat /var/log/syslog | grep 'systemd' | tail -n 22,Benign
powershell -ep Restricted -File C:\Scripts\maintenance_14.ps1,Benign
Get-Service | Sort-Object -Descending,Benign
kubectl get nodes -n production --watch,Benign
powershell -ExecutionPolicy Restricted -File C:\Scripts\maintenance_33.ps1,Benign
cat /var/log/syslog | grep 'systemd' | tail -n 73,Benign
cat /var/log/syslog | grep 'systemd' | tail -n 93,Benign
powershell -ep Restricted -File C:\Scripts\maintenance_41.ps1,Benign
kubectl get pods -n staging --watch,Benign
terraform init -upgrade,Benign
cat /var/log/syslog | grep 'systemd' | tail -n 93,Benign
cat /var/log/syslog | grep 'systemd' | tail -n 39,Benign
cat /var/log/syslog | grep 'systemd' | tail -n 68,Benign
cat /var/log/syslog | grep 'systemd' | tail -n 97,Benign
Get-ADUser | % { $_.Name },Benign
cat /var/log/syslog | grep 'systemd' | tail -n 26,Benign
tar -czf /tmp/backup.tar.gz /var/log > /dev/null 2>&1 # task_330,Benign
systemctl status nginx > /dev/null 2>&1 # task_339,Benign
cat /var/log/syslog | grep 'systemd' | tail -n 82,Benign
"grep -r ""ERROR"" /var/log/ > /dev/null 2>&1 # task_925",Benign
kubectl get services -n monitoring -o wide,Benign
tar -czf /tmp/backup.tar.gz /var/log > /dev/null 2>&1 # task_422,Benign
kubectl get pods -n production -o wide,Benign
Get-Process | % { $_.Name },Benign
cat /var/log/syslog | grep 'systemd' | tail -n 51,Benign
kubectl get services -n dev -o wide,Benign
powershell -ExecutionPolicy Restricted -File C:\Scripts\maintenance_2.ps1,Benign
tar -czf /tmp/backup.tar.gz /var/log > /dev/null 2>&1 # task_606,Benign
powershell -ep Restricted -File C:\Scripts\maintenance_17.ps1,Benign
"Get-Service | Select-Object Name, Id",Benign
Get-Service | Sort-Object -Descending,Benign
Get-Process | Sort-Object -Descending,Benign
tar -czf /tmp/backup.tar.gz /var/log > /dev/null 2>&1 # task_843,Benign
powershell -ep Restricted -File C:\Scripts\maintenance_99.ps1,Benign
terraform apply -auto-approve,Benign
git commit -m 'Fixed weight loading issue in engine.py - issue #6733',Benign
cat /var/log/syslog | grep 'systemd' | tail -n 98,Benign
terraform apply -auto-approve,Benign
terraform apply -auto-approve,Benign
cat /var/log/syslog | grep 'systemd' | tail -n 70,Benign
"grep -r ""ERROR"" /var/log/ > /dev/null 2>&1 # task_139",Benign
Get-Process | Sort-Object -Descending,Benign
kubectl get nodes -n production --watch,Benign
tar -czf /tmp/backup.tar.gz /var/log > /dev/null 2>&1 # task_570,Benign
cat /var/log/syslog | grep 'systemd' | tail -n 21,Benign
Get-EventLog -LogName System | Where-Object {$_.Status -eq 'Running'},Benign
kubectl get services -n staging --watch,Benign
git commit -m 'Fixed weight loading issue in engine.py - issue #7558',Benign
cat /var/log/syslog | grep 'systemd' | tail -n 31,Benign
Get-Service | Sort-Object -Descending,Benign
Get-EventLog -LogName System | Where-Object {$_.Status -eq 'Running'},Benign
tar -czf /tmp/backup.tar.gz /var/log > /dev/null 2>&1 # task_838,Benign
kubectl get configmaps -n staging --watch,Benign
terraform init -upgrade,Benign
terraform apply -auto-approve,Benign
powershell -ExecutionPolicy Restricted -File C:\Scripts\maintenance_90.ps1,Benign
kubectl get configmaps -n production -o wide,Benign
kubectl get services -n production -o wide,Benign
git commit -m 'Fixed weight loading issue in engine.py - issue #4572',Benign
kubectl get nodes -n monitoring -o wide,Benign
cat /var/log/syslog | grep 'systemd' | tail -n 98,Benign
tar -czf /tmp/backup.tar.gz /var/log > /dev/null 2>&1 # task_349,Benign
powershell -ep Restricted -File C:\Scripts\maintenance_76.ps1,Benign
"Get-Content | Select-Object Name, Id",Benign
kubectl get nodes -n production --watch,Benign
terraform plan -out=tfplan,Benign
systemctl status nginx > /dev/null 2>&1 # task_115,Benign
powershell -ExecutionPolicy AllSigned -File C:\Scripts\maintenance_15.ps1,Benign
cat /var/log/syslog | grep 'systemd' | tail -n 53,Benign
git commit -m 'Fixed weight loading issue in engine.py - issue #9502',Benign
cat /var/log/syslog | grep 'systemd' | tail -n 45,Benign
cat /var/log/syslog | grep 'systemd' | tail -n 82,Benign
terraform plan -out=tfplan,Benign
terraform destroy -auto-approve,Benign
cat /var/log/syslog | grep 'systemd' | tail -n 48,Benign
powershell -ExecutionPolicy AllSigned -File C:\Scripts\maintenance_57.ps1,Benign
kubectl get pods -n monitoring -o wide,Benign
"grep -r ""ERROR"" /var/log/ > /dev/null 2>&1 # task_248",Benign
cat /var/log/syslog | grep 'systemd' | tail -n 91,Benign
powershell -ep Restricted -File C:\Scripts\maintenance_38.ps1,Benign
powershell -ExecutionPolicy AllSigned -File C:\Scripts\maintenance_61.ps1,Benign
kubectl get nodes -n staging --watch,Benign
terraform init -upgrade,Benign
powershell -ExecutionPolicy AllSigned -File C:\Scripts\maintenance_55.ps1,Benign
git commit -m 'Fixed weight loading issue in engine.py - issue #2061',Benign
tar -czf /tmp/backup.tar.gz /var/log > /dev/null 2>&1 # task_601,Benign
git commit -m 'Fixed weight loading issue in engine.py - issue #7052',Benign
kubectl get services -n monitoring --watch,Benign
git commit -m 'Fixed weight loading issue in engine.py - issue #7382',Benign
Get-Content | % { $_.Name },Benign
kubectl get configmaps -n kube-system --watch,Benign
Get-Process | Sort-Object -Descending,Benign
git commit -m 'Fixed weight loading issue in engine.py - issue #7720',Benign
cat /var/log/syslog | grep 'systemd' | tail -n 11,Benign
cat /var/log/syslog | grep 'systemd' | tail -n 82,Benign
git commit -m 'Fixed weight loading issue in engine.py - issue #5644',Benign
kubectl get deployments -n staging -o wide,Benign
Get-ADUser | Sort-Object -Descending,Benign
cat /var/log/syslog | grep 'systemd' | tail -n 59,Benign
git commit -m 'Fixed weight loading issue in engine.py - issue #9465',Benign
Get-ADUser | % { $_.Name },Benign
powershell -ExecutionPolicy AllSigned -File C:\Scripts\maintenance_100.ps1,Benign
git commit -m 'Fixed weight loading issue in engine.py - issue #9214',Benign
"Get-Content | Select-Object Name, Id",Benign
git commit -m 'Fixed weight loading issue in engine.py - issue #9295',Benign
terraform apply -auto-approve,Benign
terraform apply -auto-approve,Benign
Get-Service | % { $_.Name },Benign
systemctl status nginx > /dev/null 2>&1 # task_996,Benign
terraform plan -out=tfplan,Benign
cat /var/log/syslog | grep 'systemd' | tail -n 15,Benign
powershell -ExecutionPolicy Restricted -File C:\Scripts\maintenance_19.ps1,Benign
git commit -m 'Fixed weight loading issue in engine.py - issue #9693',Benign
cat /var/log/syslog | grep 'systemd' | tail -n 49,Benign
cat /var/log/syslog | grep 'systemd' | tail -n 93,Benign
powershell -ep Restricted -File C:\Scripts\maintenance_48.ps1,Benign
cat /var/log/syslog | grep 'systemd' | tail -n 45,Benign
powershell -ExecutionPolicy AllSigned -File C:\Scripts\maintenance_37.ps1,Benign
tar -czf /tmp/backup.tar.gz /var/log > /dev/null 2>&1 # task_144,Benign
git commit -m 'Fixed weight loading issue in engine.py - issue #2455',Benign
git commit -m 'Fixed weight loading issue in engine.py - issue #7526',Benign
cat /var/log/syslog | grep 'systemd' | tail -n 97,Benign
powershell -ep Restricted -File C:\Scripts\maintenance_87.ps1,Benign
git commit -m 'Fixed weight loading issue in engine.py - issue #4509',Benign
"grep -r ""ERROR"" /var/log/ > /dev/null 2>&1 # task_311",Benign
systemctl status nginx > /dev/null 2>&1 # task_276,Benign
kubectl get services -n production -o wide,Benign
powershell -ep Restricted -File C:\Scripts\maintenance_29.ps1,Benign
Get-ADUser | Sort-Object -Descending,Benign
powershell -ep Restricted -File C:\Scripts\maintenance_20.ps1,Benign
Get-ADUser | Where-Object {$_.Status -eq 'Running'},Benign
tar -czf /tmp/backup.tar.gz /var/log > /dev/null 2>&1 # task_794,Benign
Get-ADUser | Sort-Object -Descending,Benign
terraform plan -out=tfplan,Benign
git commit -m 'Fixed weight loading issue in engine.py - issue #3641',Benign
git commit -m 'Fixed weight loading issue in engine.py - issue #4575',Benign
cat /var/log/syslog | grep 'systemd' | tail -n 44,Benign
git commit -m 'Fixed weight loading issue in engine.py - issue #4032',Benign
cat /var/log/syslog | grep 'systemd' | tail -n 10,Benign
kubectl get pods -n monitoring --watch,Benign
systemctl status nginx > /dev/null 2>&1 # task_985,Benign
git commit -m 'Fixed weight loading issue in engine.py - issue #7942',Benign
powershell -ExecutionPolicy Restricted -File C:\Scripts\maintenance_1.ps1,Benign
systemctl status nginx > /dev/null 2>&1 # task_623,Benign
git commit -m 'Fixed weight loading issue in engine.py - issue #8434',Benign
terraform plan -out=tfplan,Benign
git commit -m 'Fixed weight loading issue in engine.py - issue #6108',Benign
git commit -m 'Fixed weight loading issue in engine.py - issue #8080',Benign
tar -czf /tmp/backup.tar.gz /var/log > /dev/null 2>&1 # task_741,Benign
Get-Process | Where-Object {$_.Status -eq 'Running'},Benign
git commit -m 'Fixed weight loading issue in engine.py - issue #6704',Benign
kubectl get services -n production --watch,Benign
git commit -m 'Fixed weight loading issue in engine.py - issue #6000',Benign
Get-ADUser | % { $_.Name },Benign
terraform init -upgrade,Benign
powershell -ExecutionPolicy Restricted -File C:\Scripts\maintenance_40.ps1,Benign
terraform destroy -auto-approve,Benign
git commit -m 'Fixed weight loading issue in engine.py - issue #8168',Benign
cat /var/log/syslog | grep 'systemd' | tail -n 64,Benign
terraform init -upgrade,Benign
git commit -m 'Fixed weight loading issue in engine.py - issue #4734',Benign
powershell -ExecutionPolicy AllSigned -File C:\Scripts\maintenance_43.ps1,Benign
powershell -ExecutionPolicy AllSigned -File C:\Scripts\maintenance_64.ps1,Benign
powershell -ExecutionPolicy Restricted -File C:\Scripts\maintenance_11.ps1,Benign
Get-Content | % { $_.Name },Benign
kubectl get nodes -n dev --watch,Benign
cat /var/log/syslog | grep 'systemd' | tail -n 86,Benign
cat /var/log/syslog | grep 'systemd' | tail -n 36,Benign
git commit -m 'Fixed weight loading issue in engine.py - issue #2080',Benign
cat /var/log/syslog | grep 'systemd' | tail -n 79,Benign
git commit -m 'Fixed weight loading issue in engine.py - issue #3001',Benign
"Get-Process | Select-Object Name, Id",Benign
powershell -ExecutionPolicy AllSigned -File C:\Scripts\maintenance_76.ps1,Benign
Get-Service | Where-Object {$_.Status -eq 'Running'},Benign
git commit -m 'Fixed weight loading issue in engine.py - issue #6081',Benign
terraform destroy -auto-approve,Benign
cat /var/log/syslog | grep 'systemd' | tail -n 50,Benign
cat /var/log/syslog | grep 'systemd' | tail -n 41,Benign
Get-Content | Where-Object {$_.Status -eq 'Running'},Benign
powershell -ep Restricted -File C:\Scripts\maintenance_36.ps1,Benign
git commit -m 'Fixed weight loading issue in engine.py - issue #1260',Benign
systemctl status nginx > /dev/null 2>&1 # task_595,Benign
"grep -r ""ERROR"" /var/log/ > /dev/null 2>&1 # task_122",Benign
Get-ADUser | Sort-Object -Descending,Benign
terraform apply -auto-approve,Benign
Get-ADUser | Sort-Object -Descending,Benign
kubectl get pods -n kube-system --watch,Benign
systemctl status nginx > /dev/null 2>&1 # task_987,Benign
Get-Content | Sort-Object -Descending,Benign
kubectl get nodes -n dev -o wide,Benign
cat /var/log/syslog | grep 'systemd' | tail -n 52,Benign
git commit -m 'Fixed weight loading issue in engine.py - issue #8987',Benign
cat /var/log/syslog | grep 'systemd' | tail -n 77,Benign
kubectl get pods -n monitoring --watch,Benign
terraform apply -auto-approve,Benign
systemctl status nginx > /dev/null 2>&1 # task_283,Benign
terraform destroy -auto-approve,Benign
powershell -ExecutionPolicy AllSigned -File C:\Scripts\maintenance_48.ps1,Benign
terraform apply -auto-approve,Benign
kubectl get pods -n staging --watch,Benign
Get-Content | % { $_.Name },Benign
cat /var/log/syslog | grep 'systemd' | tail -n 18,Benign
powershell -ep Restricted -File C:\Scripts\maintenance_38.ps1,Benign
git commit -m 'Fixed weight loading issue in engine.py - issue #6750',Benign
"grep -r ""ERROR"" /var/log/ > /dev/null 2>&1 # task_539",Benign
cat /var/log/syslog | grep 'systemd' | tail -n 71,Benign
terraform destroy -auto-approve,Benign
powershell -ep Restricted -File C:\Scripts\maintenance_17.ps1,Benign
systemctl status nginx > /dev/null 2>&1 # task_974,Benign
Get-Content | Where-Object {$_.Status -eq 'Running'},Benign
cat /var/log/syslog | grep 'systemd' | tail -n 32,Benign
powershell -ep Restricted -File C:\Scripts\maintenance_58.ps1,Benign
kubectl get services -n monitoring -o wide,Benign
Get-EventLog -LogName System | % { $_.Name },Benign
powershell -ep Restricted -File C:\Scripts\maintenance_9.ps1,Benign
cat /var/log/syslog | grep 'systemd' | tail -n 73,Benign
git commit -m 'Fixed weight loading issue in engine.py - issue #4914',Benign
"grep -r ""ERROR"" /var/log/ > /dev/null 2>&1 # task_854",Benign
terraform apply -auto-approve,Benign
"grep -r ""ERROR"" /var/log/ > /dev/null 2>&1 # task_215",Benign
"grep -r ""ERROR"" /var/log/ > /dev/null 2>&1 # task_937",Benign
git commit -m 'Fixed weight loading issue in engine.py - issue #2433',Benign
Get-EventLog -LogName System | Where-Object {$_.Status -eq 'Running'},Benign
powershell -ExecutionPolicy Restricted -File C:\Scripts\maintenance_81.ps1,Benign
powershell -ExecutionPolicy AllSigned -File C:\Scripts\maintenance_54.ps1,Benign
"grep -r ""ERROR"" /var/log/ > /dev/null 2>&1 # task_827",Benign
terraform plan -out=tfplan,Benign
powershell -ExecutionPolicy AllSigned -File C:\Scripts\maintenance_50.ps1,Benign
tar -czf /tmp/backup.tar.gz /var/log > /dev/null 2>&1 # task_406,Benign
cat /var/log/syslog | grep 'systemd' | tail -n 88,Benign
git commit -m 'Fixed weight loading issue in engine.py - issue #6549',Benign
"Get-Content | Select-Object Name, Id",Benign
terraform destroy -auto-approve,Benign
kubectl get pods -n staging --watch,Benign
git commit -m 'Fixed weight loading issue in engine.py - issue #6641',Benign
cat /var/log/syslog | grep 'systemd' | tail -n 93,Benign
kubectl get services -n production -o wide,Benign
kubectl get pods -n staging -o wide,Benign
kubectl get deployments -n staging --watch,Benign
"Get-EventLog -LogName System | Select-Object Name, Id",Benign
git commit -m 'Fixed weight loading issue in engine.py - issue #1127',Benign
"grep -r ""ERROR"" /var/log/ > /dev/null 2>&1 # task_398",Benign
powershell -ExecutionPolicy Restricted -File C:\Scripts\maintenance_7.ps1,Benign
tar -czf /tmp/backup.tar.gz /var/log > /dev/null 2>&1 # task_423,Benign
kubectl get services -n monitoring --watch,Benign
powershell -ep Restricted -File C:\Scripts\maintenance_1.ps1,Benign
"grep -r ""ERROR"" /var/log/ > /dev/null 2>&1 # task_665",Benign
Get-Process | % { $_.Name },Benign
tar -czf /tmp/backup.tar.gz /var/log > /dev/null 2>&1 # task_530,Benign
powershell -ep Restricted -File C:\Scripts\maintenance_11.ps1,Benign
terraform plan -out=tfplan,Benign
terraform init -upgrade,Benign
systemctl status nginx > /dev/null 2>&1 # task_622,Benign
kubectl get nodes -n dev --watch,Benign
powershell -ExecutionPolicy Restricted -File C:\Scripts\maintenance_7.ps1,Benign
terraform init -upgrade,Benign
cat /var/log/syslog | grep 'systemd' | tail -n 20,Benign
kubectl get nodes -n dev --watch,Benign
Get-Service | Sort-Object -Descending,Benign
tar -czf /tmp/backup.tar.gz /var/log > /dev/null 2>&1 # task_906,Benign
Get-Content | % { $_.Name },Benign
cat /var/log/syslog | grep 'systemd' | tail -n 18,Benign
powershell -ExecutionPolicy Restricted -File C:\Scripts\maintenance_46.ps1,Benign
cat /var/log/syslog | grep 'systemd' | tail -n 35,Benign
git commit -m 'Fixed weight loading issue in engine.py - issue #2866',Benign
"Get-Content | Select-Object Name, Id",Benign
kubectl get configmaps -n monitoring -o wide,Benign
"Get-Service | Select-Object Name, Id",Benign
tar -czf /tmp/backup.tar.gz /var/log > /dev/null 2>&1 # task_978,Benign
Get-EventLog -LogName System | Sort-Object -Descending,Benign
cat /var/log/syslog | grep 'systemd' | tail -n 42,Benign
git commit -m 'Fixed weight loading issue in engine.py - issue #7233',Benign
git commit -m 'Fixed weight loading issue in engine.py - issue #6116',Benign
cat /var/log/syslog | grep 'systemd' | tail -n 44,Benign
git commit -m 'Fixed weight loading issue in engine.py - issue #3269',Benign
cat /var/log/syslog | grep 'systemd' | tail -n 77,Benign
git commit -m 'Fixed weight loading issue in engine.py - issue #5682',Benign
terraform apply -auto-approve,Benign
kubectl get pods -n monitoring -o wide,Benign
kubectl get nodes -n staging --watch,Benign
terraform apply -auto-approve,Benign
kubectl get nodes -n production --watch,Benign
terraform init -upgrade,Benign
powershell -ExecutionPolicy AllSigned -File C:\Scripts\maintenance_50.ps1,Benign
Get-Process | Where-Object {$_.Status -eq 'Running'},Benign
"Get-Process | Select-Object Name, Id",Benign
git commit -m 'Fixed weight loading issue in engine.py - issue #2386',Benign
powershell -ep Restricted -File C:\Scripts\maintenance_90.ps1,Benign
Get-ADUser | % { $_.Name },Benign
terraform plan -out=tfplan,Benign
git commit -m 'Fixed weight loading issue in engine.py - issue #1000',Benign
powershell -ExecutionPolicy AllSigned -File C:\Scripts\maintenance_59.ps1,Benign
"Get-Content | Select-Object Name, Id",Benign
git commit -m 'Fixed weight loading issue in engine.py - issue #8595',Benign
"Get-ADUser | Select-Object Name, Id",Benign
Get-ADUser | % { $_.Name },Benign
cat /var/log/syslog | grep 'systemd' | tail -n 74,Benign
cat /var/log/syslog | grep 'systemd' | tail -n 54,Benign
kubectl get nodes -n dev --watch,Benign
systemctl status nginx > /dev/null 2>&1 # task_566,Benign
terraform init -upgrade,Benign
cat /var/log/syslog | grep 'systemd' | tail -n 79,Benign
systemctl status nginx > /dev/null 2>&1 # task_865,Benign
terraform destroy -auto-approve,Benign
cat /var/log/syslog | grep 'systemd' | tail -n 13,Benign
terraform plan -out=tfplan,Benign
git commit -m 'Fixed weight loading issue in engine.py - issue #1385',Benign
powershell -ep Restricted -File C:\Scripts\maintenance_56.ps1,Benign
terraform apply -auto-approve,Benign
kubectl get deployments -n staging --watch,Benign
powershell -ep Restricted -File C:\Scripts\maintenance_67.ps1,Benign
terraform init -upgrade,Benign
git commit -m 'Fixed weight loading issue in engine.py - issue #7614',Benign
git commit -m 'Fixed weight loading issue in engine.py - issue #2708',Benign
powershell -ExecutionPolicy Restricted -File C:\Scripts\maintenance_67.ps1,Benign
git commit -m 'Fixed weight loading issue in engine.py - issue #4067',Benign
terraform destroy -auto-approve,Benign
"Get-Process | Select-Object Name, Id",Benign
powershell -ep Restricted -File C:\Scripts\maintenance_20.ps1,Benign
kubectl get configmaps -n dev -o wide,Benign
"grep -r ""ERROR"" /var/log/ > /dev/null 2>&1 # task_782",Benign
Get-ADUser | % { $_.Name },Benign
cat /var/log/syslog | grep 'systemd' | tail -n 24,Benign
git commit -m 'Fixed weight loading issue in engine.py - issue #7931',Benign
cat /var/log/syslog | grep 'systemd' | tail -n 51,Benign
tar -czf /tmp/backup.tar.gz /var/log > /dev/null 2>&1 # task_437,Benign
kubectl get deployments -n kube-system -o wide,Benign
terraform apply -auto-approve,Benign
terraform init -upgrade,Benign
"Get-Content | Select-Object Name, Id",Benign
git commit -m 'Fixed weight loading issue in engine.py - issue #4748',Benign
git commit -m 'Fixed weight loading issue in engine.py - issue #9570',Benign
systemctl status nginx > /dev/null 2>&1 # task_819,Benign
kubectl get pods -n production --watch,Benign
kubectl get pods -n staging --watch,Benign
powershell -ep Restricted -File C:\Scripts\maintenance_5.ps1,Benign
git commit -m 'Fixed weight loading issue in engine.py - issue #3269',Benign
kubectl get deployments -n production --watch,Benign
kubectl get pods -n dev -o wide,Benign
Get-Service | % { $_.Name },Benign
terraform plan -out=tfplan,Benign
powershell -ExecutionPolicy AllSigned -File C:\Scripts\maintenance_63.ps1,Benign
powershell -ExecutionPolicy Restricted -File C:\Scripts\maintenance_3.ps1,Benign
terraform plan -out=tfplan,Benign
kubectl get nodes -n monitoring -o wide,Benign
git commit -m 'Fixed weight loading issue in engine.py - issue #1450',Benign
terraform init -upgrade,Benign
terraform plan -out=tfplan,Benign
terraform init -upgrade,Benign
cat /var/log/syslog | grep 'systemd' | tail -n 63,Benign
git commit -m 'Fixed weight loading issue in engine.py - issue #2677',Benign
git commit -m 'Fixed weight loading issue in engine.py - issue #9151',Benign
cat /var/log/syslog | grep 'systemd' | tail -n 32,Benign
Get-Service | Sort-Object -Descending,Benign
"Get-Content | Select-Object Name, Id",Benign
cat /var/log/syslog | grep 'systemd' | tail -n 21,Benign
kubectl get services -n kube-system -o wide,Benign
kubectl get configmaps -n kube-system -o wide,Benign
powershell -ep Restricted -File C:\Scripts\maintenance_23.ps1,Benign
cat /var/log/syslog | grep 'systemd' | tail -n 74,Benign
Get-Service | % { $_.Name },Benign
cat /var/log/syslog | grep 'systemd' | tail -n 76,Benign
terraform apply -auto-approve,Benign
terraform destroy -auto-approve,Benign
Get-Service | % { $_.Name },Benign
kubectl get deployments -n kube-system -o wide,Benign
cat /var/log/syslog | grep 'systemd' | tail -n 47,Benign
powershell -ExecutionPolicy AllSigned -File C:\Scripts\maintenance_99.ps1,Benign
kubectl get configmaps -n kube-system -o wide,Benign
cat /var/log/syslog | grep 'systemd' | tail -n 45,Benign
git commit -m 'Fixed weight loading issue in engine.py - issue #6029',Benign
powershell -ep Restricted -File C:\Scripts\maintenance_64.ps1,Benign
systemctl status nginx > /dev/null 2>&1 # task_763,Benign
tar -czf /tmp/backup.tar.gz /var/log > /dev/null 2>&1 # task_993,Benign
tar -czf /tmp/backup.tar.gz /var/log > /dev/null 2>&1 # task_160,Benign
cat /var/log/syslog | grep 'systemd' | tail -n 94,Benign
kubectl get pods -n staging -o wide,Benign
terraform destroy -auto-approve,Benign
powershell -ExecutionPolicy AllSigned -File C:\Scripts\maintenance_94.ps1,Benign
tar -czf /tmp/backup.tar.gz /var/log > /dev/null 2>&1 # task_663,Benign
Get-EventLog -LogName System | Sort-Object -Descending,Benign
git commit -m 'Fixed weight loading issue in engine.py - issue #3383',Benign
git commit -m 'Fixed weight loading issue in engine.py - issue #4675',Benign
git commit -m 'Fixed weight loading issue in engine.py - issue #4498',Benign
kubectl get pods -n production -o wide,Benign
"Get-Process | Select-Object Name, Id",Benign
terraform destroy -auto-approve,Benign
git commit -m 'Fixed weight loading issue in engine.py - issue #2279',Benign
Get-Process | % { $_.Name },Benign
terraform plan -out=tfplan,Benign
Get-ADUser | % { $_.Name },Benign
terraform destroy -auto-approve,Benign
powershell -ExecutionPolicy Restricted -File C:\Scripts\maintenance_56.ps1,Benign
powershell -ExecutionPolicy Restricted -File C:\Scripts\maintenance_77.ps1,Benign
tar -czf /tmp/backup.tar.gz /var/log > /dev/null 2>&1 # task_270,Benign
git commit -m 'Fixed weight loading issue in engine.py - issue #7769',Benign
powershell -ExecutionPolicy AllSigned -File C:\Scripts\maintenance_26.ps1,Benign
git commit -m 'Fixed weight loading issue in engine.py - issue #4923',Benign
terraform init -upgrade,Benign
systemctl status nginx > /dev/null 2>&1 # task_872,Benign
"grep -r ""ERROR"" /var/log/ > /dev/null 2>&1 # task_124",Benign
kubectl get pods -n production -o wide,Benign
systemctl status nginx > /dev/null 2>&1 # task_513,Benign
cat /var/log/syslog | grep 'systemd' | tail -n 40,Benign
powershell -ep Restricted -File C:\Scripts\maintenance_3.ps1,Benign
git commit -m 'Fixed weight loading issue in engine.py - issue #7032',Benign
terraform destroy -auto-approve,Benign
tar -czf /tmp/backup.tar.gz /var/log > /dev/null 2>&1 # task_466,Benign
systemctl status nginx > /dev/null 2>&1 # task_851,Benign
cat /var/log/syslog | grep 'systemd' | tail -n 26,Benign
Get-Process | Where-Object {$_.Status -eq 'Running'},Benign
powershell -ExecutionPolicy AllSigned -File C:\Scripts\maintenance_94.ps1,Benign
git commit -m 'Fixed weight loading issue in engine.py - issue #3514',Benign
systemctl status nginx > /dev/null 2>&1 # task_500,Benign
"grep -r ""ERROR"" /var/log/ > /dev/null 2>&1 # task_467",Benign
kubectl get deployments -n production -o wide,Benign
Get-EventLog -LogName System | Where-Object {$_.Status -eq 'Running'},Benign
tar -czf /tmp/backup.tar.gz /var/log > /dev/null 2>&1 # task_203,Benign
terraform init -upgrade,Benign
cat /var/log/syslog | grep 'systemd' | tail -n 79,Benign
git commit -m 'Fixed weight loading issue in engine.py - issue #8602',Benign
git commit -m 'Fixed weight loading issue in engine.py - issue #9393',Benign
git commit -m 'Fixed weight loading issue in engine.py - issue #4884',Benign
Get-Content | Where-Object {$_.Status -eq 'Running'},Benign
Get-EventLog -LogName System | Where-Object {$_.Status -eq 'Running'},Benign
powershell -ExecutionPolicy Restricted -File C:\Scripts\maintenance_48.ps1,Benign
powershell -ExecutionPolicy Restricted -File C:\Scripts\maintenance_100.ps1,Benign
cat /var/log/syslog | grep 'systemd' | tail -n 25,Benign
Get-Service | Sort-Object -Descending,Benign
terraform init -upgrade,Benign
kubectl get deployments -n staging -o wide,Benign
systemctl status nginx > /dev/null 2>&1 # task_204,Benign
"grep -r ""ERROR"" /var/log/ > /dev/null 2>&1 # task_229",Benign
git commit -m 'Fixed weight loading issue in engine.py - issue #8141',Benign
Get-ADUser | % { $_.Name },Benign
cat /var/log/syslog | grep 'systemd' | tail -n 45,Benign
git commit -m 'Fixed weight loading issue in engine.py - issue #7934',Benign
Get-Service | % { $_.Name },Benign
Get-EventLog -LogName System | % { $_.Name },Benign
kubectl get deployments -n monitoring --watch,Benign
powershell -ep Restricted -File C:\Scripts\maintenance_100.ps1,Benign
terraform destroy -auto-approve,Benign
terraform init -upgrade,Benign
Get-Process | Where-Object {$_.Status -eq 'Running'},Benign
Get-EventLog -LogName System | % { $_.Name },Benign
git commit -m 'Fixed weight loading issue in engine.py - issue #4533',Benign
powershell -ExecutionPolicy AllSigned -File C:\Scripts\maintenance_66.ps1,Benign
tar -czf /tmp/backup.tar.gz /var/log > /dev/null 2>&1 # task_753,Benign
systemctl status nginx > /dev/null 2>&1 # task_700,Benign
cat /var/log/syslog | grep 'systemd' | tail -n 38,Benign
terraform apply -auto-approve,Benign
terraform init -upgrade,Benign
cat /var/log/syslog | grep 'systemd' | tail -n 74,Benign
Get-Service | % { $_.Name },Benign
"grep -r ""ERROR"" /var/log/ > /dev/null 2>&1 # task_598",Benign
kubectl get deployments -n dev -o wide,Benign
cat /var/log/syslog | grep 'systemd' | tail -n 65,Benign
Get-Content | Where-Object {$_.Status -eq 'Running'},Benign
kubectl get nodes -n monitoring -o wide,Benign
"Get-Content | Select-Object Name, Id",Benign
git commit -m 'Fixed weight loading issue in engine.py - issue #5687',Benign
terraform plan -out=tfplan,Benign
cat /var/log/syslog | grep 'systemd' | tail -n 81,Benign
powershell -ExecutionPolicy AllSigned -File C:\Scripts\maintenance_18.ps1,Benign
kubectl get services -n staging --watch,Benign
tar -czf /tmp/backup.tar.gz /var/log > /dev/null 2>&1 # task_274,Benign
cat /var/log/syslog | grep 'systemd' | tail -n 41,Benign
kubectl get configmaps -n kube-system -o wide,Benign
git commit -m 'Fixed weight loading issue in engine.py - issue #4480',Benign
powershell -ExecutionPolicy AllSigned -File C:\Scripts\maintenance_27.ps1,Benign
powershell -ExecutionPolicy Restricted -File C:\Scripts\maintenance_79.ps1,Benign
kubectl get deployments -n kube-system --watch,Benign
git commit -m 'Fixed weight loading issue in engine.py - issue #4197',Benign
powershell -ExecutionPolicy AllSigned -File C:\Scripts\maintenance_3.ps1,Benign
cat /var/log/syslog | grep 'systemd' | tail -n 44,Benign
cat /var/log/syslog | grep 'systemd' | tail -n 71,Benign
"Get-Service | Select-Object Name, Id",Benign
"grep -r ""ERROR"" /var/log/ > /dev/null 2>&1 # task_929",Benign
cat /var/log/syslog | grep 'systemd' | tail -n 14,Benign
"grep -r ""ERROR"" /var/log/ > /dev/null 2>&1 # task_561",Benign
powershell -ExecutionPolicy AllSigned -File C:\Scripts\maintenance_10.ps1,Benign
git commit -m 'Fixed weight loading issue in engine.py - issue #1825',Benign
cat /var/log/syslog | grep 'systemd' | tail -n 58,Benign
git commit -m 'Fixed weight loading issue in engine.py - issue #9617',Benign
terraform destroy -auto-approve,Benign
tar -czf /tmp/backup.tar.gz /var/log > /dev/null 2>&1 # task_977,Benign
git commit -m 'Fixed weight loading issue in engine.py - issue #6496',Benign
git commit -m 'Fixed weight loading issue in engine.py - issue #2787',Benign
powershell -ExecutionPolicy AllSigned -File C:\Scripts\maintenance_52.ps1,Benign
git commit -m 'Fixed weight loading issue in engine.py - issue #6347',Benign
git commit -m 'Fixed weight loading issue in engine.py - issue #7258',Benign
terraform plan -out=tfplan,Benign
terraform plan -out=tfplan,Benign
"grep -r ""ERROR"" /var/log/ > /dev/null 2>&1 # task_827",Benign
tar -czf /tmp/backup.tar.gz /var/log > /dev/null 2>&1 # task_120,Benign
kubectl get nodes -n kube-system -o wide,Benign
kubectl get configmaps -n staging --watch,Benign
git commit -m 'Fixed weight loading issue in engine.py - issue #4440',Benign
systemctl status nginx > /dev/null 2>&1 # task_537,Benign
cat /var/log/syslog | grep 'systemd' | tail -n 80,Benign
Get-Service | % { $_.Name },Benign
git commit -m 'Fixed weight loading issue in engine.py - issue #1304',Benign
kubectl get pods -n staging -o wide,Benign
git commit -m 'Fixed weight loading issue in engine.py - issue #4364',Benign
powershell -ExecutionPolicy Restricted -File C:\Scripts\maintenance_98.ps1,Benign
Get-EventLog -LogName System | % { $_.Name },Benign
Get-Service | % { $_.Name },Benign
git commit -m 'Fixed weight loading issue in engine.py - issue #1957',Benign
terraform apply -auto-approve,Benign
Get-Content | % { $_.Name },Benign
kubectl get pods -n kube-system --watch,Benign
powershell -ExecutionPolicy Restricted -File C:\Scripts\maintenance_56.ps1,Benign
powershell -ep Restricted -File C:\Scripts\maintenance_33.ps1,Benign
systemctl status nginx > /dev/null 2>&1 # task_506,Benign
powershell -ExecutionPolicy Restricted -File C:\Scripts\maintenance_98.ps1,Benign
kubectl get nodes -n staging -o wide,Benign
Get-Process | Sort-Object -Descending,Benign
kubectl get pods -n staging -o wide,Benign
terraform plan -out=tfplan,Benign
git commit -m 'Fixed weight loading issue in engine.py - issue #2892',Benign
terraform plan -out=tfplan,Benign
"grep -r ""ERROR"" /var/log/ > /dev/null 2>&1 # task_545",Benign
kubectl get pods -n production --watch,Benign
cat /var/log/syslog | grep 'systemd' | tail -n 38,Benign
cat /var/log/syslog | grep 'systemd' | tail -n 35,Benign
git commit -m 'Fixed weight loading issue in engine.py - issue #7533',Benign
"grep -r ""ERROR"" /var/log/ > /dev/null 2>&1 # task_950",Benign
powershell -ep Restricted -File C:\Scripts\maintenance_23.ps1,Benign
git commit -m 'Fixed weight loading issue in engine.py - issue #6722',Benign
terraform plan -out=tfplan,Benign
terraform init -upgrade,Benign
cat /var/log/syslog | grep 'systemd' | tail -n 28,Benign
git commit -m 'Fixed weight loading issue in engine.py - issue #2208',Benign
powershell -ep Restricted -File C:\Scripts\maintenance_86.ps1,Benign
Get-Service | % { $_.Name },Benign
cat /var/log/syslog | grep 'systemd' | tail -n 53,Benign
powershell -ExecutionPolicy Restricted -File C:\Scripts\maintenance_10.ps1,Benign
git commit -m 'Fixed weight loading issue in engine.py - issue #1292',Benign
kubectl get services -n dev -o wide,Benign
tar -czf /tmp/backup.tar.gz /var/log > /dev/null 2>&1 # task_767,Benign
kubectl get pods -n production --watch,Benign
terraform init -upgrade,Benign
git commit -m 'Fixed weight loading issue in engine.py - issue #2529',Benign
Get-Process | Sort-Object -Descending,Benign
git commit -m 'Fixed weight loading issue in engine.py - issue #5731',Benign
"grep -r ""ERROR"" /var/log/ > /dev/null 2>&1 # task_249",Benign
Get-ADUser | Where-Object {$_.Status -eq 'Running'},Benign
Get-EventLog -LogName System | Sort-Object -Descending,Benign
Get-Process | Sort-Object -Descending,Benign
tar -czf /tmp/backup.tar.gz /var/log > /dev/null 2>&1 # task_786,Benign
cat /var/log/syslog | grep 'systemd' | tail -n 72,Benign
Get-Process | % { $_.Name },Benign
kubectl get configmaps -n dev --watch,Benign
terraform destroy -auto-approve,Benign
powershell -ExecutionPolicy Restricted -File C:\Scripts\maintenance_59.ps1,Benign
kubectl get configmaps -n kube-system -o wide,Benign
"grep -r ""ERROR"" /var/log/ > /dev/null 2>&1 # task_726",Benign
tar -czf /tmp/backup.tar.gz /var/log > /dev/null 2>&1 # task_424,Benign
cat /var/log/syslog | grep 'systemd' | tail -n 79,Benign
kubectl get services -n dev -o wide,Benign
Get-ADUser | Where-Object {$_.Status -eq 'Running'},Benign
tar -czf /tmp/backup.tar.gz /var/log > /dev/null 2>&1 # task_211,Benign
terraform apply -auto-approve,Benign
terraform init -upgrade,Benign
"Get-ADUser | Select-Object Name, Id",Benign
Get-EventLog -LogName System | Sort-Object -Descending,Benign
kubectl get services -n kube-system --watch,Benign
powershell -ep Restricted -File C:\Scripts\maintenance_5.ps1,Benign
git commit -m 'Fixed weight loading issue in engine.py - issue #7948',Benign
powershell -ExecutionPolicy Restricted -File C:\Scripts\maintenance_36.ps1,Benign
git commit -m 'Fixed weight loading issue in engine.py - issue #5302',Benign
powershell -ExecutionPolicy Restricted -File C:\Scripts\maintenance_27.ps1,Benign
git commit -m 'Fixed weight loading issue in engine.py - issue #8944',Benign
terraform apply -auto-approve,Benign
git commit -m 'Fixed weight loading issue in engine.py - issue #6010',Benign
powershell -ExecutionPolicy AllSigned -File C:\Scripts\maintenance_74.ps1,Benign
tar -czf /tmp/backup.tar.gz /var/log > /dev/null 2>&1 # task_236,Benign
terraform destroy -auto-approve,Benign
cat /var/log/syslog | grep 'systemd' | tail -n 91,Benign
powershell -ExecutionPolicy AllSigned -File C:\Scripts\maintenance_43.ps1,Benign
"Get-EventLog -LogName System | Select-Object Name, Id",Benign
terraform apply -auto-approve,Benign
powershell -ExecutionPolicy AllSigned -File C:\Scripts\maintenance_67.ps1,Benign
git commit -m 'Fixed weight loading issue in engine.py - issue #2115',Benign
Get-EventLog -LogName System | Sort-Object -Descending,Benign
terraform plan -out=tfplan,Benign
kubectl get services -n production --watch,Benign
powershell -ep Restricted -File C:\Scripts\maintenance_71.ps1,Benign
powershell -ExecutionPolicy Restricted -File C:\Scripts\maintenance_85.ps1,Benign
Get-Process | Where-Object {$_.Status -eq 'Running'},Benign
powershell -ExecutionPolicy Restricted -File C:\Scripts\maintenance_72.ps1,Benign
powershell -ExecutionPolicy AllSigned -File C:\Scripts\maintenance_33.ps1,Benign
terraform plan -out=tfplan,Benign
powershell -ExecutionPolicy Restricted -File C:\Scripts\maintenance_77.ps1,Benign
Get-EventLog -LogName System | % { $_.Name },Benign
git commit -m 'Fixed weight loading issue in engine.py - issue #8172',Benign
terraform apply -auto-approve,Benign
cat /var/log/syslog | grep 'systemd' | tail -n 74,Benign
terraform init -upgrade,Benign
terraform init -upgrade,Benign
Get-Process | % { $_.Name },Benign
tar -czf /tmp/backup.tar.gz /var/log > /dev/null 2>&1 # task_479,Benign
powershell -ep Restricted -File C:\Scripts\maintenance_13.ps1,Benign
powershell -ExecutionPolicy AllSigned -File C:\Scripts\maintenance_86.ps1,Benign
kubectl get configmaps -n production -o wide,Benign
Get-EventLog -LogName System | Sort-Object -Descending,Benign
systemctl status nginx > /dev/null 2>&1 # task_647,Benign
git commit -m 'Fixed weight loading issue in engine.py - issue #2974',Benign
kubectl get services -n staging -o wide,Benign
tar -czf /tmp/backup.tar.gz /var/log > /dev/null 2>&1 # task_121,Benign
cat /var/log/syslog | grep 'systemd' | tail -n 48,Benign
kubectl get deployments -n kube-system -o wide,Benign
powershell -ep Restricted -File C:\Scripts\maintenance_15.ps1,Benign
terraform plan -out=tfplan,Benign
Get-Process | Sort-Object -Descending,Benign
git commit -m 'Fixed weight loading issue in engine.py - issue #7357',Benign
terraform destroy -auto-approve,Benign
git commit -m 'Fixed weight loading issue in engine.py - issue #3089',Benign
terraform init -upgrade,Benign
kubectl get services -n kube-system -o wide,Benign
terraform init -upgrade,Benign
kubectl get deployments -n dev --watch,Benign
terraform plan -out=tfplan,Benign
kubectl get pods -n monitoring -o wide,Benign
"grep -r ""ERROR"" /var/log/ > /dev/null 2>&1 # task_471",Benign
terraform destroy -auto-approve,Benign
cat /var/log/syslog | grep 'systemd' | tail -n 92,Benign
"Get-Content | Select-Object Name, Id",Benign
terraform apply -auto-approve,Benign
terraform destroy -auto-approve,Benign
cat /var/log/syslog | grep 'systemd' | tail -n 76,Benign
kubectl get configmaps -n dev --watch,Benign
kubectl get configmaps -n monitoring --watch,Benign
kubectl get deployments -n dev --watch,Benign
tar -czf /tmp/backup.tar.gz /var/log > /dev/null 2>&1 # task_197,Benign
tar -czf /tmp/backup.tar.gz /var/log > /dev/null 2>&1 # task_296,Benign
terraform destroy -auto-approve,Benign
Get-Service | % { $_.Name },Benign
"Get-ADUser | Select-Object Name, Id",Benign
cat /var/log/syslog | grep 'systemd' | tail -n 58,Benign
cat /var/log/syslog | grep 'systemd' | tail -n 52,Benign
"Get-Process | Select-Object Name, Id",Benign
cat /var/log/syslog | grep 'systemd' | tail -n 24,Benign
"grep -r ""ERROR"" /var/log/ > /dev/null 2>&1 # task_400",Benign
git commit -m 'Fixed weight loading issue in engine.py - issue #1564',Benign
cat /var/log/syslog | grep 'systemd' | tail -n 89,Benign
git commit -m 'Fixed weight loading issue in engine.py - issue #1032',Benign
Get-EventLog -LogName System | Sort-Object -Descending,Benign
tar -czf /tmp/backup.tar.gz /var/log > /dev/null 2>&1 # task_115,Benign
terraform destroy -auto-approve,Benign
git commit -m 'Fixed weight loading issue in engine.py - issue #8233',Benign
cat /var/log/syslog | grep 'systemd' | tail -n 36,Benign
kubectl get deployments -n dev --watch,Benign
terraform init -upgrade,Benign
cat /var/log/syslog | grep 'systemd' | tail -n 14,Benign
kubectl get pods -n staging -o wide,Benign
kubectl get pods -n monitoring --watch,Benign
kubectl get services -n kube-system --watch,Benign
powershell -ExecutionPolicy Restricted -File C:\Scripts\maintenance_26.ps1,Benign
powershell -ep Restricted -File C:\Scripts\maintenance_33.ps1,Benign
"grep -r ""ERROR"" /var/log/ > /dev/null 2>&1 # task_115",Benign
git commit -m 'Fixed weight loading issue in engine.py - issue #7168',Benign
cat /var/log/syslog | grep 'systemd' | tail -n 23,Benign
git commit -m 'Fixed weight loading issue in engine.py - issue #5549',Benign
terraform apply -auto-approve,Benign
"Get-Service | Select-Object Name, Id",Benign
kubectl get services -n dev --watch,Benign
cat /var/log/syslog | grep 'systemd' | tail -n 56,Benign
git commit -m 'Fixed weight loading issue in engine.py - issue #5531',Benign
powershell -ExecutionPolicy AllSigned -File C:\Scripts\maintenance_14.ps1,Benign
Get-EventLog -LogName System | Sort-Object -Descending,Benign
git commit -m 'Fixed weight loading issue in engine.py - issue #3984',Benign
terraform init -upgrade,Benign
"grep -r ""ERROR"" /var/log/ > /dev/null 2>&1 # task_859",Benign
powershell -ep Restricted -File C:\Scripts\maintenance_53.ps1,Benign
git commit -m 'Fixed weight loading issue in engine.py - issue #4314',Benign
powershell -ExecutionPolicy AllSigned -File C:\Scripts\maintenance_44.ps1,Benign
cat /var/log/syslog | grep 'systemd' | tail -n 78,Benign
powershell -ExecutionPolicy Restricted -File C:\Scripts\maintenance_39.ps1,Benign
kubectl get services -n monitoring -o wide,Benign
kubectl get deployments -n production -o wide,Benign
Get-Service | Sort-Object -Descending,Benign
systemctl status nginx > /dev/null 2>&1 # task_521,Benign
cat /var/log/syslog | grep 'systemd' | tail -n 16,Benign
git commit -m 'Fixed weight loading issue in engine.py - issue #1857',Benign
git commit -m 'Fixed weight loading issue in engine.py - issue #3227',Benign
cat /var/log/syslog | grep 'systemd' | tail -n 65,Benign
cat /var/log/syslog | grep 'systemd' | tail -n 90,Benign
powershell -ep Restricted -File C:\Scripts\maintenance_53.ps1,Benign
kubectl get services -n production --watch,Benign
terraform plan -out=tfplan,Benign
powershell -ExecutionPolicy AllSigned -File C:\Scripts\maintenance_89.ps1,Benign
kubectl get pods -n production --watch,Benign
terraform destroy -auto-approve,Benign
powershell -ExecutionPolicy Restricted -File C:\Scripts\maintenance_19.ps1,Benign
"Get-Content | Select-Object Name, Id",Benign
powershell -ep Restricted -File C:\Scripts\maintenance_90.ps1,Benign
powershell -ExecutionPolicy AllSigned -File C:\Scripts\maintenance_5.ps1,Benign
terraform apply -auto-approve,Benign
kubectl get services -n kube-system --watch,Benign
tar -czf /tmp/backup.tar.gz /var/log > /dev/null 2>&1 # task_456,Benign
powershell -ExecutionPolicy Restricted -File C:\Scripts\maintenance_10.ps1,Benign
cat /var/log/syslog | grep 'systemd' | tail -n 99,Benign
tar -czf /tmp/backup.tar.gz /var/log > /dev/null 2>&1 # task_758,Benign
powershell -ExecutionPolicy Restricted -File C:\Scripts\maintenance_99.ps1,Benign
kubectl get configmaps -n dev -o wide,Benign
cat /var/log/syslog | grep 'systemd' | tail -n 98,Benign
powershell -ExecutionPolicy Restricted -File C:\Scripts\maintenance_98.ps1,Benign
terraform destroy -auto-approve,Benign
git commit -m 'Fixed weight loading issue in engine.py - issue #7427',Benign
git commit -m 'Fixed weight loading issue in engine.py - issue #3238',Benign
powershell -ExecutionPolicy Restricted -File C:\Scripts\maintenance_94.ps1,Benign
git commit -m 'Fixed weight loading issue in engine.py - issue #2294',Benign
powershell -ExecutionPolicy Restricted -File C:\Scripts\maintenance_95.ps1,Benign
git commit -m 'Fixed weight loading issue in engine.py - issue #9208',Benign
terraform plan -out=tfplan,Benign
Get-Content | Sort-Object -Descending,Benign
cat /var/log/syslog | grep 'systemd' | tail -n 46,Benign
cat /var/log/syslog | grep 'systemd' | tail -n 99,Benign
git commit -m 'Fixed weight loading issue in engine.py - issue #3750',Benign
kubectl get pods -n production -o wide,Benign
kubectl get deployments -n staging -o wide,Benign
git commit -m 'Fixed weight loading issue in engine.py - issue #9099',Benign
terraform apply -auto-approve,Benign
cat /var/log/syslog | grep 'systemd' | tail -n 81,Benign
git commit -m 'Fixed weight loading issue in engine.py - issue #9842',Benign
"grep -r ""ERROR"" /var/log/ > /dev/null 2>&1 # task_934",Benign
"grep -r ""ERROR"" /var/log/ > /dev/null 2>&1 # task_709",Benign
git commit -m 'Fixed weight loading issue in engine.py - issue #7475',Benign
cat /var/log/syslog | grep 'systemd' | tail -n 32,Benign
kubectl get services -n staging --watch,Benign
git commit -m 'Fixed weight loading issue in engine.py - issue #3679',Benign
Get-Content | Where-Object {$_.Status -eq 'Running'},Benign
kubectl get pods -n monitoring --watch,Benign
terraform apply -auto-approve,Benign
Get-EventLog -LogName System | Sort-Object -Descending,Benign
cat /var/log/syslog | grep 'systemd' | tail -n 93,Benign
cat /var/log/syslog | grep 'systemd' | tail -n 37,Benign
kubectl get configmaps -n dev -o wide,Benign
powershell -ep Restricted -File C:\Scripts\maintenance_46.ps1,Benign
git commit -m 'Fixed weight loading issue in engine.py - issue #1089',Benign
git commit -m 'Fixed weight loading issue in engine.py - issue #6589',Benign
"Get-Service | Select-Object Name, Id",Benign
terraform init -upgrade,Benign
git commit -m 'Fixed weight loading issue in engine.py - issue #2828',Benign
tar -czf /tmp/backup.tar.gz /var/log > /dev/null 2>&1 # task_561,Benign
terraform init -upgrade,Benign
kubectl get services -n kube-system -o wide,Benign
terraform plan -out=tfplan,Benign
git commit -m 'Fixed weight loading issue in engine.py - issue #8857',Benign
kubectl get nodes -n staging --watch,Benign
git commit -m 'Fixed weight loading issue in engine.py - issue #6253',Benign
kubectl get deployments -n production -o wide,Benign
cat /var/log/syslog | grep 'systemd' | tail -n 40,Benign
git commit -m 'Fixed weight loading issue in engine.py - issue #5300',Benign
Get-ADUser | % { $_.Name },Benign
kubectl get deployments -n kube-system --watch,Benign
tar -czf /tmp/backup.tar.gz /var/log > /dev/null 2>&1 # task_434,Benign
terraform apply -auto-approve,Benign
git commit -m 'Fixed weight loading issue in engine.py - issue #3337',Benign
git commit -m 'Fixed weight loading issue in engine.py - issue #2017',Benign
cat /var/log/syslog | grep 'systemd' | tail -n 18,Benign
cat /var/log/syslog | grep 'systemd' | tail -n 83,Benign
Get-Service | Sort-Object -Descending,Benign
tar -czf /tmp/backup.tar.gz /var/log > /dev/null 2>&1 # task_259,Benign
cat /var/log/syslog | grep 'systemd' | tail -n 46,Benign
git commit -m 'Fixed weight loading issue in engine.py - issue #4108',Benign
git commit -m 'Fixed weight loading issue in engine.py - issue #8093',Benign
powershell -ExecutionPolicy AllSigned -File C:\Scripts\maintenance_80.ps1,Benign
"Get-ADUser | Select-Object Name, Id",Benign
"grep -r ""ERROR"" /var/log/ > /dev/null 2>&1 # task_572",Benign
cat /var/log/syslog | grep 'systemd' | tail -n 97,Benign
powershell -ep Restricted -File C:\Scripts\maintenance_53.ps1,Benign
Get-Content | Where-Object {$_.Status -eq 'Running'},Benign
powershell -ep Restricted -File C:\Scripts\maintenance_78.ps1,Benign
git commit -m 'Fixed weight loading issue in engine.py - issue #4220',Benign
tar -czf /tmp/backup.tar.gz /var/log > /dev/null 2>&1 # task_145,Benign
terraform apply -auto-approve,Benign
systemctl status nginx > /dev/null 2>&1 # task_974,Benign
"grep -r ""ERROR"" /var/log/ > /dev/null 2>&1 # task_777",Benign
Get-EventLog -LogName System | Where-Object {$_.Status -eq 'Running'},Benign
kubectl get services -n monitoring --watch,Benign
terraform init -upgrade,Benign
tar -czf /tmp/backup.tar.gz /var/log > /dev/null 2>&1 # task_134,Benign
powershell -ExecutionPolicy AllSigned -File C:\Scripts\maintenance_81.ps1,Benign
git commit -m 'Fixed weight loading issue in engine.py - issue #7778',Benign
git commit -m 'Fixed weight loading issue in engine.py - issue #9016',Benign
Get-Content | Where-Object {$_.Status -eq 'Running'},Benign
terraform destroy -auto-approve,Benign
powershell -ExecutionPolicy AllSigned -File C:\Scripts\maintenance_44.ps1,Benign
kubectl get nodes -n production -o wide,Benign
git commit -m 'Fixed weight loading issue in engine.py - issue #2019',Benign
"Get-Service | Select-Object Name, Id",Benign
cat /var/log/syslog | grep 'systemd' | tail -n 94,Benign
"Get-EventLog -LogName System | Select-Object Name, Id",Benign
powershell -ExecutionPolicy Restricted -File C:\Scripts\maintenance_43.ps1,Benign
powershell -ep Restricted -File C:\Scripts\maintenance_87.ps1,Benign
kubectl get configmaps -n production --watch,Benign
git commit -m 'Fixed weight loading issue in engine.py - issue #2734',Benign
powershell -ExecutionPolicy AllSigned -File C:\Scripts\maintenance_45.ps1,Benign
git commit -m 'Fixed weight loading issue in engine.py - issue #8634',Benign
git commit -m 'Fixed weight loading issue in engine.py - issue #5368',Benign
cat /var/log/syslog | grep 'systemd' | tail -n 33,Benign
powershell -ep Restricted -File C:\Scripts\maintenance_89.ps1,Benign
terraform plan -out=tfplan,Benign
cat /var/log/syslog | grep 'systemd' | tail -n 93,Benign
tar -czf /tmp/backup.tar.gz /var/log > /dev/null 2>&1 # task_168,Benign
Get-Content | % { $_.Name },Benign
cat /var/log/syslog | grep 'systemd' | tail -n 41,Benign
"Get-ADUser | Select-Object Name, Id",Benign
git commit -m 'Fixed weight loading issue in engine.py - issue #9411',Benign
"Get-Content | Select-Object Name, Id",Benign
kubectl get pods -n staging --watch,Benign
"grep -r ""ERROR"" /var/log/ > /dev/null 2>&1 # task_547",Benign
git commit -m 'Fixed weight loading issue in engine.py - issue #2976',Benign
Get-ADUser | % { $_.Name },Benign
cat /var/log/syslog | grep 'systemd' | tail -n 43,Benign
terraform apply -auto-approve,Benign
powershell -ExecutionPolicy AllSigned -File C:\Scripts\maintenance_4.ps1,Benign
terraform apply -auto-approve,Benign
git commit -m 'Fixed weight loading issue in engine.py - issue #9572',Benign
terraform destroy -auto-approve,Benign
kubectl get nodes -n monitoring -o wide,Benign
Get-Process | Sort-Object -Descending,Benign
kubectl get nodes -n kube-system --watch,Benign
powershell -ExecutionPolicy Restricted -File C:\Scripts\maintenance_49.ps1,Benign
cat /var/log/syslog | grep 'systemd' | tail -n 83,Benign
Get-ADUser | % { $_.Name },Benign
kubectl get nodes -n monitoring -o wide,Benign
kubectl get services -n production -o wide,Benign
git commit -m 'Fixed weight loading issue in engine.py - issue #1452',Benign
systemctl status nginx > /dev/null 2>&1 # task_229,Benign
git commit -m 'Fixed weight loading issue in engine.py - issue #7197',Benign
terraform init -upgrade,Benign
"grep -r ""ERROR"" /var/log/ > /dev/null 2>&1 # task_768",Benign
Get-Service | Where-Object {$_.Status -eq 'Running'},Benign
git commit -m 'Fixed weight loading issue in engine.py - issue #6601',Benign
Get-Process | Sort-Object -Descending,Benign
tar -czf /tmp/backup.tar.gz /var/log > /dev/null 2>&1 # task_284,Benign
terraform plan -out=tfplan,Benign
kubectl get nodes -n production --watch,Benign
terraform apply -auto-approve,Benign
cat /var/log/syslog | grep 'systemd' | tail -n 47,Benign
"grep -r ""ERROR"" /var/log/ > /dev/null 2>&1 # task_158",Benign
powershell -ExecutionPolicy Restricted -File C:\Scripts\maintenance_26.ps1,Benign
powershell -ExecutionPolicy AllSigned -File C:\Scripts\maintenance_98.ps1,Benign
git commit -m 'Fixed weight loading issue in engine.py - issue #2620',Benign
cat /var/log/syslog | grep 'systemd' | tail -n 52,Benign
powershell -ep Restricted -File C:\Scripts\maintenance_90.ps1,Benign
cat /var/log/syslog | grep 'systemd' | tail -n 23,Benign
tar -czf /tmp/backup.tar.gz /var/log > /dev/null 2>&1 # task_867,Benign
Get-EventLog -LogName System | Sort-Object -Descending,Benign
git commit -m 'Fixed weight loading issue in engine.py - issue #6530',Benign
"grep -r ""ERROR"" /var/log/ > /dev/null 2>&1 # task_703",Benign
powershell -ExecutionPolicy Restricted -File C:\Scripts\maintenance_87.ps1,Benign
"Get-Service | Select-Object Name, Id",Benign
kubectl get services -n production --watch,Benign
Get-EventLog -LogName System | Sort-Object -Descending,Benign
powershell -ep Restricted -File C:\Scripts\maintenance_2.ps1,Benign
cat /var/log/syslog | grep 'systemd' | tail -n 66,Benign
kubectl get services -n production -o wide,Benign
Get-EventLog -LogName System | % { $_.Name },Benign
kubectl get deployments -n staging --watch,Benign
systemctl status nginx > /dev/null 2>&1 # task_559,Benign
cat /var/log/syslog | grep 'systemd' | tail -n 77,Benign
kubectl get services -n monitoring -o wide,Benign
Get-ADUser | % { $_.Name },Benign
cat /var/log/syslog | grep 'systemd' | tail -n 92,Benign
powershell -ExecutionPolicy Restricted -File C:\Scripts\maintenance_87.ps1,Benign
"Get-Content | Select-Object Name, Id",Benign
Get-Content | Sort-Object -Descending,Benign
Get-EventLog -LogName System | Where-Object {$_.Status -eq 'Running'},Benign
kubectl get pods -n monitoring -o wide,Benign
cat /var/log/syslog | grep 'systemd' | tail -n 22,Benign
tar -czf /tmp/backup.tar.gz /var/log > /dev/null 2>&1 # task_433,Benign
tar -czf /tmp/backup.tar.gz /var/log > /dev/null 2>&1 # task_979,Benign
terraform destroy -auto-approve,Benign
terraform plan -out=tfplan,Benign
git commit -m 'Fixed weight loading issue in engine.py - issue #4901',Benign
kubectl get services -n monitoring --watch,Benign
"Get-Content | Select-Object Name, Id",Benign
Get-Process | Sort-Object -Descending,Benign
powershell -ep Restricted -File C:\Scripts\maintenance_53.ps1,Benign
terraform apply -auto-approve,Benign
cat /var/log/syslog | grep 'systemd' | tail -n 51,Benign
"Get-Content | Select-Object Name, Id",Benign
terraform destroy -auto-approve,Benign
kubectl get configmaps -n dev -o wide,Benign
Get-ADUser | Sort-Object -Descending,Benign
git commit -m 'Fixed weight loading issue in engine.py - issue #3847',Benign
git commit -m 'Fixed weight loading issue in engine.py - issue #9934',Benign
cat /var/log/syslog | grep 'systemd' | tail -n 10,Benign
Get-Service | Sort-Object -Descending,Benign
"grep -r ""ERROR"" /var/log/ > /dev/null 2>&1 # task_417",Benign
"grep -r ""ERROR"" /var/log/ > /dev/null 2>&1 # task_309",Benign
tar -czf /tmp/backup.tar.gz /var/log > /dev/null 2>&1 # task_180,Benign
git commit -m 'Fixed weight loading issue in engine.py - issue #9490',Benign
git commit -m 'Fixed weight loading issue in engine.py - issue #1574',Benign
cat /var/log/syslog | grep 'systemd' | tail -n 29,Benign
kubectl get nodes -n kube-system --watch,Benign
cat /var/log/syslog | grep 'systemd' | tail -n 76,Benign
powershell -ExecutionPolicy Restricted -File C:\Scripts\maintenance_56.ps1,Benign
git commit -m 'Fixed weight loading issue in engine.py - issue #1664',Benign
powershell -ExecutionPolicy AllSigned -File C:\Scripts\maintenance_5.ps1,Benign
git commit -m 'Fixed weight loading issue in engine.py - issue #3048',Benign
"Get-ADUser | Select-Object Name, Id",Benign
Get-EventLog -LogName System | Where-Object {$_.Status -eq 'Running'},Benign
tar -czf /tmp/backup.tar.gz /var/log > /dev/null 2>&1 # task_306,Benign
terraform destroy -auto-approve,Benign
kubectl get nodes -n kube-system --watch,Benign
cat /var/log/syslog | grep 'systemd' | tail -n 97,Benign
kubectl get services -n monitoring -o wide,Benign
powershell -ep Restricted -File C:\Scripts\maintenance_29.ps1,Benign
systemctl status nginx > /dev/null 2>&1 # task_573,Benign
git commit -m 'Fixed weight loading issue in engine.py - issue #7449',Benign
"grep -r ""ERROR"" /var/log/ > /dev/null 2>&1 # task_174",Benign
Get-Process | % { $_.Name },Benign
terraform destroy -auto-approve,Benign
"grep -r ""ERROR"" /var/log/ > /dev/null 2>&1 # task_244",Benign
cat /var/log/syslog | grep 'systemd' | tail -n 11,Benign
git commit -m 'Fixed weight loading issue in engine.py - issue #6836',Benign
powershell -ExecutionPolicy Restricted -File C:\Scripts\maintenance_55.ps1,Benign
terraform apply -auto-approve,Benign
powershell -ep Restricted -File C:\Scripts\maintenance_65.ps1,Benign
"grep -r ""ERROR"" /var/log/ > /dev/null 2>&1 # task_304",Benign
terraform apply -auto-approve,Benign
powershell -ep Restricted -File C:\Scripts\maintenance_71.ps1,Benign
terraform init -upgrade,Benign
powershell -ExecutionPolicy AllSigned -File C:\Scripts\maintenance_13.ps1,Benign
terraform plan -out=tfplan,Benign
terraform apply -auto-approve,Benign
git commit -m 'Fixed weight loading issue in engine.py - issue #2119',Benign
git commit -m 'Fixed weight loading issue in engine.py - issue #3747',Benign
"grep -r ""ERROR"" /var/log/ > /dev/null 2>&1 # task_576",Benign
powershell -ExecutionPolicy Restricted -File C:\Scripts\maintenance_12.ps1,Benign
git commit -m 'Fixed weight loading issue in engine.py - issue #8904',Benign
cat /var/log/syslog | grep 'systemd' | tail -n 86,Benign
terraform init -upgrade,Benign
cat /var/log/syslog | grep 'systemd' | tail -n 75,Benign
kubectl get configmaps -n staging -o wide,Benign
kubectl get deployments -n monitoring --watch,Benign
Get-Process | Sort-Object -Descending,Benign
"Get-EventLog -LogName System | Select-Object Name, Id",Benign
Get-EventLog -LogName System | Where-Object {$_.Status -eq 'Running'},Benign
Get-Service | Where-Object {$_.Status -eq 'Running'},Benign
"Get-Process | Select-Object Name, Id",Benign
terraform destroy -auto-approve,Benign
kubectl get nodes -n monitoring -o wide,Benign
kubectl get pods -n production -o wide,Benign
cat /var/log/syslog | grep 'systemd' | tail -n 53,Benign
terraform destroy -auto-approve,Benign
systemctl status nginx > /dev/null 2>&1 # task_442,Benign
kubectl get deployments -n monitoring -o wide,Benign
cat /var/log/syslog | grep 'systemd' | tail -n 11,Benign
git commit -m 'Fixed weight loading issue in engine.py - issue #3995',Benign
tar -czf /tmp/backup.tar.gz /var/log > /dev/null 2>&1 # task_678,Benign
powershell -ep Restricted -File C:\Scripts\maintenance_3.ps1,Benign
cat /var/log/syslog | grep 'systemd' | tail -n 14,Benign
"Get-Service | Select-Object Name, Id",Benign
git commit -m 'Fixed weight loading issue in engine.py - issue #6173',Benign
kubectl get deployments -n staging --watch,Benign
git commit -m 'Fixed weight loading issue in engine.py - issue #5316',Benign
Get-EventLog -LogName System | Sort-Object -Descending,Benign
"Get-ADUser | Select-Object Name, Id",Benign
terraform plan -out=tfplan,Benign
terraform destroy -auto-approve,Benign
git commit -m 'Fixed weight loading issue in engine.py - issue #3851',Benign
tar -czf /tmp/backup.tar.gz /var/log > /dev/null 2>&1 # task_949,Benign
terraform init -upgrade,Benign
powershell -ep Restricted -File C:\Scripts\maintenance_12.ps1,Benign
powershell -ExecutionPolicy AllSigned -File C:\Scripts\maintenance_46.ps1,Benign
powershell -ep Restricted -File C:\Scripts\maintenance_6.ps1,Benign
powershell -ep Restricted -File C:\Scripts\maintenance_78.ps1,Benign
powershell -ep Restricted -File C:\Scripts\maintenance_75.ps1,Benign
systemctl status nginx > /dev/null 2>&1 # task_129,Benign
powershell -ep Restricted -File C:\Scripts\maintenance_59.ps1,Benign
git commit -m 'Fixed weight loading issue in engine.py - issue #3847',Benign
powershell -ExecutionPolicy AllSigned -File C:\Scripts\maintenance_90.ps1,Benign
"Get-ADUser | Select-Object Name, Id",Benign
systemctl status nginx > /dev/null 2>&1 # task_500,Benign
kubectl get nodes -n dev -o wide,Benign
kubectl get nodes -n staging -o wide,Benign
kubectl get deployments -n dev -o wide,Benign
"grep -r ""ERROR"" /var/log/ > /dev/null 2>&1 # task_473",Benign
"Get-ADUser | Select-Object Name, Id",Benign
powershell -ExecutionPolicy AllSigned -File C:\Scripts\maintenance_55.ps1,Benign
powershell -ExecutionPolicy AllSigned -File C:\Scripts\maintenance_35.ps1,Benign
git commit -m 'Fixed weight loading issue in engine.py - issue #2173',Benign
kubectl get deployments -n kube-system -o wide,Benign
kubectl get services -n dev --watch,Benign
cat /var/log/syslog | grep 'systemd' | tail -n 64,Benign
terraform plan -out=tfplan,Benign
kubectl get deployments -n staging -o wide,Benign
Get-ADUser | Sort-Object -Descending,Benign
powershell -ep Restricted -File C:\Scripts\maintenance_63.ps1,Benign
kubectl get nodes -n monitoring --watch,Benign
kubectl get configmaps -n kube-system -o wide,Benign
tar -czf /tmp/backup.tar.gz /var/log > /dev/null 2>&1 # task_471,Benign
powershell -ExecutionPolicy AllSigned -File C:\Scripts\maintenance_58.ps1,Benign
git commit -m 'Fixed weight loading issue in engine.py - issue #5076',Benign
"Get-Service | Select-Object Name, Id",Benign
git commit -m 'Fixed weight loading issue in engine.py - issue #8216',Benign
git commit -m 'Fixed weight loading issue in engine.py - issue #8069',Benign
terraform plan -out=tfplan,Benign
Get-Service | % { $_.Name },Benign
kubectl get deployments -n kube-system --watch,Benign
cat /var/log/syslog | grep 'systemd' | tail -n 34,Benign
git commit -m 'Fixed weight loading issue in engine.py - issue #4943',Benign
Get-Process | Sort-Object -Descending,Benign
cat /var/log/syslog | grep 'systemd' | tail -n 83,Benign
Get-EventLog -LogName System | % { $_.Name },Benign
"Get-Process | Select-Object Name, Id",Benign
"grep -r ""ERROR"" /var/log/ > /dev/null 2>&1 # task_806",Benign
powershell -ExecutionPolicy AllSigned -File C:\Scripts\maintenance_95.ps1,Benign
git commit -m 'Fixed weight loading issue in engine.py - issue #9549',Benign
terraform init -upgrade,Benign
cat /var/log/syslog | grep 'systemd' | tail -n 93,Benign
Get-Content | Sort-Object -Descending,Benign
git commit -m 'Fixed weight loading issue in engine.py - issue #8361',Benign
tar -czf /tmp/backup.tar.gz /var/log > /dev/null 2>&1 # task_794,Benign
cat /var/log/syslog | grep 'systemd' | tail -n 59,Benign
cat /var/log/syslog | grep 'systemd' | tail -n 37,Benign
Get-Content | Sort-Object -Descending,Benign
"Get-Process | Select-Object Name, Id",Benign
Get-Service | Where-Object {$_.Status -eq 'Running'},Benign
kubectl get pods -n production --watch,Benign
cat /var/log/syslog | grep 'systemd' | tail -n 16,Benign
powershell -ExecutionPolicy AllSigned -File C:\Scripts\maintenance_10.ps1,Benign
"Get-EventLog -LogName System | Select-Object Name, Id",Benign
terraform plan -out=tfplan,Benign
git commit -m 'Fixed weight loading issue in engine.py - issue #1841',Benign
git commit -m 'Fixed weight loading issue in engine.py - issue #6879',Benign
cat /var/log/syslog | grep 'systemd' | tail -n 77,Benign
tar -czf /tmp/backup.tar.gz /var/log > /dev/null 2>&1 # task_441,Benign
kubectl get deployments -n staging --watch,Benign
cat /var/log/syslog | grep 'systemd' | tail -n 23,Benign
kubectl get nodes -n staging -o wide,Benign
tar -czf /tmp/backup.tar.gz /var/log > /dev/null 2>&1 # task_987,Benign
git commit -m 'Fixed weight loading issue in engine.py - issue #1848',Benign
Get-Process | Sort-Object -Descending,Benign
Get-ADUser | Sort-Object -Descending,Benign
Get-EventLog -LogName System | % { $_.Name },Benign
cat /var/log/syslog | grep 'systemd' | tail -n 42,Benign
kubectl get pods -n kube-system --watch,Benign
kubectl get services -n dev -o wide,Benign
kubectl get services -n monitoring --watch,Benign
tar -czf /tmp/backup.tar.gz /var/log > /dev/null 2>&1 # task_901,Benign
tar -czf /tmp/backup.tar.gz /var/log > /dev/null 2>&1 # task_954,Benign
systemctl status nginx > /dev/null 2>&1 # task_533,Benign
"Get-Process | Select-Object Name, Id",Benign
terraform destroy -auto-approve,Benign
git commit -m 'Fixed weight loading issue in engine.py - issue #1542',Benign
Get-EventLog -LogName System | % { $_.Name },Benign
"Get-Content | Select-Object Name, Id",Benign
kubectl get services -n production --watch,Benign
Get-Process | Where-Object {$_.Status -eq 'Running'},Benign
cat /var/log/syslog | grep 'systemd' | tail -n 95,Benign
cat /var/log/syslog | grep 'systemd' | tail -n 73,Benign
"Get-ADUser | Select-Object Name, Id",Benign
git commit -m 'Fixed weight loading issue in engine.py - issue #1285',Benign
git commit -m 'Fixed weight loading issue in engine.py - issue #2893',Benign
terraform init -upgrade,Benign
powershell -ExecutionPolicy AllSigned -File C:\Scripts\maintenance_33.ps1,Benign
tar -czf /tmp/backup.tar.gz /var/log > /dev/null 2>&1 # task_871,Benign
terraform plan -out=tfplan,Benign
Get-Service | Sort-Object -Descending,Benign
terraform destroy -auto-approve,Benign
git commit -m 'Fixed weight loading issue in engine.py - issue #6115',Benign
powershell -ExecutionPolicy Restricted -File C:\Scripts\maintenance_94.ps1,Benign
powershell -ExecutionPolicy Restricted -File C:\Scripts\maintenance_99.ps1,Benign
powershell -ep Restricted -File C:\Scripts\maintenance_24.ps1,Benign
kubectl get deployments -n staging --watch,Benign
git commit -m 'Fixed weight loading issue in engine.py - issue #6064',Benign
Get-Service | % { $_.Name },Benign
powershell -ExecutionPolicy AllSigned -File C:\Scripts\maintenance_56.ps1,Benign
powershell -ExecutionPolicy Restricted -File C:\Scripts\maintenance_44.ps1,Benign
cat /var/log/syslog | grep 'systemd' | tail -n 42,Benign
Get-Process | Where-Object {$_.Status -eq 'Running'},Benign
cat /var/log/syslog | grep 'systemd' | tail -n 13,Benign
cat /var/log/syslog | grep 'systemd' | tail -n 89,Benign
terraform plan -out=tfplan,Benign
cat /var/log/syslog | grep 'systemd' | tail -n 13,Benign
kubectl get configmaps -n monitoring --watch,Benign
powershell -ep Restricted -File C:\Scripts\maintenance_81.ps1,Benign
cat /var/log/syslog | grep 'systemd' | tail -n 93,Benign
kubectl get deployments -n production -o wide,Benign
terraform init -upgrade,Benign
systemctl status nginx > /dev/null 2>&1 # task_368,Benign
terraform apply -auto-approve,Benign
tar -czf /tmp/backup.tar.gz /var/log > /dev/null 2>&1 # task_995,Benign
powershell -ep Restricted -File C:\Scripts\maintenance_93.ps1,Benign
powershell -ExecutionPolicy AllSigned -File C:\Scripts\maintenance_48.ps1,Benign
systemctl status nginx > /dev/null 2>&1 # task_991,Benign
git commit -m 'Fixed weight loading issue in engine.py - issue #9796',Benign
cat /var/log/syslog | grep 'systemd' | tail -n 72,Benign
git commit -m 'Fixed weight loading issue in engine.py - issue #9688',Benign
kubectl get deployments -n monitoring -o wide,Benign
tar -czf /tmp/backup.tar.gz /var/log > /dev/null 2>&1 # task_329,Benign
Get-Content | Sort-Object -Descending,Benign
Get-Process | % { $_.Name },Benign
git commit -m 'Fixed weight loading issue in engine.py - issue #4017',Benign
powershell -ep Restricted -File C:\Scripts\maintenance_88.ps1,Benign
powershell -ExecutionPolicy AllSigned -File C:\Scripts\maintenance_27.ps1,Benign
git commit -m 'Fixed weight loading issue in engine.py - issue #8498',Benign
kubectl get nodes -n production -o wide,Benign
"Get-Content | Select-Object Name, Id",Benign
terraform destroy -auto-approve,Benign
cat /var/log/syslog | grep 'systemd' | tail -n 24,Benign
"grep -r ""ERROR"" /var/log/ > /dev/null 2>&1 # task_859",Benign
cat /var/log/syslog | grep 'systemd' | tail -n 15,Benign
git commit -m 'Fixed weight loading issue in engine.py - issue #7081',Benign
"Get-EventLog -LogName System | Select-Object Name, Id",Benign
cat /var/log/syslog | grep 'systemd' | tail -n 94,Benign
git commit -m 'Fixed weight loading issue in engine.py - issue #3455',Benign
git commit -m 'Fixed weight loading issue in engine.py - issue #4690',Benign
Get-Service | Sort-Object -Descending,Benign
Get-Content | Where-Object {$_.Status -eq 'Running'},Benign
cat /var/log/syslog | grep 'systemd' | tail -n 83,Benign
cat /var/log/syslog | grep 'systemd' | tail -n 39,Benign
systemctl status nginx > /dev/null 2>&1 # task_561,Benign
"grep -r ""ERROR"" /var/log/ > /dev/null 2>&1 # task_828",Benign
"Get-Service | Select-Object Name, Id",Benign
"grep -r ""ERROR"" /var/log/ > /dev/null 2>&1 # task_713",Benign
powershell -ExecutionPolicy AllSigned -File C:\Scripts\maintenance_48.ps1,Benign
"Get-ADUser | Select-Object Name, Id",Benign
git commit -m 'Fixed weight loading issue in engine.py - issue #8408',Benign
kubectl get services -n staging -o wide,Benign
cat /var/log/syslog | grep 'systemd' | tail -n 68,Benign
cat /var/log/syslog | grep 'systemd' | tail -n 76,Benign
powershell -ep Restricted -File C:\Scripts\maintenance_34.ps1,Benign
tar -czf /tmp/backup.tar.gz /var/log > /dev/null 2>&1 # task_128,Benign
powershell -ExecutionPolicy Restricted -File C:\Scripts\maintenance_45.ps1,Benign
Get-EventLog -LogName System | Where-Object {$_.Status -eq 'Running'},Benign
Get-EventLog -LogName System | % { $_.Name },Benign
"Get-Service | Select-Object Name, Id",Benign
git commit -m 'Fixed weight loading issue in engine.py - issue #1474',Benign
git commit -m 'Fixed weight loading issue in engine.py - issue #5543',Benign
git commit -m 'Fixed weight loading issue in engine.py - issue #3263',Benign
powershell -ExecutionPolicy AllSigned -File C:\Scripts\maintenance_37.ps1,Benign
cat /var/log/syslog | grep 'systemd' | tail -n 95,Benign
Get-Service | Where-Object {$_.Status -eq 'Running'},Benign
"grep -r ""ERROR"" /var/log/ > /dev/null 2>&1 # task_448",Benign
"grep -r ""ERROR"" /var/log/ > /dev/null 2>&1 # task_201",Benign
Get-Content | % { $_.Name },Benign
git commit -m 'Fixed weight loading issue in engine.py - issue #1128',Benign
powershell -ExecutionPolicy AllSigned -File C:\Scripts\maintenance_69.ps1,Benign
kubectl get configmaps -n monitoring --watch,Benign
"grep -r ""ERROR"" /var/log/ > /dev/null 2>&1 # task_241",Benign
Get-Content | Where-Object {$_.Status -eq 'Running'},Benign
cat /var/log/syslog | grep 'systemd' | tail -n 40,Benign
terraform init -upgrade,Benign
powershell -ep Restricted -File C:\Scripts\maintenance_78.ps1,Benign
kubectl get deployments -n production -o wide,Benign
terraform apply -auto-approve,Benign
terraform init -upgrade,Benign
terraform apply -auto-approve,Benign
terraform plan -out=tfplan,Benign
powershell -ep Restricted -File C:\Scripts\maintenance_64.ps1,Benign
terraform apply -auto-approve,Benign
terraform plan -out=tfplan,Benign
cat /var/log/syslog | grep 'systemd' | tail -n 79,Benign
powershell -ExecutionPolicy Restricted -File C:\Scripts\maintenance_32.ps1,Benign
Get-EventLog -LogName System | Sort-Object -Descending,Benign
tar -czf /tmp/backup.tar.gz /var/log > /dev/null 2>&1 # task_648,Benign
kubectl get configmaps -n kube-system --watch,Benign
powershell -ep Restricted -File C:\Scripts\maintenance_29.ps1,Benign
Get-Process | Sort-Object -Descending,Benign
terraform apply -auto-approve,Benign
cat /var/log/syslog | grep 'systemd' | tail -n 40,Benign
git commit -m 'Fixed weight loading issue in engine.py - issue #2434',Benign
terraform init -upgrade,Benign
Get-EventLog -LogName System | Where-Object {$_.Status -eq 'Running'},Benign
terraform destroy -auto-approve,Benign
terraform init -upgrade,Benign
powershell -ExecutionPolicy AllSigned -File C:\Scripts\maintenance_35.ps1,Benign
"grep -r ""ERROR"" /var/log/ > /dev/null 2>&1 # task_330",Benign
kubectl get services -n staging --watch,Benign
git commit -m 'Fixed weight loading issue in engine.py - issue #5024',Benign
tar -czf /tmp/backup.tar.gz /var/log > /dev/null 2>&1 # task_815,Benign
"Get-Content | Select-Object Name, Id",Benign
terraform plan -out=tfplan,Benign
cat /var/log/syslog | grep 'systemd' | tail -n 36,Benign
Get-Service | Where-Object {$_.Status -eq 'Running'},Benign
cat /var/log/syslog | grep 'systemd' | tail -n 96,Benign
terraform apply -auto-approve,Benign
kubectl get nodes -n dev --watch,Benign
git commit -m 'Fixed weight loading issue in engine.py - issue #7236',Benign
powershell -ExecutionPolicy AllSigned -File C:\Scripts\maintenance_52.ps1,Benign
terraform plan -out=tfplan,Benign
kubectl get pods -n staging --watch,Benign
kubectl get configmaps -n dev -o wide,Benign
systemctl status nginx > /dev/null 2>&1 # task_935,Benign
git commit -m 'Fixed weight loading issue in engine.py - issue #8510',Benign
Get-EventLog -LogName System | Where-Object {$_.Status -eq 'Running'},Benign
cat /var/log/syslog | grep 'systemd' | tail -n 17,Benign
git commit -m 'Fixed weight loading issue in engine.py - issue #9483',Benign
cat /var/log/syslog | grep 'systemd' | tail -n 24,Benign
Get-EventLog -LogName System | Sort-Object -Descending,Benign
terraform init -upgrade,Benign
cat /var/log/syslog | grep 'systemd' | tail -n 50,Benign
cat /var/log/syslog | grep 'systemd' | tail -n 20,Benign
Get-Process | Where-Object {$_.Status -eq 'Running'},Benign
git commit -m 'Fixed weight loading issue in engine.py - issue #8646',Benign
cat /var/log/syslog | grep 'systemd' | tail -n 99,Benign
Get-Content | Sort-Object -Descending,Benign
Get-Process | % { $_.Name },Benign
git commit -m 'Fixed weight loading issue in engine.py - issue #1481',Benign
kubectl get deployments -n monitoring -o wide,Benign
"grep -r ""ERROR"" /var/log/ > /dev/null 2>&1 # task_350",Benign
git commit -m 'Fixed weight loading issue in engine.py - issue #4580',Benign
Get-EventLog -LogName System | % { $_.Name },Benign
systemctl status nginx > /dev/null 2>&1 # task_629,Benign
cat /var/log/syslog | grep 'systemd' | tail -n 24,Benign
powershell -ep Restricted -File C:\Scripts\maintenance_59.ps1,Benign
powershell -ExecutionPolicy Restricted -File C:\Scripts\maintenance_13.ps1,Benign
Get-EventLog -LogName System | Sort-Object -Descending,Benign
"Get-Service | Select-Object Name, Id",Benign
terraform destroy -auto-approve,Benign
Get-Service | Sort-Object -Descending,Benign
"Get-Content | Select-Object Name, Id",Benign
tar -czf /tmp/backup.tar.gz /var/log > /dev/null 2>&1 # task_392,Benign
kubectl get nodes -n dev --watch,Benign
powershell -ExecutionPolicy AllSigned -File C:\Scripts\maintenance_50.ps1,Benign
tar -czf /tmp/backup.tar.gz /var/log > /dev/null 2>&1 # task_313,Benign
powershell -ExecutionPolicy AllSigned -File C:\Scripts\maintenance_41.ps1,Benign
Get-Service | Where-Object {$_.Status -eq 'Running'},Benign
systemctl status nginx > /dev/null 2>&1 # task_907,Benign
cat /var/log/syslog | grep 'systemd' | tail -n 99,Benign
cat /var/log/syslog | grep 'systemd' | tail -n 88,Benign
powershell -ep Restricted -File C:\Scripts\maintenance_61.ps1,Benign
"grep -r ""ERROR"" /var/log/ > /dev/null 2>&1 # task_229",Benign
kubectl get configmaps -n monitoring --watch,Benign
cat /var/log/syslog | grep 'systemd' | tail -n 59,Benign
git commit -m 'Fixed weight loading issue in engine.py - issue #9390',Benign
powershell -ep Restricted -File C:\Scripts\maintenance_21.ps1,Benign
Get-Content | % { $_.Name },Benign
git commit -m 'Fixed weight loading issue in engine.py - issue #1297',Benign
terraform init -upgrade,Benign
terraform destroy -auto-approve,Benign
terraform init -upgrade,Benign
git commit -m 'Fixed weight loading issue in engine.py - issue #4920',Benign
powershell -ExecutionPolicy AllSigned -File C:\Scripts\maintenance_43.ps1,Benign
powershell -ExecutionPolicy AllSigned -File C:\Scripts\maintenance_88.ps1,Benign
"grep -r ""ERROR"" /var/log/ > /dev/null 2>&1 # task_599",Benign
cat /var/log/syslog | grep 'systemd' | tail -n 66,Benign
kubectl get nodes -n monitoring --watch,Benign
powershell -ExecutionPolicy Restricted -File C:\Scripts\maintenance_71.ps1,Benign
git commit -m 'Fixed weight loading issue in engine.py - issue #3023',Benign
terraform apply -auto-approve,Benign
cat /var/log/syslog | grep 'systemd' | tail -n 61,Benign
kubectl get pods -n production -o wide,Benign
Get-Service | Sort-Object -Descending,Benign
powershell -ExecutionPolicy Restricted -File C:\Scripts\maintenance_16.ps1,Benign
cat /var/log/syslog | grep 'systemd' | tail -n 10,Benign
terraform plan -out=tfplan,Benign
powershell -ExecutionPolicy Restricted -File C:\Scripts\maintenance_22.ps1,Benign
powershell -ep Restricted -File C:\Scripts\maintenance_94.ps1,Benign
cat /var/log/syslog | grep 'systemd' | tail -n 91,Benign
terraform plan -out=tfplan,Benign
cat /var/log/syslog | grep 'systemd' | tail -n 67,Benign
kubectl get nodes -n dev -o wide,Benign
"grep -r ""ERROR"" /var/log/ > /dev/null 2>&1 # task_794",Benign
kubectl get pods -n staging -o wide,Benign
"grep -r ""ERROR"" /var/log/ > /dev/null 2>&1 # task_466",Benign
"Get-ADUser | Select-Object Name, Id",Benign
kubectl get services -n kube-system --watch,Benign
kubectl get nodes -n staging --watch,Benign
kubectl get services -n monitoring -o wide,Benign
cat /var/log/syslog | grep 'systemd' | tail -n 72,Benign
kubectl get deployments -n kube-system -o wide,Benign
systemctl status nginx > /dev/null 2>&1 # task_668,Benign
kubectl get pods -n staging -o wide,Benign
kubectl get nodes -n staging --watch,Benign
terraform apply -auto-approve,Benign
terraform apply -auto-approve,Benign
git commit -m 'Fixed weight loading issue in engine.py - issue #8315',Benign
cat /var/log/syslog | grep 'systemd' | tail -n 23,Benign
powershell -ep Restricted -File C:\Scripts\maintenance_3.ps1,Benign
Get-ADUser | Where-Object {$_.Status -eq 'Running'},Benign
cat /var/log/syslog | grep 'systemd' | tail -n 10,Benign
terraform plan -out=tfplan,Benign
kubectl get pods -n kube-system -o wide,Benign
terraform init -upgrade,Benign
terraform apply -auto-approve,Benign
git commit -m 'Fixed weight loading issue in engine.py - issue #8183',Benign
cat /var/log/syslog | grep 'systemd' | tail -n 84,Benign
kubectl get deployments -n monitoring --watch,Benign
terraform apply -auto-approve,Benign
Get-ADUser | % { $_.Name },Benign
powershell -ExecutionPolicy AllSigned -File C:\Scripts\maintenance_10.ps1,Benign
powershell -ep Restricted -File C:\Scripts\maintenance_38.ps1,Benign
tar -czf /tmp/backup.tar.gz /var/log > /dev/null 2>&1 # task_706,Benign
tar -czf /tmp/backup.tar.gz /var/log > /dev/null 2>&1 # task_138,Benign
git commit -m 'Fixed weight loading issue in engine.py - issue #3428',Benign
kubectl get deployments -n monitoring -o wide,Benign
"grep -r ""ERROR"" /var/log/ > /dev/null 2>&1 # task_834",Benign
powershell -ExecutionPolicy AllSigned -File C:\Scripts\maintenance_60.ps1,Benign
kubectl get nodes -n production --watch,Benign
powershell -ep Restricted -File C:\Scripts\maintenance_51.ps1,Benign
git commit -m 'Fixed weight loading issue in engine.py - issue #4084',Benign
Get-Process | Sort-Object -Descending,Benign
terraform apply -auto-approve,Benign
kubectl get pods -n production -o wide,Benign
git commit -m 'Fixed weight loading issue in engine.py - issue #2689',Benign
systemctl status nginx > /dev/null 2>&1 # task_139,Benign
kubectl get deployments -n dev --watch,Benign
powershell -ExecutionPolicy AllSigned -File C:\Scripts\maintenance_50.ps1,Benign
kubectl get configmaps -n dev -o wide,Benign
powershell -ep Restricted -File C:\Scripts\maintenance_4.ps1,Benign
cat /var/log/syslog | grep 'systemd' | tail -n 48,Benign
terraform init -upgrade,Benign
kubectl get pods -n monitoring -o wide,Benign
terraform apply -auto-approve,Benign
terraform init -upgrade,Benign
git commit -m 'Fixed weight loading issue in engine.py - issue #7869',Benign
terraform plan -out=tfplan,Benign
kubectl get nodes -n staging --watch,Benign
terraform plan -out=tfplan,Benign
terraform destroy -auto-approve,Benign
powershell -ep Restricted -File C:\Scripts\maintenance_79.ps1,Benign
tar -czf /tmp/backup.tar.gz /var/log > /dev/null 2>&1 # task_998,Benign
powershell -ExecutionPolicy AllSigned -File C:\Scripts\maintenance_21.ps1,Benign
powershell -ExecutionPolicy Restricted -File C:\Scripts\maintenance_36.ps1,Benign
powershell -ExecutionPolicy Restricted -File C:\Scripts\maintenance_79.ps1,Benign
cat /var/log/syslog | grep 'systemd' | tail -n 94,Benign
systemctl status nginx > /dev/null 2>&1 # task_596,Benign
cat /var/log/syslog | grep 'systemd' | tail -n 30,Benign
tar -czf /tmp/backup.tar.gz /var/log > /dev/null 2>&1 # task_874,Benign
tar -czf /tmp/backup.tar.gz /var/log > /dev/null 2>&1 # task_909,Benign
kubectl get deployments -n monitoring --watch,Benign
git commit -m 'Fixed weight loading issue in engine.py - issue #3255',Benign
powershell -ExecutionPolicy AllSigned -File C:\Scripts\maintenance_31.ps1,Benign
powershell -ExecutionPolicy Restricted -File C:\Scripts\maintenance_79.ps1,Benign
git commit -m 'Fixed weight loading issue in engine.py - issue #7296',Benign
cat /var/log/syslog | grep 'systemd' | tail -n 18,Benign
kubectl get pods -n monitoring --watch,Benign
kubectl get deployments -n production -o wide,Benign
cat /var/log/syslog | grep 'systemd' | tail -n 65,Benign
terraform plan -out=tfplan,Benign
git commit -m 'Fixed weight loading issue in engine.py - issue #1030',Benign
tar -czf /tmp/backup.tar.gz /var/log > /dev/null 2>&1 # task_740,Benign
git commit -m 'Fixed weight loading issue in engine.py - issue #9738',Benign
cat /var/log/syslog | grep 'systemd' | tail -n 50,Benign
cat /var/log/syslog | grep 'systemd' | tail -n 80,Benign
git commit -m 'Fixed weight loading issue in engine.py - issue #2010',Benign
git commit -m 'Fixed weight loading issue in engine.py - issue #5039',Benign
tar -czf /tmp/backup.tar.gz /var/log > /dev/null 2>&1 # task_764,Benign
terraform destroy -auto-approve,Benign
terraform destroy -auto-approve,Benign
"grep -r ""ERROR"" /var/log/ > /dev/null 2>&1 # task_186",Benign
Get-Content | % { $_.Name },Benign
cat /var/log/syslog | grep 'systemd' | tail -n 19,Benign
git commit -m 'Fixed weight loading issue in engine.py - issue #6169',Benign
Get-Content | Where-Object {$_.Status -eq 'Running'},Benign
terraform plan -out=tfplan,Benign
Get-EventLog -LogName System | Where-Object {$_.Status -eq 'Running'},Benign
kubectl get pods -n kube-system -o wide,Benign
"Get-ADUser | Select-Object Name, Id",Benign
git commit -m 'Fixed weight loading issue in engine.py - issue #2114',Benign
cat /var/log/syslog | grep 'systemd' | tail -n 84,Benign
cat /var/log/syslog | grep 'systemd' | tail -n 43,Benign
git commit -m 'Fixed weight loading issue in engine.py - issue #7841',Benign
terraform plan -out=tfplan,Benign
git commit -m 'Fixed weight loading issue in engine.py - issue #9269',Benign
powershell -ExecutionPolicy Restricted -File C:\Scripts\maintenance_28.ps1,Benign
kubectl get services -n monitoring --watch,Benign
cat /var/log/syslog | grep 'systemd' | tail -n 95,Benign
cat /var/log/syslog | grep 'systemd' | tail -n 30,Benign
Get-EventLog -LogName System | Sort-Object -Descending,Benign
kubectl get services -n staging --watch,Benign
terraform init -upgrade,Benign
cat /var/log/syslog | grep 'systemd' | tail -n 62,Benign
Get-ADUser | % { $_.Name },Benign
terraform apply -auto-approve,Benign
"Get-Content | Select-Object Name, Id",Benign
systemctl status nginx > /dev/null 2>&1 # task_747,Benign
kubectl get pods -n monitoring --watch,Benign
Get-ADUser | % { $_.Name },Benign
kubectl get configmaps -n kube-system -o wide,Benign
kubectl get services -n dev -o wide,Benign
kubectl get nodes -n monitoring --watch,Benign
kubectl get configmaps -n monitoring --watch,Benign
kubectl get configmaps -n dev --watch,Benign
terraform apply -auto-approve,Benign
powershell -ExecutionPolicy Restricted -File C:\Scripts\maintenance_89.ps1,Benign
cat /var/log/syslog | grep 'systemd' | tail -n 92,Benign
cat /var/log/syslog | grep 'systemd' | tail -n 10,Benign
Get-EventLog -LogName System | Sort-Object -Descending,Benign
kubectl get nodes -n kube-system -o wide,Benign
"grep -r ""ERROR"" /var/log/ > /dev/null 2>&1 # task_346",Benign
kubectl get nodes -n dev -o wide,Benign
"grep -r ""ERROR"" /var/log/ > /dev/null 2>&1 # task_504",Benign
Get-EventLog -LogName System | Sort-Object -Descending,Benign
"grep -r ""ERROR"" /var/log/ > /dev/null 2>&1 # task_374",Benign
cat /var/log/syslog | grep 'systemd' | tail -n 58,Benign
terraform destroy -auto-approve,Benign
cat /var/log/syslog | grep 'systemd' | tail -n 35,Benign
cat /var/log/syslog | grep 'systemd' | tail -n 64,Benign
systemctl status nginx > /dev/null 2>&1 # task_268,Benign
cat /var/log/syslog | grep 'systemd' | tail -n 42,Benign
cat /var/log/syslog | grep 'systemd' | tail -n 45,Benign
powershell -ExecutionPolicy Restricted -File C:\Scripts\maintenance_89.ps1,Benign
powershell -ExecutionPolicy AllSigned -File C:\Scripts\maintenance_50.ps1,Benign
terraform apply -auto-approve,Benign
powershell -ExecutionPolicy AllSigned -File C:\Scripts\maintenance_82.ps1,Benign
tar -czf /tmp/backup.tar.gz /var/log > /dev/null 2>&1 # task_492,Benign
terraform destroy -auto-approve,Benign
kubectl get deployments -n kube-system -o wide,Benign
cat /var/log/syslog | grep 'systemd' | tail -n 98,Benign
powershell -ep Restricted -File C:\Scripts\maintenance_91.ps1,Benign
powershell -ExecutionPolicy Restricted -File C:\Scripts\maintenance_90.ps1,Benign
kubectl get nodes -n production -o wide,Benign
powershell -ep Restricted -File C:\Scripts\maintenance_100.ps1,Benign
kubectl get nodes -n production -o wide,Benign
cat /var/log/syslog | grep 'systemd' | tail -n 19,Benign
tar -czf /tmp/backup.tar.gz /var/log > /dev/null 2>&1 # task_175,Benign
Get-ADUser | % { $_.Name },Benign
cat /var/log/syslog | grep 'systemd' | tail -n 43,Benign
kubectl get pods -n dev --watch,Benign
git commit -m 'Fixed weight loading issue in engine.py - issue #7766',Benign
git commit -m 'Fixed weight loading issue in engine.py - issue #4992',Benign
terraform apply -auto-approve,Benign
git commit -m 'Fixed weight loading issue in engine.py - issue #9449',Benign
kubectl get configmaps -n dev --watch,Benign
Get-Service | Sort-Object -Descending,Benign
Get-Process | Where-Object {$_.Status -eq 'Running'},Benign
systemctl status nginx > /dev/null 2>&1 # task_458,Benign
systemctl status nginx > /dev/null 2>&1 # task_355,Benign
powershell -ExecutionPolicy AllSigned -File C:\Scripts\maintenance_44.ps1,Benign
powershell -ExecutionPolicy Restricted -File C:\Scripts\maintenance_86.ps1,Benign
cat /var/log/syslog | grep 'systemd' | tail -n 76,Benign
terraform plan -out=tfplan,Benign
"Get-ADUser | Select-Object Name, Id",Benign
kubectl get pods -n dev --watch,Benign
Get-ADUser | % { $_.Name },Benign
Get-Service | Sort-Object -Descending,Benign
powershell -ExecutionPolicy Restricted -File C:\Scripts\maintenance_91.ps1,Benign
cat /var/log/syslog | grep 'systemd' | tail -n 76,Benign
systemctl status nginx > /dev/null 2>&1 # task_147,Benign
cat /var/log/syslog | grep 'systemd' | tail -n 36,Benign
terraform plan -out=tfplan,Benign
kubectl get services -n kube-system --watch,Benign
Get-EventLog -LogName System | Where-Object {$_.Status -eq 'Running'},Benign
tar -czf /tmp/backup.tar.gz /var/log > /dev/null 2>&1 # task_287,Benign
kubectl get services -n staging --watch,Benign
git commit -m 'Fixed weight loading issue in engine.py - issue #2601',Benign
cat /var/log/syslog | grep 'systemd' | tail -n 89,Benign
powershell -ep Restricted -File C:\Scripts\maintenance_44.ps1,Benign
"grep -r ""ERROR"" /var/log/ > /dev/null 2>&1 # task_960",Benign
kubectl get nodes -n kube-system -o wide,Benign
tar -czf /tmp/backup.tar.gz /var/log > /dev/null 2>&1 # task_699,Benign
terraform init -upgrade,Benign
cat /var/log/syslog | grep 'systemd' | tail -n 19,Benign
powershell -ep Restricted -File C:\Scripts\maintenance_89.ps1,Benign
kubectl get services -n kube-system -o wide,Benign
tar -czf /tmp/backup.tar.gz /var/log > /dev/null 2>&1 # task_203,Benign
kubectl get configmaps -n dev --watch,Benign
git commit -m 'Fixed weight loading issue in engine.py - issue #5887',Benign
kubectl get services -n kube-system -o wide,Benign
terraform init -upgrade,Benign
powershell -ep Restricted -File C:\Scripts\maintenance_55.ps1,Benign
git commit -m 'Fixed weight loading issue in engine.py - issue #4811',Benign
Get-Process | Sort-Object -Descending,Benign
terraform apply -auto-approve,Benign
kubectl get services -n monitoring -o wide,Benign
terraform destroy -auto-approve,Benign
git commit -m 'Fixed weight loading issue in engine.py - issue #5866',Benign
git commit -m 'Fixed weight loading issue in engine.py - issue #3803',Benign
powershell -ExecutionPolicy Restricted -File C:\Scripts\maintenance_32.ps1,Benign
powershell -ep Restricted -File C:\Scripts\maintenance_1.ps1,Benign
"grep -r ""ERROR"" /var/log/ > /dev/null 2>&1 # task_996",Benign
Get-ADUser | Sort-Object -Descending,Benign
kubectl get nodes -n kube-system --watch,Benign
kubectl get nodes -n kube-system -o wide,Benign
kubectl get services -n monitoring --watch,Benign
git commit -m 'Fixed weight loading issue in engine.py - issue #9684',Benign
Get-Process | % { $_.Name },Benign
Get-Service | % { $_.Name },Benign
cat /var/log/syslog | grep 'systemd' | tail -n 59,Benign
cat /var/log/syslog | grep 'systemd' | tail -n 43,Benign
terraform plan -out=tfplan,Benign
Get-EventLog -LogName System | Where-Object {$_.Status -eq 'Running'},Benign
Get-ADUser | % { $_.Name },Benign
"Get-Process | Select-Object Name, Id",Benign
powershell -ep Restricted -File C:\Scripts\maintenance_67.ps1,Benign
kubectl get deployments -n dev -o wide,Benign
cat /var/log/syslog | grep 'systemd' | tail -n 56,Benign
cat /var/log/syslog | grep 'systemd' | tail -n 35,Benign
powershell -ExecutionPolicy Restricted -File C:\Scripts\maintenance_86.ps1,Benign
terraform destroy -auto-approve,Benign
git commit -m 'Fixed weight loading issue in engine.py - issue #7893',Benign
Get-Content | Where-Object {$_.Status -eq 'Running'},Benign
kubectl get pods -n kube-system --watch,Benign
terraform destroy -auto-approve,Benign
tar -czf /tmp/backup.tar.gz /var/log > /dev/null 2>&1 # task_470,Benign
terraform apply -auto-approve,Benign
cat /var/log/syslog | grep 'systemd' | tail -n 53,Benign
terraform destroy -auto-approve,Benign
kubectl get configmaps -n dev -o wide,Benign
"Get-Process | Select-Object Name, Id",Benign
Get-Process | Sort-Object -Descending,Benign
kubectl get services -n monitoring --watch,Benign
terraform plan -out=tfplan,Benign
powershell -ExecutionPolicy AllSigned -File C:\Scripts\maintenance_94.ps1,Benign
"Get-Process | Select-Object Name, Id",Benign
terraform plan -out=tfplan,Benign
terraform init -upgrade,Benign
git commit -m 'Fixed weight loading issue in engine.py - issue #9823',Benign
systemctl status nginx > /dev/null 2>&1 # task_874,Benign
git commit -m 'Fixed weight loading issue in engine.py - issue #8435',Benign
powershell -ExecutionPolicy Restricted -File C:\Scripts\maintenance_48.ps1,Benign
kubectl get pods -n kube-system --watch,Benign
kubectl get pods -n production --watch,Benign
kubectl get deployments -n dev --watch,Benign
kubectl get pods -n monitoring -o wide,Benign
Get-Content | Where-Object {$_.Status -eq 'Running'},Benign
"grep -r ""ERROR"" /var/log/ > /dev/null 2>&1 # task_206",Benign
tar -czf /tmp/backup.tar.gz /var/log > /dev/null 2>&1 # task_897,Benign
powershell -ep Restricted -File C:\Scripts\maintenance_18.ps1,Benign
cat /var/log/syslog | grep 'systemd' | tail -n 84,Benign
git commit -m 'Fixed weight loading issue in engine.py - issue #1597',Benign
tar -czf /tmp/backup.tar.gz /var/log > /dev/null 2>&1 # task_521,Benign
tar -czf /tmp/backup.tar.gz /var/log > /dev/null 2>&1 # task_545,Benign
kubectl get configmaps -n production --watch,Benign
cat /var/log/syslog | grep 'systemd' | tail -n 93,Benign
powershell -ExecutionPolicy Restricted -File C:\Scripts\maintenance_55.ps1,Benign
kubectl get services -n staging -o wide,Benign
powershell -ExecutionPolicy AllSigned -File C:\Scripts\maintenance_6.ps1,Benign
git commit -m 'Fixed weight loading issue in engine.py - issue #2626',Benign
Get-Service | Where-Object {$_.Status -eq 'Running'},Benign
"grep -r ""ERROR"" /var/log/ > /dev/null 2>&1 # task_683",Benign
terraform apply -auto-approve,Benign
powershell -ExecutionPolicy AllSigned -File C:\Scripts\maintenance_52.ps1,Benign
tar -czf /tmp/backup.tar.gz /var/log > /dev/null 2>&1 # task_474,Benign
git commit -m 'Fixed weight loading issue in engine.py - issue #8851',Benign
powershell -ep Restricted -File C:\Scripts\maintenance_59.ps1,Benign
kubectl get deployments -n kube-system -o wide,Benign
git commit -m 'Fixed weight loading issue in engine.py - issue #6363',Benign
cat /var/log/syslog | grep 'systemd' | tail -n 92,Benign
systemctl status nginx > /dev/null 2>&1 # task_384,Benign
powershell -ep Restricted -File C:\Scripts\maintenance_10.ps1,Benign
Get-Content | Where-Object {$_.Status -eq 'Running'},Benign
"Get-ADUser | Select-Object Name, Id",Benign
"grep -r ""ERROR"" /var/log/ > /dev/null 2>&1 # task_251",Benign
powershell -ep Restricted -File C:\Scripts\maintenance_21.ps1,Benign
tar -czf /tmp/backup.tar.gz /var/log > /dev/null 2>&1 # task_233,Benign
terraform destroy -auto-approve,Benign
Get-Process | % { $_.Name },Benign
kubectl get nodes -n dev -o wide,Benign
cat /var/log/syslog | grep 'systemd' | tail -n 72,Benign
git commit -m 'Fixed weight loading issue in engine.py - issue #5923',Benign
kubectl get pods -n monitoring --watch,Benign
Get-Service | % { $_.Name },Benign
"Get-Service | Select-Object Name, Id",Benign
powershell -ExecutionPolicy AllSigned -File C:\Scripts\maintenance_35.ps1,Benign
tar -czf /tmp/backup.tar.gz /var/log > /dev/null 2>&1 # task_726,Benign
systemctl status nginx > /dev/null 2>&1 # task_303,Benign
powershell -ExecutionPolicy Restricted -File C:\Scripts\maintenance_6.ps1,Benign
terraform destroy -auto-approve,Benign
powershell -ep Restricted -File C:\Scripts\maintenance_40.ps1,Benign
powershell -ExecutionPolicy Restricted -File C:\Scripts\maintenance_36.ps1,Benign
systemctl status nginx > /dev/null 2>&1 # task_713,Benign
powershell -ep Restricted -File C:\Scripts\maintenance_89.ps1,Benign
powershell -ExecutionPolicy AllSigned -File C:\Scripts\maintenance_11.ps1,Benign
powershell -ExecutionPolicy Restricted -File C:\Scripts\maintenance_36.ps1,Benign
powershell -ep Restricted -File C:\Scripts\maintenance_32.ps1,Benign
git commit -m 'Fixed weight loading issue in engine.py - issue #9365',Benign
kubectl get pods -n staging -o wide,Benign
kubectl get deployments -n production --watch,Benign
systemctl status nginx > /dev/null 2>&1 # task_799,Benign
cat /var/log/syslog | grep 'systemd' | tail -n 70,Benign
Get-ADUser | Sort-Object -Descending,Benign
Get-Content | Sort-Object -Descending,Benign
Get-Service | Where-Object {$_.Status -eq 'Running'},Benign
kubectl get configmaps -n production -o wide,Benign
git commit -m 'Fixed weight loading issue in engine.py - issue #2556',Benign
kubectl get nodes -n monitoring --watch,Benign
Get-EventLog -LogName System | % { $_.Name },Benign
Get-Content | Where-Object {$_.Status -eq 'Running'},Benign
powershell -ExecutionPolicy Restricted -File C:\Scripts\maintenance_20.ps1,Benign
powershell -ExecutionPolicy AllSigned -File C:\Scripts\maintenance_92.ps1,Benign
"grep -r ""ERROR"" /var/log/ > /dev/null 2>&1 # task_648",Benign
cat /var/log/syslog | grep 'systemd' | tail -n 10,Benign
kubectl get deployments -n monitoring -o wide,Benign
cat /var/log/syslog | grep 'systemd' | tail -n 82,Benign
git commit -m 'Fixed weight loading issue in engine.py - issue #5980',Benign
kubectl get configmaps -n monitoring --watch,Benign
cat /var/log/syslog | grep 'systemd' | tail -n 64,Benign
terraform apply -auto-approve,Benign
systemctl status nginx > /dev/null 2>&1 # task_110,Benign
git commit -m 'Fixed weight loading issue in engine.py - issue #5260',Benign
terraform destroy -auto-approve,Benign
"Get-Process | Select-Object Name, Id",Benign
kubectl get pods -n monitoring -o wide,Benign
git commit -m 'Fixed weight loading issue in engine.py - issue #2005',Benign
powershell -ExecutionPolicy Restricted -File C:\Scripts\maintenance_86.ps1,Benign
"Get-Service | Select-Object Name, Id",Benign
terraform apply -auto-approve,Benign
kubectl get configmaps -n monitoring --watch,Benign
git commit -m 'Fixed weight loading issue in engine.py - issue #2955',Benign
terraform destroy -auto-approve,Benign
cat /var/log/syslog | grep 'systemd' | tail -n 70,Benign
kubectl get pods -n monitoring -o wide,Benign
cat /var/log/syslog | grep 'systemd' | tail -n 46,Benign
git commit -m 'Fixed weight loading issue in engine.py - issue #9912',Benign
powershell -ExecutionPolicy Restricted -File C:\Scripts\maintenance_39.ps1,Benign
"Get-Service | Select-Object Name, Id",Benign
systemctl status nginx > /dev/null 2>&1 # task_524,Benign
"grep -r ""ERROR"" /var/log/ > /dev/null 2>&1 # task_765",Benign
"Get-Service | Select-Object Name, Id",Benign
powershell -ExecutionPolicy AllSigned -File C:\Scripts\maintenance_24.ps1,Benign
powershell -ExecutionPolicy Restricted -File C:\Scripts\maintenance_54.ps1,Benign
Get-Service | Sort-Object -Descending,Benign
terraform plan -out=tfplan,Benign
Get-ADUser | Sort-Object -Descending,Benign
git commit -m 'Fixed weight loading issue in engine.py - issue #4211',Benign
kubectl get deployments -n kube-system -o wide,Benign
cat /var/log/syslog | grep 'systemd' | tail -n 89,Benign
Get-Content | Where-Object {$_.Status -eq 'Running'},Benign
terraform destroy -auto-approve,Benign
cat /var/log/syslog | grep 'systemd' | tail -n 100,Benign
"Get-EventLog -LogName System | Select-Object Name, Id",Benign
cat /var/log/syslog | grep 'systemd' | tail -n 65,Benign
git commit -m 'Fixed weight loading issue in engine.py - issue #8364',Benign
kubectl get services -n staging --watch,Benign
tar -czf /tmp/backup.tar.gz /var/log > /dev/null 2>&1 # task_777,Benign
cat /var/log/syslog | grep 'systemd' | tail -n 37,Benign
kubectl get nodes -n staging --watch,Benign
systemctl status nginx > /dev/null 2>&1 # task_234,Benign
kubectl get services -n monitoring --watch,Benign
"grep -r ""ERROR"" /var/log/ > /dev/null 2>&1 # task_301",Benign
powershell -ep Restricted -File C:\Scripts\maintenance_91.ps1,Benign
powershell -ExecutionPolicy Restricted -File C:\Scripts\maintenance_15.ps1,Benign
cat /var/log/syslog | grep 'systemd' | tail -n 74,Benign
systemctl status nginx > /dev/null 2>&1 # task_639,Benign
git commit -m 'Fixed weight loading issue in engine.py - issue #3784',Benign
powershell -ExecutionPolicy Restricted -File C:\Scripts\maintenance_35.ps1,Benign
powershell -ExecutionPolicy Restricted -File C:\Scripts\maintenance_19.ps1,Benign
git commit -m 'Fixed weight loading issue in engine.py - issue #8006',Benign
Get-Process | % { $_.Name },Benign
systemctl status nginx > /dev/null 2>&1 # task_775,Benign
Get-Service | % { $_.Name },Benign
kubectl get pods -n staging --watch,Benign
cat /var/log/syslog | grep 'systemd' | tail -n 16,Benign
systemctl status nginx > /dev/null 2>&1 # task_670,Benign
terraform init -upgrade,Benign
git commit -m 'Fixed weight loading issue in engine.py - issue #5053',Benign
kubectl get pods -n production --watch,Benign
Get-Content | Sort-Object -Descending,Benign
git commit -m 'Fixed weight loading issue in engine.py - issue #2544',Benign
"grep -r ""ERROR"" /var/log/ > /dev/null 2>&1 # task_208",Benign
"grep -r ""ERROR"" /var/log/ > /dev/null 2>&1 # task_195",Benign
powershell -ep Restricted -File C:\Scripts\maintenance_88.ps1,Benign
terraform init -upgrade,Benign
"Get-Content | Select-Object Name, Id",Benign
terraform destroy -auto-approve,Benign
kubectl get deployments -n dev --watch,Benign
kubectl get configmaps -n dev -o wide,Benign
git commit -m 'Fixed weight loading issue in engine.py - issue #1414',Benign
terraform plan -out=tfplan,Benign
git commit -m 'Fixed weight loading issue in engine.py - issue #4062',Benign
terraform apply -auto-approve,Benign
kubectl get pods -n production -o wide,Benign
cat /var/log/syslog | grep 'systemd' | tail -n 79,Benign
cat /var/log/syslog | grep 'systemd' | tail -n 35,Benign
terraform plan -out=tfplan,Benign
Get-Service | Sort-Object -Descending,Benign
kubectl get configmaps -n dev -o wide,Benign
powershell -ep Restricted -File C:\Scripts\maintenance_64.ps1,Benign
git commit -m 'Fixed weight loading issue in engine.py - issue #9735',Benign
git commit -m 'Fixed weight loading issue in engine.py - issue #4302',Benign
powershell -ExecutionPolicy AllSigned -File C:\Scripts\maintenance_99.ps1,Benign
kubectl get services -n dev -o wide,Benign
powershell -ExecutionPolicy Restricted -File C:\Scripts\maintenance_53.ps1,Benign
git commit -m 'Fixed weight loading issue in engine.py - issue #7208',Benign
cat /var/log/syslog | grep 'systemd' | tail -n 70,Benign
powershell -ExecutionPolicy Restricted -File C:\Scripts\maintenance_13.ps1,Benign
kubectl get deployments -n production -o wide,Benign
powershell -ExecutionPolicy AllSigned -File C:\Scripts\maintenance_84.ps1,Benign
cat /var/log/syslog | grep 'systemd' | tail -n 89,Benign
tar -czf /tmp/backup.tar.gz /var/log > /dev/null 2>&1 # task_825,Benign
Get-Content | % { $_.Name },Benign
systemctl status nginx > /dev/null 2>&1 # task_161,Benign
terraform apply -auto-approve,Benign
kubectl get pods -n dev -o wide,Benign
kubectl get services -n staging -o wide,Benign
terraform plan -out=tfplan,Benign
git commit -m 'Fixed weight loading issue in engine.py - issue #5951',Benign
git commit -m 'Fixed weight loading issue in engine.py - issue #8124',Benign
cat /var/log/syslog | grep 'systemd' | tail -n 83,Benign
Get-ADUser | Where-Object {$_.Status -eq 'Running'},Benign
tar -czf /tmp/backup.tar.gz /var/log > /dev/null 2>&1 # task_854,Benign
systemctl status nginx > /dev/null 2>&1 # task_156,Benign
cat /var/log/syslog | grep 'systemd' | tail -n 26,Benign
Get-EventLog -LogName System | % { $_.Name },Benign
terraform apply -auto-approve,Benign
git commit -m 'Fixed weight loading issue in engine.py - issue #5281',Benign
cat /var/log/syslog | grep 'systemd' | tail -n 46,Benign
terraform destroy -auto-approve,Benign
terraform apply -auto-approve,Benign
cat /var/log/syslog | grep 'systemd' | tail -n 44,Benign
"grep -r ""ERROR"" /var/log/ > /dev/null 2>&1 # task_751",Benign
git commit -m 'Fixed weight loading issue in engine.py - issue #4155',Benign
cat /var/log/syslog | grep 'systemd' | tail -n 14,Benign
git commit -m 'Fixed weight loading issue in engine.py - issue #5155',Benign
"Get-EventLog -LogName System | Select-Object Name, Id",Benign
git commit -m 'Fixed weight loading issue in engine.py - issue #2989',Benign
kubectl get deployments -n kube-system -o wide,Benign
powershell -ep Restricted -File C:\Scripts\maintenance_52.ps1,Benign
git commit -m 'Fixed weight loading issue in engine.py - issue #6948',Benign
cat /var/log/syslog | grep 'systemd' | tail -n 27,Benign
git commit -m 'Fixed weight loading issue in engine.py - issue #2926',Benign
kubectl get configmaps -n dev -o wide,Benign
powershell -ExecutionPolicy AllSigned -File C:\Scripts\maintenance_94.ps1,Benign
git commit -m 'Fixed weight loading issue in engine.py - issue #1406',Benign
kubectl get deployments -n monitoring --watch,Benign
cat /var/log/syslog | grep 'systemd' | tail -n 70,Benign
kubectl get pods -n dev --watch,Benign
git commit -m 'Fixed weight loading issue in engine.py - issue #9147',Benign
Get-EventLog -LogName System | Where-Object {$_.Status -eq 'Running'},Benign
git commit -m 'Fixed weight loading issue in engine.py - issue #4864',Benign
powershell -ep Restricted -File C:\Scripts\maintenance_34.ps1,Benign
git commit -m 'Fixed weight loading issue in engine.py - issue #8666',Benign
Get-EventLog -LogName System | % { $_.Name },Benign
powershell -ep Restricted -File C:\Scripts\maintenance_17.ps1,Benign
powershell -ep Restricted -File C:\Scripts\maintenance_29.ps1,Benign
git commit -m 'Fixed weight loading issue in engine.py - issue #7827',Benign
Get-Content | Sort-Object -Descending,Benign
powershell -ExecutionPolicy AllSigned -File C:\Scripts\maintenance_15.ps1,Benign
powershell -ep Restricted -File C:\Scripts\maintenance_68.ps1,Benign
cat /var/log/syslog | grep 'systemd' | tail -n 20,Benign
kubectl get deployments -n staging --watch,Benign
git commit -m 'Fixed weight loading issue in engine.py - issue #1747',Benign
terraform plan -out=tfplan,Benign
tar -czf /tmp/backup.tar.gz /var/log > /dev/null 2>&1 # task_930,Benign
cat /var/log/syslog | grep 'systemd' | tail -n 24,Benign
systemctl status nginx > /dev/null 2>&1 # task_265,Benign
powershell -ExecutionPolicy Restricted -File C:\Scripts\maintenance_46.ps1,Benign
terraform init -upgrade,Benign
cat /var/log/syslog | grep 'systemd' | tail -n 90,Benign
Get-ADUser | Where-Object {$_.Status -eq 'Running'},Benign
tar -czf /tmp/backup.tar.gz /var/log > /dev/null 2>&1 # task_362,Benign
terraform destroy -auto-approve,Benign
cat /var/log/syslog | grep 'systemd' | tail -n 53,Benign
Get-Content | Sort-Object -Descending,Benign
kubectl get pods -n monitoring -o wide,Benign
terraform apply -auto-approve,Benign
"Get-ADUser | Select-Object Name, Id",Benign
terraform plan -out=tfplan,Benign
Get-Content | % { $_.Name },Benign
cat /var/log/syslog | grep 'systemd' | tail -n 68,Benign
Get-EventLog -LogName System | Where-Object {$_.Status -eq 'Running'},Benign
systemctl status nginx > /dev/null 2>&1 # task_592,Benign
"grep -r ""ERROR"" /var/log/ > /dev/null 2>&1 # task_112",Benign
terraform plan -out=tfplan,Benign
git commit -m 'Fixed weight loading issue in engine.py - issue #5407',Benign
terraform destroy -auto-approve,Benign
kubectl get pods -n dev -o wide,Benign
powershell -ExecutionPolicy AllSigned -File C:\Scripts\maintenance_32.ps1,Benign
Get-Service | % { $_.Name },Benign
systemctl status nginx > /dev/null 2>&1 # task_620,Benign
git commit -m 'Fixed weight loading issue in engine.py - issue #6331',Benign
Get-Process | Sort-Object -Descending,Benign
"Get-EventLog -LogName System | Select-Object Name, Id",Benign
tar -czf /tmp/backup.tar.gz /var/log > /dev/null 2>&1 # task_924,Benign
kubectl get pods -n production -o wide,Benign
powershell -ExecutionPolicy AllSigned -File C:\Scripts\maintenance_11.ps1,Benign
powershell -ExecutionPolicy AllSigned -File C:\Scripts\maintenance_39.ps1,Benign
cat /var/log/syslog | grep 'systemd' | tail -n 62,Benign
kubectl get services -n staging -o wide,Benign
cat /var/log/syslog | grep 'systemd' | tail -n 62,Benign
tar -czf /tmp/backup.tar.gz /var/log > /dev/null 2>&1 # task_781,Benign
Get-Content | Sort-Object -Descending,Benign
"Get-ADUser | Select-Object Name, Id",Benign
kubectl get nodes -n production -o wide,Benign
kubectl get nodes -n dev --watch,Benign
"Get-Content | Select-Object Name, Id",Benign
kubectl get configmaps -n staging --watch,Benign
terraform init -upgrade,Benign
kubectl get pods -n monitoring --watch,Benign
git commit -m 'Fixed weight loading issue in engine.py - issue #9716',Benign
kubectl get nodes -n dev --watch,Benign
cat /var/log/syslog | grep 'systemd' | tail -n 16,Benign
cat /var/log/syslog | grep 'systemd' | tail -n 82,Benign
systemctl status nginx > /dev/null 2>&1 # task_424,Benign
powershell -ExecutionPolicy Restricted -File C:\Scripts\maintenance_27.ps1,Benign
cat /var/log/syslog | grep 'systemd' | tail -n 96,Benign
git commit -m 'Fixed weight loading issue in engine.py - issue #9994',Benign
kubectl get nodes -n dev -o wide,Benign
terraform apply -auto-approve,Benign
terraform init -upgrade,Benign
terraform destroy -auto-approve,Benign
tar -czf /tmp/backup.tar.gz /var/log > /dev/null 2>&1 # task_668,Benign
"Get-Service | Select-Object Name, Id",Benign
tar -czf /tmp/backup.tar.gz /var/log > /dev/null 2>&1 # task_586,Benign
powershell -ep Restricted -File C:\Scripts\maintenance_96.ps1,Benign
terraform plan -out=tfplan,Benign
powershell -ExecutionPolicy Restricted -File C:\Scripts\maintenance_52.ps1,Benign
terraform apply -auto-approve,Benign
git commit -m 'Fixed weight loading issue in engine.py - issue #8475',Benign
kubectl get configmaps -n dev --watch,Benign
systemctl status nginx > /dev/null 2>&1 # task_292,Benign
powershell -ep Restricted -File C:\Scripts\maintenance_87.ps1,Benign
systemctl status nginx > /dev/null 2>&1 # task_122,Benign
kubectl get deployments -n production -o wide,Benign
git commit -m 'Fixed weight loading issue in engine.py - issue #3325',Benign
terraform apply -auto-approve,Benign
kubectl get pods -n staging -o wide,Benign
Get-Service | % { $_.Name },Benign
powershell -ExecutionPolicy AllSigned -File C:\Scripts\maintenance_23.ps1,Benign
terraform init -upgrade,Benign
terraform destroy -auto-approve,Benign
git commit -m 'Fixed weight loading issue in engine.py - issue #3204',Benign
git commit -m 'Fixed weight loading issue in engine.py - issue #8888',Benign
kubectl get deployments -n kube-system -o wide,Benign
terraform init -upgrade,Benign
kubectl get deployments -n staging -o wide,Benign
cat /var/log/syslog | grep 'systemd' | tail -n 83,Benign
powershell -ExecutionPolicy Restricted -File C:\Scripts\maintenance_14.ps1,Benign
Get-ADUser | Where-Object {$_.Status -eq 'Running'},Benign
kubectl get pods -n monitoring --watch,Benign
terraform apply -auto-approve,Benign
cat /var/log/syslog | grep 'systemd' | tail -n 71,Benign
kubectl get deployments -n kube-system -o wide,Benign
kubectl get configmaps -n staging -o wide,Benign
kubectl get services -n monitoring --watch,Benign
"grep -r ""ERROR"" /var/log/ > /dev/null 2>&1 # task_203",Benign
tar -czf /tmp/backup.tar.gz /var/log > /dev/null 2>&1 # task_482,Benign
terraform apply -auto-approve,Benign
git commit -m 'Fixed weight loading issue in engine.py - issue #5105',Benign
terraform destroy -auto-approve,Benign
git commit -m 'Fixed weight loading issue in engine.py - issue #3909',Benign
Get-Service | Sort-Object -Descending,Benign
"grep -r ""ERROR"" /var/log/ > /dev/null 2>&1 # task_536",Benign
cat /var/log/syslog | grep 'systemd' | tail -n 77,Benign
git commit -m 'Fixed weight loading issue in engine.py - issue #4213',Benign
cat /var/log/syslog | grep 'systemd' | tail -n 98,Benign
kubectl get configmaps -n staging -o wide,Benign
git commit -m 'Fixed weight loading issue in engine.py - issue #4781',Benign
powershell -ExecutionPolicy Restricted -File C:\Scripts\maintenance_98.ps1,Benign
systemctl status nginx > /dev/null 2>&1 # task_898,Benign
Get-Process | Sort-Object -Descending,Benign
git commit -m 'Fixed weight loading issue in engine.py - issue #7752',Benign
powershell -ep Restricted -File C:\Scripts\maintenance_68.ps1,Benign
cat /var/log/syslog | grep 'systemd' | tail -n 64,Benign
cat /var/log/syslog | grep 'systemd' | tail -n 49,Benign
kubectl get pods -n monitoring -o wide,Benign
cat /var/log/syslog | grep 'systemd' | tail -n 44,Benign
tar -czf /tmp/backup.tar.gz /var/log > /dev/null 2>&1 # task_260,Benign
systemctl status nginx > /dev/null 2>&1 # task_994,Benign
powershell -ExecutionPolicy AllSigned -File C:\Scripts\maintenance_35.ps1,Benign
powershell -ep Restricted -File C:\Scripts\maintenance_55.ps1,Benign
git commit -m 'Fixed weight loading issue in engine.py - issue #4258',Benign
terraform destroy -auto-approve,Benign
cat /var/log/syslog | grep 'systemd' | tail -n 99,Benign
kubectl get configmaps -n production -o wide,Benign
git commit -m 'Fixed weight loading issue in engine.py - issue #8299',Benign
"Get-Service | Select-Object Name, Id",Benign
git commit -m 'Fixed weight loading issue in engine.py - issue #8807',Benign
cat /var/log/syslog | grep 'systemd' | tail -n 90,Benign
tar -czf /tmp/backup.tar.gz /var/log > /dev/null 2>&1 # task_145,Benign
cat /var/log/syslog | grep 'systemd' | tail -n 19,Benign
terraform destroy -auto-approve,Benign
terraform destroy -auto-approve,Benign
"Get-Service | Select-Object Name, Id",Benign
powershell -ep Restricted -File C:\Scripts\maintenance_54.ps1,Benign
kubectl get nodes -n production -o wide,Benign
kubectl get nodes -n kube-system -o wide,Benign
powershell -ep Restricted -File C:\Scripts\maintenance_39.ps1,Benign
cat /var/log/syslog | grep 'systemd' | tail -n 54,Benign
Get-Process | Where-Object {$_.Status -eq 'Running'},Benign
git commit -m 'Fixed weight loading issue in engine.py - issue #9282',Benign
Get-Service | Where-Object {$_.Status -eq 'Running'},Benign
tar -czf /tmp/backup.tar.gz /var/log > /dev/null 2>&1 # task_217,Benign
kubectl get deployments -n staging -o wide,Benign
cat /var/log/syslog | grep 'systemd' | tail -n 74,Benign
"Get-Service | Select-Object Name, Id",Benign
Get-ADUser | Where-Object {$_.Status -eq 'Running'},Benign
"Get-Service | Select-Object Name, Id",Benign
cat /var/log/syslog | grep 'systemd' | tail -n 46,Benign
terraform plan -out=tfplan,Benign
terraform init -upgrade,Benign
cat /var/log/syslog | grep 'systemd' | tail -n 21,Benign
Get-Process | Sort-Object -Descending,Benign
terraform apply -auto-approve,Benign
kubectl get deployments -n kube-system --watch,Benign
git commit -m 'Fixed weight loading issue in engine.py - issue #9815',Benign
terraform init -upgrade,Benign
cat /var/log/syslog | grep 'systemd' | tail -n 65,Benign
Get-Process | % { $_.Name },Benign
cat /var/log/syslog | grep 'systemd' | tail -n 49,Benign
Get-ADUser | Sort-Object -Descending,Benign
"grep -r ""ERROR"" /var/log/ > /dev/null 2>&1 # task_305",Benign
git commit -m 'Fixed weight loading issue in engine.py - issue #1434',Benign
terraform destroy -auto-approve,Benign
powershell -ExecutionPolicy AllSigned -File C:\Scripts\maintenance_5.ps1,Benign
terraform plan -out=tfplan,Benign
powershell -ep Restricted -File C:\Scripts\maintenance_32.ps1,Benign
git commit -m 'Fixed weight loading issue in engine.py - issue #3712',Benign
powershell -ExecutionPolicy Restricted -File C:\Scripts\maintenance_22.ps1,Benign
kubectl get pods -n monitoring -o wide,Benign
tar -czf /tmp/backup.tar.gz /var/log > /dev/null 2>&1 # task_352,Benign
cat /var/log/syslog | grep 'systemd' | tail -n 13,Benign
terraform plan -out=tfplan,Benign
terraform plan -out=tfplan,Benign
Get-Service | Sort-Object -Descending,Benign
Get-EventLog -LogName System | Sort-Object -Descending,Benign
Get-ADUser | Sort-Object -Descending,Benign
powershell -ep Restricted -File C:\Scripts\maintenance_76.ps1,Benign
git commit -m 'Fixed weight loading issue in engine.py - issue #3777',Benign
kubectl get pods -n staging --watch,Benign
terraform apply -auto-approve,Benign
Get-Service | Where-Object {$_.Status -eq 'Running'},Benign
tar -czf /tmp/backup.tar.gz /var/log > /dev/null 2>&1 # task_680,Benign
Get-Process | Sort-Object -Descending,Benign
Get-Content | Where-Object {$_.Status -eq 'Running'},Benign
Get-ADUser | Sort-Object -Descending,Benign
powershell -ExecutionPolicy Restricted -File C:\Scripts\maintenance_11.ps1,Benign
kubectl get configmaps -n dev -o wide,Benign
Get-Service | Sort-Object -Descending,Benign
terraform apply -auto-approve,Benign
cat /var/log/syslog | grep 'systemd' | tail -n 57,Benign
kubectl get services -n kube-system --watch,Benign
kubectl get nodes -n production -o wide,Benign
cat /var/log/syslog | grep 'systemd' | tail -n 88,Benign
powershell -ep Restricted -File C:\Scripts\maintenance_40.ps1,Benign
cat /var/log/syslog | grep 'systemd' | tail -n 56,Benign
terraform destroy -auto-approve,Benign
cat /var/log/syslog | grep 'systemd' | tail -n 30,Benign
terraform apply -auto-approve,Benign
kubectl get configmaps -n staging --watch,Benign
terraform apply -auto-approve,Benign
terraform destroy -auto-approve,Benign
cat /var/log/syslog | grep 'systemd' | tail -n 46,Benign
cat /var/log/syslog | grep 'systemd' | tail -n 22,Benign
terraform destroy -auto-approve,Benign
git commit -m 'Fixed weight loading issue in engine.py - issue #7748',Benign
git commit -m 'Fixed weight loading issue in engine.py - issue #9843',Benign
kubectl get nodes -n kube-system -o wide,Benign
git commit -m 'Fixed weight loading issue in engine.py - issue #9793',Benign
powershell -ExecutionPolicy AllSigned -File C:\Scripts\maintenance_21.ps1,Benign
terraform init -upgrade,Benign
cat /var/log/syslog | grep 'systemd' | tail -n 27,Benign
cat /var/log/syslog | grep 'systemd' | tail -n 58,Benign
cat /var/log/syslog | grep 'systemd' | tail -n 48,Benign
cat /var/log/syslog | grep 'systemd' | tail -n 39,Benign
"grep -r ""ERROR"" /var/log/ > /dev/null 2>&1 # task_244",Benign
terraform plan -out=tfplan,Benign
kubectl get nodes -n dev -o wide,Benign
cat /var/log/syslog | grep 'systemd' | tail -n 86,Benign
"Get-ADUser | Select-Object Name, Id",Benign
git commit -m 'Fixed weight loading issue in engine.py - issue #2668',Benign
git commit -m 'Fixed weight loading issue in engine.py - issue #3064',Benign
cat /var/log/syslog | grep 'systemd' | tail -n 59,Benign
powershell -ep Restricted -File C:\Scripts\maintenance_79.ps1,Benign
cat /var/log/syslog | grep 'systemd' | tail -n 90,Benign
kubectl get pods -n monitoring --watch,Benign
git commit -m 'Fixed weight loading issue in engine.py - issue #8169',Benign
terraform apply -auto-approve,Benign
terraform plan -out=tfplan,Benign
terraform apply -auto-approve,Benign
terraform destroy -auto-approve,Benign
cat /var/log/syslog | grep 'systemd' | tail -n 68,Benign
kubectl get deployments -n production --watch,Benign
"Get-EventLog -LogName System | Select-Object Name, Id",Benign
kubectl get configmaps -n staging --watch,Benign
kubectl get nodes -n dev --watch,Benign
powershell -ep Restricted -File C:\Scripts\maintenance_57.ps1,Benign
git commit -m 'Fixed weight loading issue in engine.py - issue #7504',Benign
tar -czf /tmp/backup.tar.gz /var/log > /dev/null 2>&1 # task_914,Benign
git commit -m 'Fixed weight loading issue in engine.py - issue #9374',Benign
cat /var/log/syslog | grep 'systemd' | tail -n 60,Benign
"grep -r ""ERROR"" /var/log/ > /dev/null 2>&1 # task_392",Benign
git commit -m 'Fixed weight loading issue in engine.py - issue #8442',Benign
"grep -r ""ERROR"" /var/log/ > /dev/null 2>&1 # task_121",Benign
git commit -m 'Fixed weight loading issue in engine.py - issue #6350',Benign
git commit -m 'Fixed weight loading issue in engine.py - issue #1637',Benign
git commit -m 'Fixed weight loading issue in engine.py - issue #4686',Benign
terraform plan -out=tfplan,Benign
powershell -ep Restricted -File C:\Scripts\maintenance_20.ps1,Benign
kubectl get deployments -n production --watch,Benign
Get-Process | Sort-Object -Descending,Benign
tar -czf /tmp/backup.tar.gz /var/log > /dev/null 2>&1 # task_790,Benign
git commit -m 'Fixed weight loading issue in engine.py - issue #1477',Benign
tar -czf /tmp/backup.tar.gz /var/log > /dev/null 2>&1 # task_457,Benign
terraform init -upgrade,Benign
cat /var/log/syslog | grep 'systemd' | tail -n 10,Benign
kubectl get pods -n dev -o wide,Benign
terraform apply -auto-approve,Benign
powershell -ExecutionPolicy Restricted -File C:\Scripts\maintenance_35.ps1,Benign
kubectl get nodes -n kube-system --watch,Benign
cat /var/log/syslog | grep 'systemd' | tail -n 62,Benign
Get-EventLog -LogName System | Where-Object {$_.Status -eq 'Running'},Benign
terraform init -upgrade,Benign
Get-Service | % { $_.Name },Benign
kubectl get configmaps -n staging -o wide,Benign
git commit -m 'Fixed weight loading issue in engine.py - issue #3406',Benign
tar -czf /tmp/backup.tar.gz /var/log > /dev/null 2>&1 # task_255,Benign
Get-EventLog -LogName System | Sort-Object -Descending,Benign
kubectl get pods -n staging --watch,Benign
terraform plan -out=tfplan,Benign
tar -czf /tmp/backup.tar.gz /var/log > /dev/null 2>&1 # task_514,Benign
powershell -ExecutionPolicy AllSigned -File C:\Scripts\maintenance_56.ps1,Benign
cat /var/log/syslog | grep 'systemd' | tail -n 34,Benign
"Get-Service | Select-Object Name, Id",Benign
kubectl get pods -n monitoring --watch,Benign
"Get-Content | Select-Object Name, Id",Benign
kubectl get configmaps -n staging -o wide,Benign
systemctl status nginx > /dev/null 2>&1 # task_471,Benign
kubectl get deployments -n monitoring --watch,Benign
kubectl get deployments -n kube-system --watch,Benign
"grep -r ""ERROR"" /var/log/ > /dev/null 2>&1 # task_979",Benign
kubectl get nodes -n production -o wide,Benign
terraform init -upgrade,Benign
terraform init -upgrade,Benign
"Get-Process | Select-Object Name, Id",Benign
git commit -m 'Fixed weight loading issue in engine.py - issue #1111',Benign
powershell -ep Restricted -File C:\Scripts\maintenance_20.ps1,Benign
kubectl get services -n monitoring --watch,Benign
cat /var/log/syslog | grep 'systemd' | tail -n 59,Benign
git commit -m 'Fixed weight loading issue in engine.py - issue #8711',Benign
tar -czf /tmp/backup.tar.gz /var/log > /dev/null 2>&1 # task_412,Benign
systemctl status nginx > /dev/null 2>&1 # task_687,Benign
tar -czf /tmp/backup.tar.gz /var/log > /dev/null 2>&1 # task_972,Benign
cat /var/log/syslog | grep 'systemd' | tail -n 82,Benign
git commit -m 'Fixed weight loading issue in engine.py - issue #4346',Benign
"grep -r ""ERROR"" /var/log/ > /dev/null 2>&1 # task_910",Benign
"grep -r ""ERROR"" /var/log/ > /dev/null 2>&1 # task_107",Benign
cat /var/log/syslog | grep 'systemd' | tail -n 44,Benign
cat /var/log/syslog | grep 'systemd' | tail -n 93,Benign
powershell -ep Restricted -File C:\Scripts\maintenance_34.ps1,Benign
powershell -ep Restricted -File C:\Scripts\maintenance_62.ps1,Benign
Get-EventLog -LogName System | Where-Object {$_.Status -eq 'Running'},Benign
terraform apply -auto-approve,Benign
"grep -r ""ERROR"" /var/log/ > /dev/null 2>&1 # task_877",Benign
terraform init -upgrade,Benign
git commit -m 'Fixed weight loading issue in engine.py - issue #1228',Benign
Get-ADUser | % { $_.Name },Benign
git commit -m 'Fixed weight loading issue in engine.py - issue #3462',Benign
Get-EventLog -LogName System | Where-Object {$_.Status -eq 'Running'},Benign
git commit -m 'Fixed weight loading issue in engine.py - issue #3931',Benign
cat /var/log/syslog | grep 'systemd' | tail -n 39,Benign
terraform apply -auto-approve,Benign
powershell -ep Restricted -File C:\Scripts\maintenance_84.ps1,Benign
git commit -m 'Fixed weight loading issue in engine.py - issue #9562',Benign
git commit -m 'Fixed weight loading issue in engine.py - issue #6376',Benign
"grep -r ""ERROR"" /var/log/ > /dev/null 2>&1 # task_801",Benign
kubectl get pods -n kube-system --watch,Benign
cat /var/log/syslog | grep 'systemd' | tail -n 19,Benign
systemctl status nginx > /dev/null 2>&1 # task_886,Benign
powershell -ExecutionPolicy AllSigned -File C:\Scripts\maintenance_74.ps1,Benign
terraform init -upgrade,Benign
terraform init -upgrade,Benign
powershell -ep Restricted -File C:\Scripts\maintenance_10.ps1,Benign
kubectl get pods -n production -o wide,Benign
terraform apply -auto-approve,Benign
tar -czf /tmp/backup.tar.gz /var/log > /dev/null 2>&1 # task_968,Benign
Get-ADUser | Sort-Object -Descending,Benign
Get-EventLog -LogName System | % { $_.Name },Benign
terraform plan -out=tfplan,Benign
cat /var/log/syslog | grep 'systemd' | tail -n 91,Benign
cat /var/log/syslog | grep 'systemd' | tail -n 45,Benign
git commit -m 'Fixed weight loading issue in engine.py - issue #2594',Benign
git commit -m 'Fixed weight loading issue in engine.py - issue #4222',Benign
cat /var/log/syslog | grep 'systemd' | tail -n 59,Benign
terraform init -upgrade,Benign
terraform init -upgrade,Benign
kubectl get pods -n monitoring --watch,Benign
terraform init -upgrade,Benign
kubectl get configmaps -n monitoring -o wide,Benign
"Get-Content | Select-Object Name, Id",Benign
kubectl get deployments -n dev --watch,Benign
git commit -m 'Fixed weight loading issue in engine.py - issue #7834',Benign
Get-EventLog -LogName System | % { $_.Name },Benign
powershell -ExecutionPolicy Restricted -File C:\Scripts\maintenance_70.ps1,Benign
powershell -ExecutionPolicy AllSigned -File C:\Scripts\maintenance_51.ps1,Benign
git commit -m 'Fixed weight loading issue in engine.py - issue #5994',Benign
powershell -ExecutionPolicy AllSigned -File C:\Scripts\maintenance_37.ps1,Benign
cat /var/log/syslog | grep 'systemd' | tail -n 55,Benign
Get-Process | Sort-Object -Descending,Benign
cat /var/log/syslog | grep 'systemd' | tail -n 10,Benign
systemctl status nginx > /dev/null 2>&1 # task_330,Benign
cat /var/log/syslog | grep 'systemd' | tail -n 72,Benign
systemctl status nginx > /dev/null 2>&1 # task_291,Benign
systemctl status nginx > /dev/null 2>&1 # task_831,Benign
tar -czf /tmp/backup.tar.gz /var/log > /dev/null 2>&1 # task_366,Benign
kubectl get services -n kube-system --watch,Benign
cat /var/log/syslog | grep 'systemd' | tail -n 100,Benign
terraform init -upgrade,Benign
powershell -ep Restricted -File C:\Scripts\maintenance_43.ps1,Benign
"Get-Content | Select-Object Name, Id",Benign
git commit -m 'Fixed weight loading issue in engine.py - issue #7457',Benign
"Get-EventLog -LogName System | Select-Object Name, Id",Benign
terraform init -upgrade,Benign
"Get-Content | Select-Object Name, Id",Benign
Get-Content | Sort-Object -Descending,Benign
terraform apply -auto-approve,Benign
systemctl status nginx > /dev/null 2>&1 # task_263,Benign
cat /var/log/syslog | grep 'systemd' | tail -n 59,Benign
Get-Process | % { $_.Name },Benign
tar -czf /tmp/backup.tar.gz /var/log > /dev/null 2>&1 # task_913,Benign
terraform apply -auto-approve,Benign
cat /var/log/syslog | grep 'systemd' | tail -n 63,Benign
cat /var/log/syslog | grep 'systemd' | tail -n 76,Benign
kubectl get deployments -n monitoring --watch,Benign
Get-Process | Where-Object {$_.Status -eq 'Running'},Benign
Get-ADUser | % { $_.Name },Benign
cat /var/log/syslog | grep 'systemd' | tail -n 95,Benign
terraform destroy -auto-approve,Benign
git commit -m 'Fixed weight loading issue in engine.py - issue #2620',Benign
cat /var/log/syslog | grep 'systemd' | tail -n 62,Benign
kubectl get nodes -n production -o wide,Benign
Get-Service | Where-Object {$_.Status -eq 'Running'},Benign
cat /var/log/syslog | grep 'systemd' | tail -n 29,Benign
powershell -ep Restricted -File C:\Scripts\maintenance_53.ps1,Benign
kubectl get deployments -n monitoring --watch,Benign
git commit -m 'Fixed weight loading issue in engine.py - issue #5064',Benign
powershell -ExecutionPolicy Restricted -File C:\Scripts\maintenance_22.ps1,Benign
tar -czf /tmp/backup.tar.gz /var/log > /dev/null 2>&1 # task_953,Benign
git commit -m 'Fixed weight loading issue in engine.py - issue #2369',Benign
terraform destroy -auto-approve,Benign
systemctl status nginx > /dev/null 2>&1 # task_412,Benign
cat /var/log/syslog | grep 'systemd' | tail -n 21,Benign
terraform apply -auto-approve,Benign
tar -czf /tmp/backup.tar.gz /var/log > /dev/null 2>&1 # task_996,Benign
cat /var/log/syslog | grep 'systemd' | tail -n 16,Benign
cat /var/log/syslog | grep 'systemd' | tail -n 21,Benign
kubectl get nodes -n kube-system -o wide,Benign
cat /var/log/syslog | grep 'systemd' | tail -n 64,Benign
"grep -r ""ERROR"" /var/log/ > /dev/null 2>&1 # task_232",Benign
cat /var/log/syslog | grep 'systemd' | tail -n 16,Benign
git commit -m 'Fixed weight loading issue in engine.py - issue #1143',Benign
terraform plan -out=tfplan,Benign
git commit -m 'Fixed weight loading issue in engine.py - issue #9739',Benign
Get-ADUser | % { $_.Name },Benign
powershell -ExecutionPolicy AllSigned -File C:\Scripts\maintenance_27.ps1,Benign
kubectl get pods -n monitoring --watch,Benign
powershell -ExecutionPolicy AllSigned -File C:\Scripts\maintenance_81.ps1,Benign
cat /var/log/syslog | grep 'systemd' | tail -n 20,Benign
systemctl status nginx > /dev/null 2>&1 # task_944,Benign
cat /var/log/syslog | grep 'systemd' | tail -n 30,Benign
git commit -m 'Fixed weight loading issue in engine.py - issue #4923',Benign
powershell -ExecutionPolicy Restricted -File C:\Scripts\maintenance_70.ps1,Benign
cat /var/log/syslog | grep 'systemd' | tail -n 46,Benign
kubectl get nodes -n kube-system --watch,Benign
git commit -m 'Fixed weight loading issue in engine.py - issue #2261',Benign
"Get-ADUser | Select-Object Name, Id",Benign
cat /var/log/syslog | grep 'systemd' | tail -n 59,Benign
"grep -r ""ERROR"" /var/log/ > /dev/null 2>&1 # task_645",Benign
terraform apply -auto-approve,Benign
powershell -ep Restricted -File C:\Scripts\maintenance_28.ps1,Benign
terraform destroy -auto-approve,Benign
systemctl status nginx > /dev/null 2>&1 # task_967,Benign
Get-ADUser | % { $_.Name },Benign
powershell -ExecutionPolicy AllSigned -File C:\Scripts\maintenance_75.ps1,Benign
kubectl get nodes -n dev -o wide,Benign
kubectl get pods -n monitoring -o wide,Benign
kubectl get pods -n kube-system --watch,Benign
git commit -m 'Fixed weight loading issue in engine.py - issue #6948',Benign
git commit -m 'Fixed weight loading issue in engine.py - issue #9688',Benign
"Get-Process | Select-Object Name, Id",Benign
terraform destroy -auto-approve,Benign
Get-ADUser | Sort-Object -Descending,Benign
kubectl get nodes -n kube-system -o wide,Benign
kubectl get deployments -n dev --watch,Benign
powershell -ExecutionPolicy Restricted -File C:\Scripts\maintenance_28.ps1,Benign
terraform destroy -auto-approve,Benign
kubectl get services -n staging --watch,Benign
terraform destroy -auto-approve,Benign
kubectl get nodes -n dev -o wide,Benign
Get-Service | Sort-Object -Descending,Benign
git commit -m 'Fixed weight loading issue in engine.py - issue #5454',Benign
terraform apply -auto-approve,Benign
git commit -m 'Fixed weight loading issue in engine.py - issue #7623',Benign
git commit -m 'Fixed weight loading issue in engine.py - issue #3969',Benign
powershell -ExecutionPolicy Restricted -File C:\Scripts\maintenance_64.ps1,Benign
"grep -r ""ERROR"" /var/log/ > /dev/null 2>&1 # task_905",Benign
systemctl status nginx > /dev/null 2>&1 # task_312,Benign
terraform apply -auto-approve,Benign
tar -czf /tmp/backup.tar.gz /var/log > /dev/null 2>&1 # task_527,Benign
Get-Process | Sort-Object -Descending,Benign
git commit -m 'Fixed weight loading issue in engine.py - issue #5332',Benign
Get-EventLog -LogName System | Sort-Object -Descending,Benign
kubectl get services -n production -o wide,Benign
"grep -r ""ERROR"" /var/log/ > /dev/null 2>&1 # task_173",Benign
powershell -ExecutionPolicy Restricted -File C:\Scripts\maintenance_98.ps1,Benign
Get-Service | Sort-Object -Descending,Benign
powershell -ExecutionPolicy AllSigned -File C:\Scripts\maintenance_89.ps1,Benign
cat /var/log/syslog | grep 'systemd' | tail -n 97,Benign
cat /var/log/syslog | grep 'systemd' | tail -n 45,Benign
terraform apply -auto-approve,Benign
powershell -ep Restricted -File C:\Scripts\maintenance_1.ps1,Benign
tar -czf /tmp/backup.tar.gz /var/log > /dev/null 2>&1 # task_925,Benign
powershell -ExecutionPolicy AllSigned -File C:\Scripts\maintenance_38.ps1,Benign
Get-Process | Sort-Object -Descending,Benign
git commit -m 'Fixed weight loading issue in engine.py - issue #2070',Benign
Get-EventLog -LogName System | % { $_.Name },Benign
terraform apply -auto-approve,Benign
cat /var/log/syslog | grep 'systemd' | tail -n 59,Benign
powershell -ExecutionPolicy Restricted -File C:\Scripts\maintenance_18.ps1,Benign
tar -czf /tmp/backup.tar.gz /var/log > /dev/null 2>&1 # task_589,Benign
powershell -ExecutionPolicy Restricted -File C:\Scripts\maintenance_48.ps1,Benign
kubectl get deployments -n monitoring -o wide,Benign
git commit -m 'Fixed weight loading issue in engine.py - issue #5882',Benign
powershell -ep Restricted -File C:\Scripts\maintenance_46.ps1,Benign
cat /var/log/syslog | grep 'systemd' | tail -n 16,Benign
Get-ADUser | Where-Object {$_.Status -eq 'Running'},Benign
terraform init -upgrade,Benign
git commit -m 'Fixed weight loading issue in engine.py - issue #9266',Benign
"grep -r ""ERROR"" /var/log/ > /dev/null 2>&1 # task_488",Benign
terraform destroy -auto-approve,Benign
kubectl get deployments -n production -o wide,Benign
terraform apply -auto-approve,Benign
cat /var/log/syslog | grep 'systemd' | tail -n 33,Benign
cat /var/log/syslog | grep 'systemd' | tail -n 94,Benign
Get-Process | % { $_.Name },Benign
cat /var/log/syslog | grep 'systemd' | tail -n 95,Benign
powershell -ep Restricted -File C:\Scripts\maintenance_19.ps1,Benign
terraform apply -auto-approve,Benign
powershell -ExecutionPolicy AllSigned -File C:\Scripts\maintenance_17.ps1,Benign
kubectl get deployments -n dev -o wide,Benign
systemctl status nginx > /dev/null 2>&1 # task_669,Benign
Get-Content | % { $_.Name },Benign
powershell -ExecutionPolicy Restricted -File C:\Scripts\maintenance_34.ps1,Benign
Get-EventLog -LogName System | % { $_.Name },Benign
git commit -m 'Fixed weight loading issue in engine.py - issue #9976',Benign
powershell -ep Restricted -File C:\Scripts\maintenance_65.ps1,Benign
terraform init -upgrade,Benign
kubectl get services -n kube-system --watch,Benign
"grep -r ""ERROR"" /var/log/ > /dev/null 2>&1 # task_140",Benign
git commit -m 'Fixed weight loading issue in engine.py - issue #1540',Benign
powershell -ep Restricted -File C:\Scripts\maintenance_56.ps1,Benign
cat /var/log/syslog | grep 'systemd' | tail -n 45,Benign
terraform init -upgrade,Benign
"grep -r ""ERROR"" /var/log/ > /dev/null 2>&1 # task_427",Benign
kubectl get pods -n monitoring --watch,Benign
kubectl get pods -n dev --watch,Benign
powershell -ExecutionPolicy Restricted -File C:\Scripts\maintenance_78.ps1,Benign
tar -czf /tmp/backup.tar.gz /var/log > /dev/null 2>&1 # task_474,Benign
powershell -ExecutionPolicy AllSigned -File C:\Scripts\maintenance_53.ps1,Benign
powershell -ExecutionPolicy Restricted -File C:\Scripts\maintenance_6.ps1,Benign
powershell -ExecutionPolicy Restricted -File C:\Scripts\maintenance_58.ps1,Benign
cat /var/log/syslog | grep 'systemd' | tail -n 19,Benign
kubectl get deployments -n kube-system --watch,Benign
"grep -r ""ERROR"" /var/log/ > /dev/null 2>&1 # task_571",Benign
cat /var/log/syslog | grep 'systemd' | tail -n 76,Benign
git commit -m 'Fixed weight loading issue in engine.py - issue #8258',Benign
kubectl get deployments -n dev -o wide,Benign
Get-EventLog -LogName System | Where-Object {$_.Status -eq 'Running'},Benign
powershell -ExecutionPolicy Restricted -File C:\Scripts\maintenance_43.ps1,Benign
cat /var/log/syslog | grep 'systemd' | tail -n 63,Benign
"Get-Service | Select-Object Name, Id",Benign
kubectl get services -n production --watch,Benign
"grep -r ""ERROR"" /var/log/ > /dev/null 2>&1 # task_678",Benign
tar -czf /tmp/backup.tar.gz /var/log > /dev/null 2>&1 # task_321,Benign
cat /var/log/syslog | grep 'systemd' | tail -n 23,Benign
git commit -m 'Fixed weight loading issue in engine.py - issue #9600',Benign
terraform destroy -auto-approve,Benign
tar -czf /tmp/backup.tar.gz /var/log > /dev/null 2>&1 # task_114,Benign
git commit -m 'Fixed weight loading issue in engine.py - issue #2599',Benign
powershell -ExecutionPolicy Restricted -File C:\Scripts\maintenance_88.ps1,Benign
tar -czf /tmp/backup.tar.gz /var/log > /dev/null 2>&1 # task_715,Benign
Get-Content | Sort-Object -Descending,Benign
git commit -m 'Fixed weight loading issue in engine.py - issue #8320',Benign
cat /var/log/syslog | grep 'systemd' | tail -n 38,Benign
cat /var/log/syslog | grep 'systemd' | tail -n 14,Benign
cat /var/log/syslog | grep 'systemd' | tail -n 82,Benign
Get-Service | % { $_.Name },Benign
powershell -ExecutionPolicy Restricted -File C:\Scripts\maintenance_3.ps1,Benign
terraform init -upgrade,Benign
terraform init -upgrade,Benign
terraform destroy -auto-approve,Benign
terraform destroy -auto-approve,Benign
"Get-Service | Select-Object Name, Id",Benign
powershell -ExecutionPolicy Restricted -File C:\Scripts\maintenance_18.ps1,Benign
cat /var/log/syslog | grep 'systemd' | tail -n 60,Benign
cat /var/log/syslog | grep 'systemd' | tail -n 63,Benign
tar -czf /tmp/backup.tar.gz /var/log > /dev/null 2>&1 # task_635,Benign
kubectl get pods -n kube-system -o wide,Benign
git commit -m 'Fixed weight loading issue in engine.py - issue #4758',Benign
cat /var/log/syslog | grep 'systemd' | tail -n 95,Benign
kubectl get configmaps -n dev --watch,Benign
Get-Content | Sort-Object -Descending,Benign
powershell -ExecutionPolicy Restricted -File C:\Scripts\maintenance_26.ps1,Benign
git commit -m 'Fixed weight loading issue in engine.py - issue #7580',Benign
cat /var/log/syslog | grep 'systemd' | tail -n 12,Benign
kubectl get pods -n kube-system --watch,Benign
cat /var/log/syslog | grep 'systemd' | tail -n 97,Benign
git commit -m 'Fixed weight loading issue in engine.py - issue #2245',Benign
kubectl get deployments -n production --watch,Benign
Get-Service | % { $_.Name },Benign
cat /var/log/syslog | grep 'systemd' | tail -n 86,Benign
cat /var/log/syslog | grep 'systemd' | tail -n 75,Benign
terraform init -upgrade,Benign
Get-Process | Where-Object {$_.Status -eq 'Running'},Benign
kubectl get configmaps -n production --watch,Benign
terraform apply -auto-approve,Benign
cat /var/log/syslog | grep 'systemd' | tail -n 37,Benign
Get-Content | Sort-Object -Descending,Benign
powershell -ep Restricted -File C:\Scripts\maintenance_59.ps1,Benign
terraform plan -out=tfplan,Benign
kubectl get services -n monitoring --watch,Benign
powershell -ExecutionPolicy AllSigned -File C:\Scripts\maintenance_32.ps1,Benign
"grep -r ""ERROR"" /var/log/ > /dev/null 2>&1 # task_668",Benign
powershell -ExecutionPolicy AllSigned -File C:\Scripts\maintenance_78.ps1,Benign
powershell -ep Restricted -File C:\Scripts\maintenance_2.ps1,Benign
cat /var/log/syslog | grep 'systemd' | tail -n 74,Benign
Get-Content | Where-Object {$_.Status -eq 'Running'},Benign
terraform apply -auto-approve,Benign
git commit -m 'Fixed weight loading issue in engine.py - issue #7142',Benign
tar -czf /tmp/backup.tar.gz /var/log > /dev/null 2>&1 # task_816,Benign
git commit -m 'Fixed weight loading issue in engine.py - issue #4228',Benign
cat /var/log/syslog | grep 'systemd' | tail -n 24,Benign
Get-Service | Sort-Object -Descending,Benign
cat /var/log/syslog | grep 'systemd' | tail -n 49,Benign
"grep -r ""ERROR"" /var/log/ > /dev/null 2>&1 # task_752",Benign
"Get-Service | Select-Object Name, Id",Benign
kubectl get configmaps -n dev -o wide,Benign
Get-Process | % { $_.Name },Benign
git commit -m 'Fixed weight loading issue in engine.py - issue #9033',Benign
Get-EventLog -LogName System | Where-Object {$_.Status -eq 'Running'},Benign
terraform destroy -auto-approve,Benign
kubectl get configmaps -n staging --watch,Benign
cat /var/log/syslog | grep 'systemd' | tail -n 62,Benign
kubectl get deployments -n monitoring -o wide,Benign
"Get-Content | Select-Object Name, Id",Benign
powershell -ExecutionPolicy Restricted -File C:\Scripts\maintenance_9.ps1,Benign
terraform destroy -auto-approve,Benign
powershell -ep Restricted -File C:\Scripts\maintenance_44.ps1,Benign
git commit -m 'Fixed weight loading issue in engine.py - issue #7564',Benign
powershell -ep Restricted -File C:\Scripts\maintenance_63.ps1,Benign
git commit -m 'Fixed weight loading issue in engine.py - issue #9227',Benign
terraform destroy -auto-approve,Benign
cat /var/log/syslog | grep 'systemd' | tail -n 40,Benign
Get-Content | % { $_.Name },Benign
terraform destroy -auto-approve,Benign
powershell -ExecutionPolicy Restricted -File C:\Scripts\maintenance_83.ps1,Benign
Get-Content | Sort-Object -Descending,Benign
terraform apply -auto-approve,Benign
cat /var/log/syslog | grep 'systemd' | tail -n 58,Benign
terraform destroy -auto-approve,Benign
git commit -m 'Fixed weight loading issue in engine.py - issue #4500',Benign
powershell -ExecutionPolicy Restricted -File C:\Scripts\maintenance_82.ps1,Benign
powershell -ExecutionPolicy AllSigned -File C:\Scripts\maintenance_33.ps1,Benign
tar -czf /tmp/backup.tar.gz /var/log > /dev/null 2>&1 # task_930,Benign
powershell -ep Restricted -File C:\Scripts\maintenance_33.ps1,Benign
powershell -ExecutionPolicy AllSigned -File C:\Scripts\maintenance_97.ps1,Benign
"Get-Content | Select-Object Name, Id",Benign
terraform destroy -auto-approve,Benign
kubectl get services -n monitoring -o wide,Benign
terraform plan -out=tfplan,Benign
git commit -m 'Fixed weight loading issue in engine.py - issue #7028',Benign
cat /var/log/syslog | grep 'systemd' | tail -n 46,Benign
Get-ADUser | Where-Object {$_.Status -eq 'Running'},Benign
cat /var/log/syslog | grep 'systemd' | tail -n 41,Benign
"Get-EventLog -LogName System | Select-Object Name, Id",Benign
"grep -r ""ERROR"" /var/log/ > /dev/null 2>&1 # task_804",Benign
cat /var/log/syslog | grep 'systemd' | tail -n 13,Benign
cat /var/log/syslog | grep 'systemd' | tail -n 39,Benign
git commit -m 'Fixed weight loading issue in engine.py - issue #4355',Benign
Get-Content | Sort-Object -Descending,Benign
git commit -m 'Fixed weight loading issue in engine.py - issue #9977',Benign
terraform plan -out=tfplan,Benign
kubectl get configmaps -n staging --watch,Benign
tar -czf /tmp/backup.tar.gz /var/log > /dev/null 2>&1 # task_452,Benign
cat /var/log/syslog | grep 'systemd' | tail -n 52,Benign
"grep -r ""ERROR"" /var/log/ > /dev/null 2>&1 # task_735",Benign
terraform init -upgrade,Benign
terraform destroy -auto-approve,Benign
terraform plan -out=tfplan,Benign
terraform plan -out=tfplan,Benign
git commit -m 'Fixed weight loading issue in engine.py - issue #1569',Benign
"grep -r ""ERROR"" /var/log/ > /dev/null 2>&1 # task_938",Benign
powershell -ExecutionPolicy AllSigned -File C:\Scripts\maintenance_71.ps1,Benign
systemctl status nginx > /dev/null 2>&1 # task_447,Benign
kubectl get services -n dev --watch,Benign
terraform plan -out=tfplan,Benign
tar -czf /tmp/backup.tar.gz /var/log > /dev/null 2>&1 # task_437,Benign
terraform plan -out=tfplan,Benign
kubectl get nodes -n dev --watch,Benign
kubectl get configmaps -n monitoring --watch,Benign
tar -czf /tmp/backup.tar.gz /var/log > /dev/null 2>&1 # task_896,Benign
tar -czf /tmp/backup.tar.gz /var/log > /dev/null 2>&1 # task_726,Benign
cat /var/log/syslog | grep 'systemd' | tail -n 50,Benign
cat /var/log/syslog | grep 'systemd' | tail -n 38,Benign
powershell -ep Restricted -File C:\Scripts\maintenance_38.ps1,Benign
terraform destroy -auto-approve,Benign
"Get-ADUser | Select-Object Name, Id",Benign
terraform destroy -auto-approve,Benign
git commit -m 'Fixed weight loading issue in engine.py - issue #4780',Benign
powershell -ExecutionPolicy AllSigned -File C:\Scripts\maintenance_62.ps1,Benign
kubectl get pods -n production -o wide,Benign
"grep -r ""ERROR"" /var/log/ > /dev/null 2>&1 # task_228",Benign
tar -czf /tmp/backup.tar.gz /var/log > /dev/null 2>&1 # task_978,Benign
git commit -m 'Fixed weight loading issue in engine.py - issue #6868',Benign
git commit -m 'Fixed weight loading issue in engine.py - issue #5876',Benign
Get-EventLog -LogName System | Where-Object {$_.Status -eq 'Running'},Benign
tar -czf /tmp/backup.tar.gz /var/log > /dev/null 2>&1 # task_223,Benign
Get-Content | % { $_.Name },Benign
powershell -ExecutionPolicy Restricted -File C:\Scripts\maintenance_86.ps1,Benign
systemctl status nginx > /dev/null 2>&1 # task_677,Benign
git commit -m 'Fixed weight loading issue in engine.py - issue #3779',Benign
git commit -m 'Fixed weight loading issue in engine.py - issue #5739',Benign
cat /var/log/syslog | grep 'systemd' | tail -n 28,Benign
kubectl get pods -n dev --watch,Benign
kubectl get configmaps -n staging --watch,Benign
Get-EventLog -LogName System | Where-Object {$_.Status -eq 'Running'},Benign
terraform init -upgrade,Benign
terraform apply -auto-approve,Benign
tar -czf /tmp/backup.tar.gz /var/log > /dev/null 2>&1 # task_246,Benign
"grep -r ""ERROR"" /var/log/ > /dev/null 2>&1 # task_353",Benign
cat /var/log/syslog | grep 'systemd' | tail -n 85,Benign
kubectl get configmaps -n dev -o wide,Benign
kubectl get nodes -n kube-system --watch,Benign
terraform apply -auto-approve,Benign
tar -czf /tmp/backup.tar.gz /var/log > /dev/null 2>&1 # task_890,Benign
powershell -ExecutionPolicy AllSigned -File C:\Scripts\maintenance_27.ps1,Benign
Get-ADUser | Where-Object {$_.Status -eq 'Running'},Benign
"Get-Service | Select-Object Name, Id",Benign
git commit -m 'Fixed weight loading issue in engine.py - issue #9474',Benign
kubectl get nodes -n kube-system --watch,Benign
systemctl status nginx > /dev/null 2>&1 # task_162,Benign
git commit -m 'Fixed weight loading issue in engine.py - issue #1854',Benign
terraform init -upgrade,Benign
Get-Process | Where-Object {$_.Status -eq 'Running'},Benign
powershell -ep Restricted -File C:\Scripts\maintenance_27.ps1,Benign
git commit -m 'Fixed weight loading issue in engine.py - issue #9100',Benign
terraform init -upgrade,Benign
powershell -ep Restricted -File C:\Scripts\maintenance_79.ps1,Benign
Get-EventLog -LogName System | Sort-Object -Descending,Benign
tar -czf /tmp/backup.tar.gz /var/log > /dev/null 2>&1 # task_730,Benign
tar -czf /tmp/backup.tar.gz /var/log > /dev/null 2>&1 # task_949,Benign
systemctl status nginx > /dev/null 2>&1 # task_200,Benign
terraform init -upgrade,Benign
terraform plan -out=tfplan,Benign
powershell -ExecutionPolicy AllSigned -File C:\Scripts\maintenance_11.ps1,Benign
"Get-Service | Select-Object Name, Id",Benign
"Get-Service | Select-Object Name, Id",Benign
kubectl get deployments -n dev --watch,Benign
powershell -ExecutionPolicy AllSigned -File C:\Scripts\maintenance_78.ps1,Benign
powershell -ep Restricted -File C:\Scripts\maintenance_16.ps1,Benign
cat /var/log/syslog | grep 'systemd' | tail -n 91,Benign
cat /var/log/syslog | grep 'systemd' | tail -n 58,Benign
Get-Process | Sort-Object -Descending,Benign
cat /var/log/syslog | grep 'systemd' | tail -n 59,Benign
"Get-ADUser | Select-Object Name, Id",Benign
kubectl get configmaps -n production --watch,Benign
Get-ADUser | Where-Object {$_.Status -eq 'Running'},Benign
powershell -ExecutionPolicy Restricted -File C:\Scripts\maintenance_12.ps1,Benign
"grep -r ""ERROR"" /var/log/ > /dev/null 2>&1 # task_802",Benign
git commit -m 'Fixed weight loading issue in engine.py - issue #9072',Benign
git commit -m 'Fixed weight loading issue in engine.py - issue #7057',Benign
kubectl get nodes -n monitoring -o wide,Benign
powershell -ep Restricted -File C:\Scripts\maintenance_74.ps1,Benign
git commit -m 'Fixed weight loading issue in engine.py - issue #4049',Benign
systemctl status nginx > /dev/null 2>&1 # task_515,Benign
Get-ADUser | Sort-Object -Descending,Benign
powershell -ExecutionPolicy AllSigned -File C:\Scripts\maintenance_6.ps1,Benign
Get-Service | % { $_.Name },Benign
terraform init -upgrade,Benign
kubectl get nodes -n dev -o wide,Benign
systemctl status nginx > /dev/null 2>&1 # task_843,Benign
cat /var/log/syslog | grep 'systemd' | tail -n 71,Benign
kubectl get services -n staging --watch,Benign
cat /var/log/syslog | grep 'systemd' | tail -n 66,Benign
terraform plan -out=tfplan,Benign
powershell -ep Restricted -File C:\Scripts\maintenance_13.ps1,Benign
terraform destroy -auto-approve,Benign
kubectl get deployments -n staging --watch,Benign
Get-Process | Where-Object {$_.Status -eq 'Running'},Benign
terraform destroy -auto-approve,Benign
powershell -ExecutionPolicy AllSigned -File C:\Scripts\maintenance_59.ps1,Benign
terraform init -upgrade,Benign
cat /var/log/syslog | grep 'systemd' | tail -n 69,Benign
systemctl status nginx > /dev/null 2>&1 # task_174,Benign
Get-Service | Sort-Object -Descending,Benign
"grep -r ""ERROR"" /var/log/ > /dev/null 2>&1 # task_910",Benign
terraform apply -auto-approve,Benign
terraform destroy -auto-approve,Benign
git commit -m 'Fixed weight loading issue in engine.py - issue #6420',Benign
Get-ADUser | Sort-Object -Descending,Benign
powershell -ep Restricted -File C:\Scripts\maintenance_56.ps1,Benign
kubectl get configmaps -n dev -o wide,Benign
Get-Service | Sort-Object -Descending,Benign
git commit -m 'Fixed weight loading issue in engine.py - issue #4798',Benign
"grep -r ""ERROR"" /var/log/ > /dev/null 2>&1 # task_990",Benign
powershell -ExecutionPolicy Restricted -File C:\Scripts\maintenance_68.ps1,Benign
"grep -r ""ERROR"" /var/log/ > /dev/null 2>&1 # task_267",Benign
git commit -m 'Fixed weight loading issue in engine.py - issue #2557',Benign
kubectl get nodes -n monitoring -o wide,Benign
powershell -ExecutionPolicy AllSigned -File C:\Scripts\maintenance_46.ps1,Benign
Get-ADUser | % { $_.Name },Benign
terraform apply -auto-approve,Benign
systemctl status nginx > /dev/null 2>&1 # task_263,Benign
tar -czf /tmp/backup.tar.gz /var/log > /dev/null 2>&1 # task_996,Benign
systemctl status nginx > /dev/null 2>&1 # task_981,Benign
terraform apply -auto-approve,Benign
Get-EventLog -LogName System | % { $_.Name },Benign
terraform destroy -auto-approve,Benign
powershell -ExecutionPolicy AllSigned -File C:\Scripts\maintenance_88.ps1,Benign
powershell -ExecutionPolicy Restricted -File C:\Scripts\maintenance_21.ps1,Benign
kubectl get pods -n staging --watch,Benign
systemctl status nginx > /dev/null 2>&1 # task_735,Benign
powershell -ExecutionPolicy AllSigned -File C:\Scripts\maintenance_42.ps1,Benign
kubectl get configmaps -n monitoring -o wide,Benign
powershell -ep Restricted -File C:\Scripts\maintenance_12.ps1,Benign
kubectl get configmaps -n staging -o wide,Benign
powershell -ep Restricted -File C:\Scripts\maintenance_14.ps1,Benign
kubectl get deployments -n staging -o wide,Benign
systemctl status nginx > /dev/null 2>&1 # task_666,Benign
kubectl get pods -n production --watch,Benign
cat /var/log/syslog | grep 'systemd' | tail -n 93,Benign
kubectl get deployments -n kube-system -o wide,Benign
kubectl get deployments -n kube-system -o wide,Benign
tar -czf /tmp/backup.tar.gz /var/log > /dev/null 2>&1 # task_557,Benign
terraform apply -auto-approve,Benign
Get-Service | Sort-Object -Descending,Benign
cat /var/log/syslog | grep 'systemd' | tail -n 28,Benign
powershell -ExecutionPolicy AllSigned -File C:\Scripts\maintenance_49.ps1,Benign
systemctl status nginx > /dev/null 2>&1 # task_363,Benign
powershell -ExecutionPolicy Restricted -File C:\Scripts\maintenance_58.ps1,Benign
"grep -r ""ERROR"" /var/log/ > /dev/null 2>&1 # task_864",Benign
kubectl get pods -n production --watch,Benign
"Get-Content | Select-Object Name, Id",Benign
powershell -ExecutionPolicy AllSigned -File C:\Scripts\maintenance_41.ps1,Benign
terraform plan -out=tfplan,Benign
cat /var/log/syslog | grep 'systemd' | tail -n 44,Benign
terraform destroy -auto-approve,Benign
cat /var/log/syslog | grep 'systemd' | tail -n 53,Benign
cat /var/log/syslog | grep 'systemd' | tail -n 84,Benign
tar -czf /tmp/backup.tar.gz /var/log > /dev/null 2>&1 # task_774,Benign
git commit -m 'Fixed weight loading issue in engine.py - issue #3704',Benign
git commit -m 'Fixed weight loading issue in engine.py - issue #7793',Benign
powershell -ep Restricted -File C:\Scripts\maintenance_74.ps1,Benign
cat /var/log/syslog | grep 'systemd' | tail -n 15,Benign
terraform apply -auto-approve,Benign
systemctl status nginx > /dev/null 2>&1 # task_160,Benign
powershell -ExecutionPolicy AllSigned -File C:\Scripts\maintenance_10.ps1,Benign
cat /var/log/syslog | grep 'systemd' | tail -n 44,Benign
cat /var/log/syslog | grep 'systemd' | tail -n 49,Benign
git commit -m 'Fixed weight loading issue in engine.py - issue #9526',Benign
"Get-ADUser | Select-Object Name, Id",Benign
Get-ADUser | Sort-Object -Descending,Benign
terraform apply -auto-approve,Benign
powershell -ExecutionPolicy AllSigned -File C:\Scripts\maintenance_86.ps1,Benign
powershell -ExecutionPolicy AllSigned -File C:\Scripts\maintenance_85.ps1,Benign
cat /var/log/syslog | grep 'systemd' | tail -n 78,Benign
Get-Process | % { $_.Name },Benign
"grep -r ""ERROR"" /var/log/ > /dev/null 2>&1 # task_475",Benign
kubectl get nodes -n staging --watch,Benign
powershell -ExecutionPolicy Restricted -File C:\Scripts\maintenance_73.ps1,Benign
systemctl status nginx > /dev/null 2>&1 # task_126,Benign
cat /var/log/syslog | grep 'systemd' | tail -n 70,Benign
tar -czf /tmp/backup.tar.gz /var/log > /dev/null 2>&1 # task_550,Benign
tar -czf /tmp/backup.tar.gz /var/log > /dev/null 2>&1 # task_927,Benign
Get-EventLog -LogName System | Where-Object {$_.Status -eq 'Running'},Benign
git commit -m 'Fixed weight loading issue in engine.py - issue #7615',Benign
kubectl get pods -n staging --watch,Benign
"Get-Service | Select-Object Name, Id",Benign
git commit -m 'Fixed weight loading issue in engine.py - issue #8950',Benign
terraform apply -auto-approve,Benign
Get-ADUser | % { $_.Name },Benign
git commit -m 'Fixed weight loading issue in engine.py - issue #1008',Benign
kubectl get nodes -n kube-system --watch,Benign
kubectl get configmaps -n production --watch,Benign
powershell -ep Restricted -File C:\Scripts\maintenance_74.ps1,Benign
Get-Service | Where-Object {$_.Status -eq 'Running'},Benign
"grep -r ""ERROR"" /var/log/ > /dev/null 2>&1 # task_352",Benign
"grep -r ""ERROR"" /var/log/ > /dev/null 2>&1 # task_195",Benign
kubectl get services -n monitoring -o wide,Benign
kubectl get pods -n kube-system --watch,Benign
Get-Content | Sort-Object -Descending,Benign
kubectl get pods -n kube-system --watch,Benign
"Get-Service | Select-Object Name, Id",Benign
powershell -ExecutionPolicy AllSigned -File C:\Scripts\maintenance_21.ps1,Benign
git commit -m 'Fixed weight loading issue in engine.py - issue #9686',Benign
systemctl status nginx > /dev/null 2>&1 # task_776,Benign
Get-EventLog -LogName System | % { $_.Name },Benign
cat /var/log/syslog | grep 'systemd' | tail -n 56,Benign
cat /var/log/syslog | grep 'systemd' | tail -n 64,Benign
git commit -m 'Fixed weight loading issue in engine.py - issue #6302',Benign
git commit -m 'Fixed weight loading issue in engine.py - issue #3021',Benign
cat /var/log/syslog | grep 'systemd' | tail -n 82,Benign
kubectl get nodes -n dev --watch,Benign
cat /var/log/syslog | grep 'systemd' | tail -n 62,Benign
git commit -m 'Fixed weight loading issue in engine.py - issue #7361',Benign
terraform init -upgrade,Benign
git commit -m 'Fixed weight loading issue in engine.py - issue #9716',Benign
cat /var/log/syslog | grep 'systemd' | tail -n 33,Benign
Get-ADUser | % { $_.Name },Benign
powershell -ExecutionPolicy Restricted -File C:\Scripts\maintenance_75.ps1,Benign
cat /var/log/syslog | grep 'systemd' | tail -n 36,Benign
tar -czf /tmp/backup.tar.gz /var/log > /dev/null 2>&1 # task_459,Benign
powershell -ExecutionPolicy Restricted -File C:\Scripts\maintenance_31.ps1,Benign
cat /var/log/syslog | grep 'systemd' | tail -n 99,Benign
tar -czf /tmp/backup.tar.gz /var/log > /dev/null 2>&1 # task_658,Benign
kubectl get services -n dev --watch,Benign
powershell -ep Restricted -File C:\Scripts\maintenance_67.ps1,Benign
Get-Service | Where-Object {$_.Status -eq 'Running'},Benign
cat /var/log/syslog | grep 'systemd' | tail -n 66,Benign
git commit -m 'Fixed weight loading issue in engine.py - issue #7261',Benign
git commit -m 'Fixed weight loading issue in engine.py - issue #3502',Benign
kubectl get deployments -n monitoring --watch,Benign
git commit -m 'Fixed weight loading issue in engine.py - issue #8853',Benign
Get-Process | % { $_.Name },Benign
powershell -ExecutionPolicy AllSigned -File C:\Scripts\maintenance_76.ps1,Benign
git commit -m 'Fixed weight loading issue in engine.py - issue #4535',Benign
powershell -ep Restricted -File C:\Scripts\maintenance_47.ps1,Benign
kubectl get deployments -n dev -o wide,Benign
powershell -ExecutionPolicy Restricted -File C:\Scripts\maintenance_13.ps1,Benign
terraform plan -out=tfplan,Benign
kubectl get configmaps -n kube-system -o wide,Benign
kubectl get nodes -n dev -o wide,Benign
powershell -ExecutionPolicy Restricted -File C:\Scripts\maintenance_43.ps1,Benign
kubectl get configmaps -n staging -o wide,Benign
git commit -m 'Fixed weight loading issue in engine.py - issue #1517',Benign
cat /var/log/syslog | grep 'systemd' | tail -n 53,Benign
Get-EventLog -LogName System | Where-Object {$_.Status -eq 'Running'},Benign
git commit -m 'Fixed weight loading issue in engine.py - issue #2012',Benign
powershell -ExecutionPolicy Restricted -File C:\Scripts\maintenance_77.ps1,Benign
kubectl get pods -n monitoring --watch,Benign
git commit -m 'Fixed weight loading issue in engine.py - issue #6947',Benign
terraform init -upgrade,Benign
git commit -m 'Fixed weight loading issue in engine.py - issue #8161',Benign
kubectl get pods -n monitoring -o wide,Benign
git commit -m 'Fixed weight loading issue in engine.py - issue #8971',Benign
Get-Content | Sort-Object -Descending,Benign
cat /var/log/syslog | grep 'systemd' | tail -n 24,Benign
kubectl get deployments -n kube-system --watch,Benign
powershell -ep Restricted -File C:\Scripts\maintenance_48.ps1,Benign
"grep -r ""ERROR"" /var/log/ > /dev/null 2>&1 # task_573",Benign
terraform destroy -auto-approve,Benign
terraform plan -out=tfplan,Benign
kubectl get configmaps -n dev --watch,Benign
terraform apply -auto-approve,Benign
powershell -ExecutionPolicy Restricted -File C:\Scripts\maintenance_78.ps1,Benign
kubectl get deployments -n production -o wide,Benign
"Get-Process | Select-Object Name, Id",Benign
cat /var/log/syslog | grep 'systemd' | tail -n 91,Benign
git commit -m 'Fixed weight loading issue in engine.py - issue #1034',Benign
powershell -ExecutionPolicy Restricted -File C:\Scripts\maintenance_61.ps1,Benign
powershell -ExecutionPolicy Restricted -File C:\Scripts\maintenance_14.ps1,Benign
Get-Service | % { $_.Name },Benign
cat /var/log/syslog | grep 'systemd' | tail -n 32,Benign
cat /var/log/syslog | grep 'systemd' | tail -n 41,Benign
git commit -m 'Fixed weight loading issue in engine.py - issue #6027',Benign
kubectl get deployments -n staging -o wide,Benign
kubectl get services -n dev -o wide,Benign
kubectl get nodes -n monitoring -o wide,Benign
terraform init -upgrade,Benign
kubectl get deployments -n monitoring --watch,Benign
powershell -ExecutionPolicy Restricted -File C:\Scripts\maintenance_23.ps1,Benign
git commit -m 'Fixed weight loading issue in engine.py - issue #5752',Benign
"grep -r ""ERROR"" /var/log/ > /dev/null 2>&1 # task_979",Benign
Get-Process | % { $_.Name },Benign
powershell -ExecutionPolicy Restricted -File C:\Scripts\maintenance_66.ps1,Benign
Get-Process | Where-Object {$_.Status -eq 'Running'},Benign
kubectl get configmaps -n staging -o wide,Benign
cat /var/log/syslog | grep 'systemd' | tail -n 93,Benign
Get-ADUser | % { $_.Name },Benign
powershell -ep Restricted -File C:\Scripts\maintenance_22.ps1,Benign
Get-ADUser | % { $_.Name },Benign
"grep -r ""ERROR"" /var/log/ > /dev/null 2>&1 # task_644",Benign
git commit -m 'Fixed weight loading issue in engine.py - issue #5984',Benign
terraform destroy -auto-approve,Benign
powershell -ExecutionPolicy AllSigned -File C:\Scripts\maintenance_14.ps1,Benign
Get-Service | Where-Object {$_.Status -eq 'Running'},Benign
kubectl get deployments -n kube-system --watch,Benign
git commit -m 'Fixed weight loading issue in engine.py - issue #2123',Benign
"Get-ADUser | Select-Object Name, Id",Benign
git commit -m 'Fixed weight loading issue in engine.py - issue #2109',Benign
git commit -m 'Fixed weight loading issue in engine.py - issue #3646',Benign
powershell -ep Restricted -File C:\Scripts\maintenance_48.ps1,Benign
"grep -r ""ERROR"" /var/log/ > /dev/null 2>&1 # task_295",Benign
tar -czf /tmp/backup.tar.gz /var/log > /dev/null 2>&1 # task_650,Benign
systemctl status nginx > /dev/null 2>&1 # task_608,Benign
Get-ADUser | Where-Object {$_.Status -eq 'Running'},Benign
powershell -ExecutionPolicy AllSigned -File C:\Scripts\maintenance_77.ps1,Benign
git commit -m 'Fixed weight loading issue in engine.py - issue #2429',Benign
kubectl get services -n monitoring --watch,Benign
git commit -m 'Fixed weight loading issue in engine.py - issue #7006',Benign
powershell -ExecutionPolicy AllSigned -File C:\Scripts\maintenance_64.ps1,Benign
cat /var/log/syslog | grep 'systemd' | tail -n 12,Benign
powershell -ExecutionPolicy Restricted -File C:\Scripts\maintenance_49.ps1,Benign
powershell -ExecutionPolicy Restricted -File C:\Scripts\maintenance_39.ps1,Benign
Get-Content | Where-Object {$_.Status -eq 'Running'},Benign
kubectl get pods -n monitoring -o wide,Benign
powershell -ExecutionPolicy AllSigned -File C:\Scripts\maintenance_54.ps1,Benign
powershell -ep Restricted -File C:\Scripts\maintenance_48.ps1,Benign
git commit -m 'Fixed weight loading issue in engine.py - issue #5787',Benign
cat /var/log/syslog | grep 'systemd' | tail -n 93,Benign
terraform destroy -auto-approve,Benign
tar -czf /tmp/backup.tar.gz /var/log > /dev/null 2>&1 # task_757,Benign
terraform init -upgrade,Benign
terraform destroy -auto-approve,Benign
"grep -r ""ERROR"" /var/log/ > /dev/null 2>&1 # task_262",Benign
Get-ADUser | Sort-Object -Descending,Benign
"grep -r ""ERROR"" /var/log/ > /dev/null 2>&1 # task_342",Benign
git commit -m 'Fixed weight loading issue in engine.py - issue #6323',Benign
systemctl status nginx > /dev/null 2>&1 # task_522,Benign
terraform apply -auto-approve,Benign
Get-Service | % { $_.Name },Benign
terraform destroy -auto-approve,Benign
kubectl get deployments -n staging -o wide,Benign
git commit -m 'Fixed weight loading issue in engine.py - issue #3027',Benign
systemctl status nginx > /dev/null 2>&1 # task_916,Benign
terraform apply -auto-approve,Benign
powershell -ExecutionPolicy Restricted -File C:\Scripts\maintenance_63.ps1,Benign
cat /var/log/syslog | grep 'systemd' | tail -n 74,Benign
powershell -ep Restricted -File C:\Scripts\maintenance_68.ps1,Benign
"grep -r ""ERROR"" /var/log/ > /dev/null 2>&1 # task_875",Benign
cat /var/log/syslog | grep 'systemd' | tail -n 94,Benign
kubectl get nodes -n kube-system --watch,Benign
git commit -m 'Fixed weight loading issue in engine.py - issue #7479',Benign
git commit -m 'Fixed weight loading issue in engine.py - issue #3433',Benign
kubectl get deployments -n monitoring -o wide,Benign
git commit -m 'Fixed weight loading issue in engine.py - issue #1410',Benign
kubectl get nodes -n staging --watch,Benign
git commit -m 'Fixed weight loading issue in engine.py - issue #3535',Benign
git commit -m 'Fixed weight loading issue in engine.py - issue #7139',Benign
cat /var/log/syslog | grep 'systemd' | tail -n 65,Benign
Get-Content | Sort-Object -Descending,Benign
Get-Content | % { $_.Name },Benign
cat /var/log/syslog | grep 'systemd' | tail -n 88,Benign
cat /var/log/syslog | grep 'systemd' | tail -n 20,Benign
Get-Process | Sort-Object -Descending,Benign
cat /var/log/syslog | grep 'systemd' | tail -n 73,Benign
"Get-Process | Select-Object Name, Id",Benign
cat /var/log/syslog | grep 'systemd' | tail -n 25,Benign
terraform plan -out=tfplan,Benign
"grep -r ""ERROR"" /var/log/ > /dev/null 2>&1 # task_572",Benign
git commit -m 'Fixed weight loading issue in engine.py - issue #8809',Benign
tar -czf /tmp/backup.tar.gz /var/log > /dev/null 2>&1 # task_160,Benign
Get-Process | Sort-Object -Descending,Benign
Get-Content | Where-Object {$_.Status -eq 'Running'},Benign
Get-Process | Where-Object {$_.Status -eq 'Running'},Benign
tar -czf /tmp/backup.tar.gz /var/log > /dev/null 2>&1 # task_877,Benign
systemctl status nginx > /dev/null 2>&1 # task_800,Benign
git commit -m 'Fixed weight loading issue in engine.py - issue #2164',Benign
systemctl status nginx > /dev/null 2>&1 # task_600,Benign
kubectl get deployments -n monitoring --watch,Benign
kubectl get deployments -n kube-system -o wide,Benign
terraform destroy -auto-approve,Benign
cat /var/log/syslog | grep 'systemd' | tail -n 47,Benign
cat /var/log/syslog | grep 'systemd' | tail -n 45,Benign
git commit -m 'Fixed weight loading issue in engine.py - issue #1342',Benign
"Get-Service | Select-Object Name, Id",Benign
cat /var/log/syslog | grep 'systemd' | tail -n 83,Benign
git commit -m 'Fixed weight loading issue in engine.py - issue #3615',Benign
cat /var/log/syslog | grep 'systemd' | tail -n 79,Benign
git commit -m 'Fixed weight loading issue in engine.py - issue #5316',Benign
cat /var/log/syslog | grep 'systemd' | tail -n 15,Benign
git commit -m 'Fixed weight loading issue in engine.py - issue #6148',Benign
powershell -ExecutionPolicy AllSigned -File C:\Scripts\maintenance_14.ps1,Benign
git commit -m 'Fixed weight loading issue in engine.py - issue #8955',Benign
systemctl status nginx > /dev/null 2>&1 # task_679,Benign
terraform plan -out=tfplan,Benign
terraform apply -auto-approve,Benign
cat /var/log/syslog | grep 'systemd' | tail -n 92,Benign
tar -czf /tmp/backup.tar.gz /var/log > /dev/null 2>&1 # task_854,Benign
powershell -ep Restricted -File C:\Scripts\maintenance_16.ps1,Benign
"grep -r ""ERROR"" /var/log/ > /dev/null 2>&1 # task_197",Benign
terraform destroy -auto-approve,Benign
git commit -m 'Fixed weight loading issue in engine.py - issue #1224',Benign
Get-ADUser | % { $_.Name },Benign
tar -czf /tmp/backup.tar.gz /var/log > /dev/null 2>&1 # task_596,Benign
Get-ADUser | Where-Object {$_.Status -eq 'Running'},Benign
git commit -m 'Fixed weight loading issue in engine.py - issue #1382',Benign
powershell -ep Restricted -File C:\Scripts\maintenance_11.ps1,Benign
kubectl get configmaps -n dev -o wide,Benign
terraform apply -auto-approve,Benign
cat /var/log/syslog | grep 'systemd' | tail -n 54,Benign
systemctl status nginx > /dev/null 2>&1 # task_703,Benign
"grep -r ""ERROR"" /var/log/ > /dev/null 2>&1 # task_510",Benign
cat /var/log/syslog | grep 'systemd' | tail -n 96,Benign
powershell -ExecutionPolicy Restricted -File C:\Scripts\maintenance_41.ps1,Benign
terraform plan -out=tfplan,Benign
cat /var/log/syslog | grep 'systemd' | tail -n 98,Benign
kubectl get deployments -n production -o wide,Benign
cat /var/log/syslog | grep 'systemd' | tail -n 76,Benign
kubectl get pods -n production --watch,Benign
git commit -m 'Fixed weight loading issue in engine.py - issue #1928',Benign
powershell -ExecutionPolicy AllSigned -File C:\Scripts\maintenance_31.ps1,Benign
tar -czf /tmp/backup.tar.gz /var/log > /dev/null 2>&1 # task_396,Benign
terraform init -upgrade,Benign
kubectl get nodes -n kube-system -o wide,Benign
Get-EventLog -LogName System | Where-Object {$_.Status -eq 'Running'},Benign
kubectl get nodes -n kube-system -o wide,Benign
cat /var/log/syslog | grep 'systemd' | tail -n 26,Benign
powershell -ExecutionPolicy Restricted -File C:\Scripts\maintenance_40.ps1,Benign
cat /var/log/syslog | grep 'systemd' | tail -n 77,Benign
cat /var/log/syslog | grep 'systemd' | tail -n 76,Benign
powershell -ExecutionPolicy AllSigned -File C:\Scripts\maintenance_42.ps1,Benign
"grep -r ""ERROR"" /var/log/ > /dev/null 2>&1 # task_926",Benign
kubectl get nodes -n dev -o wide,Benign
powershell -ExecutionPolicy AllSigned -File C:\Scripts\maintenance_11.ps1,Benign
terraform init -upgrade,Benign
terraform destroy -auto-approve,Benign
cat /var/log/syslog | grep 'systemd' | tail -n 30,Benign
cat /var/log/syslog | grep 'systemd' | tail -n 96,Benign
git commit -m 'Fixed weight loading issue in engine.py - issue #2004',Benign
terraform destroy -auto-approve,Benign
git commit -m 'Fixed weight loading issue in engine.py - issue #8902',Benign
"Get-Content | Select-Object Name, Id",Benign
git commit -m 'Fixed weight loading issue in engine.py - issue #8574',Benign
powershell -ep Restricted -File C:\Scripts\maintenance_38.ps1,Benign
"grep -r ""ERROR"" /var/log/ > /dev/null 2>&1 # task_177",Benign
git commit -m 'Fixed weight loading issue in engine.py - issue #4482',Benign
cat /var/log/syslog | grep 'systemd' | tail -n 91,Benign
powershell -ExecutionPolicy AllSigned -File C:\Scripts\maintenance_42.ps1,Benign
Get-ADUser | % { $_.Name },Benign
cat /var/log/syslog | grep 'systemd' | tail -n 98,Benign
git commit -m 'Fixed weight loading issue in engine.py - issue #8455',Benign
cat /var/log/syslog | grep 'systemd' | tail -n 88,Benign
"grep -r ""ERROR"" /var/log/ > /dev/null 2>&1 # task_249",Benign
systemctl status nginx > /dev/null 2>&1 # task_273,Benign
cat /var/log/syslog | grep 'systemd' | tail -n 81,Benign
Get-Process | Sort-Object -Descending,Benign
kubectl get services -n staging --watch,Benign
git commit -m 'Fixed weight loading issue in engine.py - issue #7958',Benign
kubectl get pods -n kube-system -o wide,Benign
kubectl get services -n dev -o wide,Benign
"Get-Service | Select-Object Name, Id",Benign
powershell -ExecutionPolicy Restricted -File C:\Scripts\maintenance_47.ps1,Benign
kubectl get deployments -n kube-system --watch,Benign
kubectl get pods -n production -o wide,Benign
powershell -ep Restricted -File C:\Scripts\maintenance_15.ps1,Benign
tar -czf /tmp/backup.tar.gz /var/log > /dev/null 2>&1 # task_894,Benign
systemctl status nginx > /dev/null 2>&1 # task_190,Benign
cat /var/log/syslog | grep 'systemd' | tail -n 77,Benign
systemctl status nginx > /dev/null 2>&1 # task_691,Benign
git commit -m 'Fixed weight loading issue in engine.py - issue #7372',Benign
Get-EventLog -LogName System | % { $_.Name },Benign
cat /var/log/syslog | grep 'systemd' | tail -n 72,Benign
kubectl get deployments -n staging -o wide,Benign
git commit -m 'Fixed weight loading issue in engine.py - issue #9682',Benign
kubectl get pods -n production --watch,Benign
kubectl get services -n monitoring --watch,Benign
Get-ADUser | % { $_.Name },Benign
cat /var/log/syslog | grep 'systemd' | tail -n 26,Benign
Get-Process | % { $_.Name },Benign
git commit -m 'Fixed weight loading issue in engine.py - issue #7139',Benign
powershell -ep Restricted -File C:\Scripts\maintenance_31.ps1,Benign
kubectl get configmaps -n staging --watch,Benign
git commit -m 'Fixed weight loading issue in engine.py - issue #8979',Benign
cat /var/log/syslog | grep 'systemd' | tail -n 43,Benign
terraform init -upgrade,Benign
git commit -m 'Fixed weight loading issue in engine.py - issue #7394',Benign
"Get-Content | Select-Object Name, Id",Benign
kubectl get deployments -n monitoring --watch,Benign
Get-ADUser | Where-Object {$_.Status -eq 'Running'},Benign
git commit -m 'Fixed weight loading issue in engine.py - issue #6283',Benign
"Get-Process | Select-Object Name, Id",Benign
Get-Content | Sort-Object -Descending,Benign
powershell -ExecutionPolicy Restricted -File C:\Scripts\maintenance_93.ps1,Benign
terraform destroy -auto-approve,Benign
cat /var/log/syslog | grep 'systemd' | tail -n 25,Benign
kubectl get deployments -n staging --watch,Benign
cat /var/log/syslog | grep 'systemd' | tail -n 43,Benign
terraform init -upgrade,Benign
"Get-EventLog -LogName System | Select-Object Name, Id",Benign
cat /var/log/syslog | grep 'systemd' | tail -n 60,Benign
cat /var/log/syslog | grep 'systemd' | tail -n 11,Benign
powershell -ExecutionPolicy Restricted -File C:\Scripts\maintenance_27.ps1,Benign
powershell -ExecutionPolicy AllSigned -File C:\Scripts\maintenance_28.ps1,Benign
"Get-Process | Select-Object Name, Id",Benign
git commit -m 'Fixed weight loading issue in engine.py - issue #6564',Benign
powershell -ExecutionPolicy Restricted -File C:\Scripts\maintenance_95.ps1,Benign
cat /var/log/syslog | grep 'systemd' | tail -n 99,Benign
powershell -ExecutionPolicy Restricted -File C:\Scripts\maintenance_91.ps1,Benign
cat /var/log/syslog | grep 'systemd' | tail -n 95,Benign
terraform plan -out=tfplan,Benign
Get-ADUser | Where-Object {$_.Status -eq 'Running'},Benign
kubectl get deployments -n monitoring --watch,Benign
powershell -ExecutionPolicy AllSigned -File C:\Scripts\maintenance_26.ps1,Benign
kubectl get deployments -n production -o wide,Benign
git commit -m 'Fixed weight loading issue in engine.py - issue #6107',Benign
terraform apply -auto-approve,Benign
kubectl get deployments -n production -o wide,Benign
kubectl get nodes -n monitoring --watch,Benign
cat /var/log/syslog | grep 'systemd' | tail -n 91,Benign
Get-EventLog -LogName System | Where-Object {$_.Status -eq 'Running'},Benign
powershell -ExecutionPolicy AllSigned -File C:\Scripts\maintenance_38.ps1,Benign
powershell -ep Restricted -File C:\Scripts\maintenance_13.ps1,Benign
powershell -ExecutionPolicy Restricted -File C:\Scripts\maintenance_46.ps1,Benign
cat /var/log/syslog | grep 'systemd' | tail -n 49,Benign
cat /var/log/syslog | grep 'systemd' | tail -n 40,Benign
Get-Service | % { $_.Name },Benign
git commit -m 'Fixed weight loading issue in engine.py - issue #4317',Benign
powershell -ExecutionPolicy AllSigned -File C:\Scripts\maintenance_88.ps1,Benign
powershell -ExecutionPolicy AllSigned -File C:\Scripts\maintenance_75.ps1,Benign
git commit -m 'Fixed weight loading issue in engine.py - issue #7532',Benign
git commit -m 'Fixed weight loading issue in engine.py - issue #8110',Benign
"Get-Service | Select-Object Name, Id",Benign
cat /var/log/syslog | grep 'systemd' | tail -n 69,Benign
kubectl get nodes -n monitoring --watch,Benign
git commit -m 'Fixed weight loading issue in engine.py - issue #2525',Benign
Get-Content | Where-Object {$_.Status -eq 'Running'},Benign
"Get-Process | Select-Object Name, Id",Benign
kubectl get deployments -n production --watch,Benign
Get-Content | Sort-Object -Descending,Benign
"Get-Content | Select-Object Name, Id",Benign
git commit -m 'Fixed weight loading issue in engine.py - issue #8858',Benign
Get-Service | Sort-Object -Descending,Benign
powershell -ep Restricted -File C:\Scripts\maintenance_49.ps1,Benign
"grep -r ""ERROR"" /var/log/ > /dev/null 2>&1 # task_200",Benign
"Get-ADUser | Select-Object Name, Id",Benign
git commit -m 'Fixed weight loading issue in engine.py - issue #2680',Benign
git commit -m 'Fixed weight loading issue in engine.py - issue #3909',Benign
systemctl status nginx > /dev/null 2>&1 # task_188,Benign
cat /var/log/syslog | grep 'systemd' | tail -n 38,Benign
terraform plan -out=tfplan,Benign
"Get-ADUser | Select-Object Name, Id",Benign
powershell -ExecutionPolicy AllSigned -File C:\Scripts\maintenance_97.ps1,Benign
git commit -m 'Fixed weight loading issue in engine.py - issue #4034',Benign
Get-ADUser | % { $_.Name },Benign
"Get-Content | Select-Object Name, Id",Benign
cat /var/log/syslog | grep 'systemd' | tail -n 63,Benign
git commit -m 'Fixed weight loading issue in engine.py - issue #2490',Benign
cat /var/log/syslog | grep 'systemd' | tail -n 82,Benign
terraform init -upgrade,Benign
cat /var/log/syslog | grep 'systemd' | tail -n 20,Benign
terraform plan -out=tfplan,Benign
Get-EventLog -LogName System | % { $_.Name },Benign
Get-Content | % { $_.Name },Benign
cat /var/log/syslog | grep 'systemd' | tail -n 87,Benign
git commit -m 'Fixed weight loading issue in engine.py - issue #4085',Benign
cat /var/log/syslog | grep 'systemd' | tail -n 28,Benign
tar -czf /tmp/backup.tar.gz /var/log > /dev/null 2>&1 # task_587,Benign
kubectl get deployments -n dev -o wide,Benign
Get-ADUser | Sort-Object -Descending,Benign
Get-Service | Sort-Object -Descending,Benign
"grep -r ""ERROR"" /var/log/ > /dev/null 2>&1 # task_279",Benign
kubectl get services -n monitoring -o wide,Benign
"grep -r ""ERROR"" /var/log/ > /dev/null 2>&1 # task_406",Benign
terraform destroy -auto-approve,Benign
Get-ADUser | Where-Object {$_.Status -eq 'Running'},Benign
tar -czf /tmp/backup.tar.gz /var/log > /dev/null 2>&1 # task_815,Benign
kubectl get nodes -n monitoring -o wide,Benign
kubectl get nodes -n monitoring --watch,Benign
cat /var/log/syslog | grep 'systemd' | tail -n 60,Benign
terraform destroy -auto-approve,Benign
terraform init -upgrade,Benign
git commit -m 'Fixed weight loading issue in engine.py - issue #2818',Benign
"grep -r ""ERROR"" /var/log/ > /dev/null 2>&1 # task_823",Benign
powershell -ExecutionPolicy AllSigned -File C:\Scripts\maintenance_95.ps1,Benign
git commit -m 'Fixed weight loading issue in engine.py - issue #5952',Benign
tar -czf /tmp/backup.tar.gz /var/log > /dev/null 2>&1 # task_677,Benign
powershell -ep Restricted -File C:\Scripts\maintenance_6.ps1,Benign
systemctl status nginx > /dev/null 2>&1 # task_222,Benign
Get-EventLog -LogName System | Where-Object {$_.Status -eq 'Running'},Benign
powershell -ExecutionPolicy AllSigned -File C:\Scripts\maintenance_23.ps1,Benign
tar -czf /tmp/backup.tar.gz /var/log > /dev/null 2>&1 # task_883,Benign
systemctl status nginx > /dev/null 2>&1 # task_476,Benign
git commit -m 'Fixed weight loading issue in engine.py - issue #7153',Benign
Get-Process | Sort-Object -Descending,Benign
git commit -m 'Fixed weight loading issue in engine.py - issue #4618',Benign
"grep -r ""ERROR"" /var/log/ > /dev/null 2>&1 # task_589",Benign
powershell -ep Restricted -File C:\Scripts\maintenance_99.ps1,Benign
Get-EventLog -LogName System | Where-Object {$_.Status -eq 'Running'},Benign
terraform apply -auto-approve,Benign
kubectl get services -n dev --watch,Benign
cat /var/log/syslog | grep 'systemd' | tail -n 18,Benign
kubectl get pods -n production -o wide,Benign
kubectl get configmaps -n production --watch,Benign
git commit -m 'Fixed weight loading issue in engine.py - issue #9169',Benign
systemctl status nginx > /dev/null 2>&1 # task_603,Benign
systemctl status nginx > /dev/null 2>&1 # task_774,Benign
terraform init -upgrade,Benign
"grep -r ""ERROR"" /var/log/ > /dev/null 2>&1 # task_173",Benign
systemctl status nginx > /dev/null 2>&1 # task_865,Benign
Get-Service | Where-Object {$_.Status -eq 'Running'},Benign
Get-Content | Where-Object {$_.Status -eq 'Running'},Benign
Get-Service | Sort-Object -Descending,Benign
git commit -m 'Fixed weight loading issue in engine.py - issue #7539',Benign
terraform destroy -auto-approve,Benign
terraform destroy -auto-approve,Benign
systemctl status nginx > /dev/null 2>&1 # task_557,Benign
cat /var/log/syslog | grep 'systemd' | tail -n 34,Benign
terraform apply -auto-approve,Benign
"Get-ADUser | Select-Object Name, Id",Benign
terraform plan -out=tfplan,Benign
terraform destroy -auto-approve,Benign
"grep -r ""ERROR"" /var/log/ > /dev/null 2>&1 # task_440",Benign
cat /var/log/syslog | grep 'systemd' | tail -n 37,Benign
git commit -m 'Fixed weight loading issue in engine.py - issue #3907',Benign
powershell -ExecutionPolicy Restricted -File C:\Scripts\maintenance_45.ps1,Benign
git commit -m 'Fixed weight loading issue in engine.py - issue #4543',Benign
git commit -m 'Fixed weight loading issue in engine.py - issue #4128',Benign
tar -czf /tmp/backup.tar.gz /var/log > /dev/null 2>&1 # task_551,Benign
git commit -m 'Fixed weight loading issue in engine.py - issue #4115',Benign
powershell -ExecutionPolicy AllSigned -File C:\Scripts\maintenance_41.ps1,Benign
powershell -ExecutionPolicy AllSigned -File C:\Scripts\maintenance_44.ps1,Benign
powershell -ExecutionPolicy Restricted -File C:\Scripts\maintenance_99.ps1,Benign
kubectl get configmaps -n staging --watch,Benign
git commit -m 'Fixed weight loading issue in engine.py - issue #5322',Benign
git commit -m 'Fixed weight loading issue in engine.py - issue #8340',Benign
terraform plan -out=tfplan,Benign
kubectl get configmaps -n dev -o wide,Benign
powershell -ExecutionPolicy AllSigned -File C:\Scripts\maintenance_39.ps1,Benign
powershell -ep Restricted -File C:\Scripts\maintenance_37.ps1,Benign
Get-Service | % { $_.Name },Benign
git commit -m 'Fixed weight loading issue in engine.py - issue #8544',Benign
terraform plan -out=tfplan,Benign
git commit -m 'Fixed weight loading issue in engine.py - issue #5264',Benign
kubectl get nodes -n kube-system -o wide,Benign
"grep -r ""ERROR"" /var/log/ > /dev/null 2>&1 # task_993",Benign
powershell -ep Restricted -File C:\Scripts\maintenance_55.ps1,Benign
powershell -ExecutionPolicy AllSigned -File C:\Scripts\maintenance_84.ps1,Benign
powershell -ExecutionPolicy AllSigned -File C:\Scripts\maintenance_100.ps1,Benign
"grep -r ""ERROR"" /var/log/ > /dev/null 2>&1 # task_953",Benign
terraform init -upgrade,Benign
git commit -m 'Fixed weight loading issue in engine.py - issue #5763',Benign
cat /var/log/syslog | grep 'systemd' | tail -n 28,Benign
powershell -ep Restricted -File C:\Scripts\maintenance_25.ps1,Benign
terraform apply -auto-approve,Benign
"grep -r ""ERROR"" /var/log/ > /dev/null 2>&1 # task_837",Benign
"grep -r ""ERROR"" /var/log/ > /dev/null 2>&1 # task_798",Benign
cat /var/log/syslog | grep 'systemd' | tail -n 38,Benign
"grep -r ""ERROR"" /var/log/ > /dev/null 2>&1 # task_540",Benign
systemctl status nginx > /dev/null 2>&1 # task_690,Benign
Get-Content | Sort-Object -Descending,Benign
cat /var/log/syslog | grep 'systemd' | tail -n 91,Benign
systemctl status nginx > /dev/null 2>&1 # task_138,Benign
cat /var/log/syslog | grep 'systemd' | tail -n 91,Benign
Get-EventLog -LogName System | Sort-Object -Descending,Benign
terraform plan -out=tfplan,Benign
cat /var/log/syslog | grep 'systemd' | tail -n 91,Benign
git commit -m 'Fixed weight loading issue in engine.py - issue #6256',Benign
Get-Content | Sort-Object -Descending,Benign
"Get-Process | Select-Object Name, Id",Benign
kubectl get configmaps -n production --watch,Benign
cat /var/log/syslog | grep 'systemd' | tail -n 26,Benign
powershell -ExecutionPolicy Restricted -File C:\Scripts\maintenance_55.ps1,Benign
Get-EventLog -LogName System | % { $_.Name },Benign
Get-ADUser | Sort-Object -Descending,Benign
terraform init -upgrade,Benign
tar -czf /tmp/backup.tar.gz /var/log > /dev/null 2>&1 # task_798,Benign
cat /var/log/syslog | grep 'systemd' | tail -n 70,Benign
kubectl get configmaps -n production -o wide,Benign
terraform apply -auto-approve,Benign
powershell -ExecutionPolicy Restricted -File C:\Scripts\maintenance_61.ps1,Benign
git commit -m 'Fixed weight loading issue in engine.py - issue #5602',Benign
powershell -ep Restricted -File C:\Scripts\maintenance_56.ps1,Benign
Get-Process | Sort-Object -Descending,Benign
git commit -m 'Fixed weight loading issue in engine.py - issue #8187',Benign
powershell -ep Restricted -File C:\Scripts\maintenance_18.ps1,Benign
git commit -m 'Fixed weight loading issue in engine.py - issue #7739',Benign
terraform destroy -auto-approve,Benign
cat /var/log/syslog | grep 'systemd' | tail -n 64,Benign
kubectl get nodes -n production --watch,Benign
"Get-ADUser | Select-Object Name, Id",Benign
kubectl get services -n monitoring -o wide,Benign
"Get-Process | Select-Object Name, Id",Benign
git commit -m 'Fixed weight loading issue in engine.py - issue #6088',Benign
systemctl status nginx > /dev/null 2>&1 # task_151,Benign
systemctl status nginx > /dev/null 2>&1 # task_244,Benign
kubectl get services -n production -o wide,Benign
"Get-EventLog -LogName System | Select-Object Name, Id",Benign
cat /var/log/syslog | grep 'systemd' | tail -n 45,Benign
powershell -ExecutionPolicy Restricted -File C:\Scripts\maintenance_1.ps1,Benign
cat /var/log/syslog | grep 'systemd' | tail -n 48,Benign
git commit -m 'Fixed weight loading issue in engine.py - issue #4351',Benign
terraform init -upgrade,Benign
kubectl get nodes -n staging -o wide,Benign
tar -czf /tmp/backup.tar.gz /var/log > /dev/null 2>&1 # task_901,Benign
git commit -m 'Fixed weight loading issue in engine.py - issue #2006',Benign
kubectl get nodes -n kube-system -o wide,Benign
"grep -r ""ERROR"" /var/log/ > /dev/null 2>&1 # task_657",Benign
cat /var/log/syslog | grep 'systemd' | tail -n 92,Benign
"grep -r ""ERROR"" /var/log/ > /dev/null 2>&1 # task_915",Benign
git commit -m 'Fixed weight loading issue in engine.py - issue #8468',Benign
powershell -ep Restricted -File C:\Scripts\maintenance_83.ps1,Benign
powershell -ExecutionPolicy Restricted -File C:\Scripts\maintenance_22.ps1,Benign
systemctl status nginx > /dev/null 2>&1 # task_330,Benign
systemctl status nginx > /dev/null 2>&1 # task_326,Benign
git commit -m 'Fixed weight loading issue in engine.py - issue #8712',Benign
git commit -m 'Fixed weight loading issue in engine.py - issue #8403',Benign
terraform plan -out=tfplan,Benign
kubectl get nodes -n staging --watch,Benign
cat /var/log/syslog | grep 'systemd' | tail -n 44,Benign
cat /var/log/syslog | grep 'systemd' | tail -n 95,Benign
git commit -m 'Fixed weight loading issue in engine.py - issue #2869',Benign
powershell -ExecutionPolicy Restricted -File C:\Scripts\maintenance_58.ps1,Benign
kubectl get nodes -n kube-system --watch,Benign
git commit -m 'Fixed weight loading issue in engine.py - issue #8674',Benign
"Get-ADUser | Select-Object Name, Id",Benign
terraform init -upgrade,Benign
Get-Process | Sort-Object -Descending,Benign
terraform init -upgrade,Benign
cat /var/log/syslog | grep 'systemd' | tail -n 79,Benign
git commit -m 'Fixed weight loading issue in engine.py - issue #1127',Benign
Get-ADUser | Where-Object {$_.Status -eq 'Running'},Benign
Get-Process | Where-Object {$_.Status -eq 'Running'},Benign
powershell -ExecutionPolicy Restricted -File C:\Scripts\maintenance_10.ps1,Benign
cat /var/log/syslog | grep 'systemd' | tail -n 74,Benign
Get-EventLog -LogName System | Where-Object {$_.Status -eq 'Running'},Benign
powershell -ExecutionPolicy Restricted -File C:\Scripts\maintenance_31.ps1,Benign
powershell -ExecutionPolicy AllSigned -File C:\Scripts\maintenance_52.ps1,Benign
"Get-ADUser | Select-Object Name, Id",Benign
Get-Content | Sort-Object -Descending,Benign
cat /var/log/syslog | grep 'systemd' | tail -n 51,Benign
cat /var/log/syslog | grep 'systemd' | tail -n 19,Benign
terraform destroy -auto-approve,Benign
"grep -r ""ERROR"" /var/log/ > /dev/null 2>&1 # task_373",Benign
git commit -m 'Fixed weight loading issue in engine.py - issue #7257',Benign
git commit -m 'Fixed weight loading issue in engine.py - issue #9650',Benign
kubectl get nodes -n dev -o wide,Benign
"grep -r ""ERROR"" /var/log/ > /dev/null 2>&1 # task_360",Benign
kubectl get deployments -n production -o wide,Benign
terraform apply -auto-approve,Benign
cat /var/log/syslog | grep 'systemd' | tail -n 72,Benign
powershell -ExecutionPolicy AllSigned -File C:\Scripts\maintenance_4.ps1,Benign
"grep -r ""ERROR"" /var/log/ > /dev/null 2>&1 # task_756",Benign
powershell -ExecutionPolicy Restricted -File C:\Scripts\maintenance_45.ps1,Benign
"grep -r ""ERROR"" /var/log/ > /dev/null 2>&1 # task_904",Benign
git commit -m 'Fixed weight loading issue in engine.py - issue #8449',Benign
powershell -ep Restricted -File C:\Scripts\maintenance_33.ps1,Benign
powershell -ExecutionPolicy AllSigned -File C:\Scripts\maintenance_85.ps1,Benign
terraform apply -auto-approve,Benign
cat /var/log/syslog | grep 'systemd' | tail -n 37,Benign
kubectl get configmaps -n production --watch,Benign
git commit -m 'Fixed weight loading issue in engine.py - issue #2325',Benign
powershell -ExecutionPolicy Restricted -File C:\Scripts\maintenance_72.ps1,Benign
kubectl get pods -n dev --watch,Benign
powershell -ExecutionPolicy Restricted -File C:\Scripts\maintenance_81.ps1,Benign
kubectl get deployments -n monitoring --watch,Benign
powershell -ExecutionPolicy Restricted -File C:\Scripts\maintenance_46.ps1,Benign
powershell -ExecutionPolicy AllSigned -File C:\Scripts\maintenance_79.ps1,Benign
git commit -m 'Fixed weight loading issue in engine.py - issue #6119',Benign
powershell -ExecutionPolicy AllSigned -File C:\Scripts\maintenance_25.ps1,Benign
powershell -ExecutionPolicy Restricted -File C:\Scripts\maintenance_45.ps1,Benign
terraform apply -auto-approve,Benign
powershell -ExecutionPolicy AllSigned -File C:\Scripts\maintenance_15.ps1,Benign
terraform plan -out=tfplan,Benign
systemctl status nginx > /dev/null 2>&1 # task_726,Benign
terraform init -upgrade,Benign
cat /var/log/syslog | grep 'systemd' | tail -n 34,Benign
cat /var/log/syslog | grep 'systemd' | tail -n 50,Benign
tar -czf /tmp/backup.tar.gz /var/log > /dev/null 2>&1 # task_760,Benign
cat /var/log/syslog | grep 'systemd' | tail -n 78,Benign
tar -czf /tmp/backup.tar.gz /var/log > /dev/null 2>&1 # task_964,Benign
git commit -m 'Fixed weight loading issue in engine.py - issue #7651',Benign
terraform destroy -auto-approve,Benign
Get-Service | Where-Object {$_.Status -eq 'Running'},Benign
cat /var/log/syslog | grep 'systemd' | tail -n 88,Benign
tar -czf /tmp/backup.tar.gz /var/log > /dev/null 2>&1 # task_648,Benign
cat /var/log/syslog | grep 'systemd' | tail -n 94,Benign
git commit -m 'Fixed weight loading issue in engine.py - issue #9642',Benign
"grep -r ""ERROR"" /var/log/ > /dev/null 2>&1 # task_481",Benign
cat /var/log/syslog | grep 'systemd' | tail -n 19,Benign
cat /var/log/syslog | grep 'systemd' | tail -n 39,Benign
kubectl get services -n dev --watch,Benign
powershell -ep Restricted -File C:\Scripts\maintenance_43.ps1,Benign
Get-Process | Sort-Object -Descending,Benign
"grep -r ""ERROR"" /var/log/ > /dev/null 2>&1 # task_398",Benign
git commit -m 'Fixed weight loading issue in engine.py - issue #7741',Benign
cat /var/log/syslog | grep 'systemd' | tail -n 22,Benign
kubectl get pods -n dev -o wide,Benign
powershell -ExecutionPolicy Restricted -File C:\Scripts\maintenance_46.ps1,Benign
git commit -m 'Fixed weight loading issue in engine.py - issue #4535',Benign
powershell -ExecutionPolicy Restricted -File C:\Scripts\maintenance_88.ps1,Benign
kubectl get deployments -n kube-system -o wide,Benign
cat /var/log/syslog | grep 'systemd' | tail -n 74,Benign
cat /var/log/syslog | grep 'systemd' | tail -n 95,Benign
"grep -r ""ERROR"" /var/log/ > /dev/null 2>&1 # task_362",Benign
powershell -ExecutionPolicy Restricted -File C:\Scripts\maintenance_13.ps1,Benign
Get-ADUser | Sort-Object -Descending,Benign
tar -czf /tmp/backup.tar.gz /var/log > /dev/null 2>&1 # task_956,Benign
git commit -m 'Fixed weight loading issue in engine.py - issue #6656',Benign
powershell -ExecutionPolicy AllSigned -File C:\Scripts\maintenance_50.ps1,Benign
terraform plan -out=tfplan,Benign
git commit -m 'Fixed weight loading issue in engine.py - issue #6081',Benign
kubectl get configmaps -n production -o wide,Benign
kubectl get nodes -n dev --watch,Benign
systemctl status nginx > /dev/null 2>&1 # task_813,Benign
tar -czf /tmp/backup.tar.gz /var/log > /dev/null 2>&1 # task_752,Benign
powershell -ep Restricted -File C:\Scripts\maintenance_87.ps1,Benign
cat /var/log/syslog | grep 'systemd' | tail -n 88,Benign
powershell -ExecutionPolicy AllSigned -File C:\Scripts\maintenance_98.ps1,Benign
"grep -r ""ERROR"" /var/log/ > /dev/null 2>&1 # task_176",Benign
tar -czf /tmp/backup.tar.gz /var/log > /dev/null 2>&1 # task_679,Benign
cat /var/log/syslog | grep 'systemd' | tail -n 57,Benign
powershell -ExecutionPolicy Restricted -File C:\Scripts\maintenance_57.ps1,Benign
git commit -m 'Fixed weight loading issue in engine.py - issue #1994',Benign
git commit -m 'Fixed weight loading issue in engine.py - issue #3268',Benign
cat /var/log/syslog | grep 'systemd' | tail -n 38,Benign
kubectl get configmaps -n kube-system -o wide,Benign
git commit -m 'Fixed weight loading issue in engine.py - issue #5472',Benign
git commit -m 'Fixed weight loading issue in engine.py - issue #5569',Benign
git commit -m 'Fixed weight loading issue in engine.py - issue #4200',Benign
powershell -ep Restricted -File C:\Scripts\maintenance_39.ps1,Benign
terraform apply -auto-approve,Benign
terraform destroy -auto-approve,Benign
terraform destroy -auto-approve,Benign
kubectl get configmaps -n kube-system -o wide,Benign
cat /var/log/syslog | grep 'systemd' | tail -n 59,Benign
terraform destroy -auto-approve,Benign
cat /var/log/syslog | grep 'systemd' | tail -n 20,Benign
"Get-EventLog -LogName System | Select-Object Name, Id",Benign
git commit -m 'Fixed weight loading issue in engine.py - issue #9500',Benign
terraform destroy -auto-approve,Benign
powershell -ExecutionPolicy AllSigned -File C:\Scripts\maintenance_65.ps1,Benign
"grep -r ""ERROR"" /var/log/ > /dev/null 2>&1 # task_303",Benign
kubectl get pods -n staging --watch,Benign
tar -czf /tmp/backup.tar.gz /var/log > /dev/null 2>&1 # task_758,Benign
cat /var/log/syslog | grep 'systemd' | tail -n 40,Benign
cat /var/log/syslog | grep 'systemd' | tail -n 47,Benign
terraform apply -auto-approve,Benign
terraform destroy -auto-approve,Benign
kubectl get deployments -n production --watch,Benign
powershell -ExecutionPolicy AllSigned -File C:\Scripts\maintenance_57.ps1,Benign
Get-EventLog -LogName System | Where-Object {$_.Status -eq 'Running'},Benign
kubectl get services -n kube-system --watch,Benign
Get-EventLog -LogName System | Where-Object {$_.Status -eq 'Running'},Benign
kubectl get services -n staging --watch,Benign
terraform plan -out=tfplan,Benign
tar -czf /tmp/backup.tar.gz /var/log > /dev/null 2>&1 # task_842,Benign
powershell -ExecutionPolicy Restricted -File C:\Scripts\maintenance_23.ps1,Benign
terraform destroy -auto-approve,Benign
Get-Service | % { $_.Name },Benign
git commit -m 'Fixed weight loading issue in engine.py - issue #1376',Benign
kubectl get pods -n staging -o wide,Benign
powershell -ExecutionPolicy AllSigned -File C:\Scripts\maintenance_17.ps1,Benign
cat /var/log/syslog | grep 'systemd' | tail -n 53,Benign
powershell -ep Restricted -File C:\Scripts\maintenance_86.ps1,Benign
powershell -ExecutionPolicy Restricted -File C:\Scripts\maintenance_51.ps1,Benign
powershell -ExecutionPolicy AllSigned -File C:\Scripts\maintenance_44.ps1,Benign
powershell -ExecutionPolicy Restricted -File C:\Scripts\maintenance_97.ps1,Benign
powershell -ep Restricted -File C:\Scripts\maintenance_77.ps1,Benign
kubectl get deployments -n monitoring -o wide,Benign
"grep -r ""ERROR"" /var/log/ > /dev/null 2>&1 # task_189",Benign
git commit -m 'Fixed weight loading issue in engine.py - issue #6466',Benign
terraform init -upgrade,Benign
"grep -r ""ERROR"" /var/log/ > /dev/null 2>&1 # task_221",Benign
git commit -m 'Fixed weight loading issue in engine.py - issue #4679',Benign
cat /var/log/syslog | grep 'systemd' | tail -n 24,Benign
tar -czf /tmp/backup.tar.gz /var/log > /dev/null 2>&1 # task_825,Benign
Get-ADUser | Sort-Object -Descending,Benign
kubectl get configmaps -n monitoring -o wide,Benign
kubectl get configmaps -n staging --watch,Benign
kubectl get nodes -n monitoring --watch,Benign
cat /var/log/syslog | grep 'systemd' | tail -n 79,Benign
cat /var/log/syslog | grep 'systemd' | tail -n 78,Benign
kubectl get configmaps -n dev --watch,Benign
terraform destroy -auto-approve,Benign
kubectl get pods -n staging -o wide,Benign
git commit -m 'Fixed weight loading issue in engine.py - issue #6617',Benign
tar -czf /tmp/backup.tar.gz /var/log > /dev/null 2>&1 # task_112,Benign
systemctl status nginx > /dev/null 2>&1 # task_339,Benign
git commit -m 'Fixed weight loading issue in engine.py - issue #3971',Benign
powershell -ExecutionPolicy Restricted -File C:\Scripts\maintenance_68.ps1,Benign
kubectl get pods -n kube-system -o wide,Benign
cat /var/log/syslog | grep 'systemd' | tail -n 99,Benign
Get-Content | Where-Object {$_.Status -eq 'Running'},Benign
terraform destroy -auto-approve,Benign
kubectl get nodes -n monitoring --watch,Benign
cat /var/log/syslog | grep 'systemd' | tail -n 69,Benign
kubectl get configmaps -n staging -o wide,Benign
"grep -r ""ERROR"" /var/log/ > /dev/null 2>&1 # task_906",Benign
tar -czf /tmp/backup.tar.gz /var/log > /dev/null 2>&1 # task_483,Benign
git commit -m 'Fixed weight loading issue in engine.py - issue #8390',Benign
Get-EventLog -LogName System | Sort-Object -Descending,Benign
powershell -ExecutionPolicy AllSigned -File C:\Scripts\maintenance_28.ps1,Benign
Get-ADUser | Where-Object {$_.Status -eq 'Running'},Benign
cat /var/log/syslog | grep 'systemd' | tail -n 24,Benign
kubectl get nodes -n staging --watch,Benign
Get-Content | Where-Object {$_.Status -eq 'Running'},Benign
powershell -ep Restricted -File C:\Scripts\maintenance_4.ps1,Benign
systemctl status nginx > /dev/null 2>&1 # task_148,Benign
Get-Service | Sort-Object -Descending,Benign
cat /var/log/syslog | grep 'systemd' | tail -n 65,Benign
cat /var/log/syslog | grep 'systemd' | tail -n 35,Benign
git commit -m 'Fixed weight loading issue in engine.py - issue #7509',Benign
terraform apply -auto-approve,Benign
systemctl status nginx > /dev/null 2>&1 # task_377,Benign
Get-EventLog -LogName System | % { $_.Name },Benign
git commit -m 'Fixed weight loading issue in engine.py - issue #7936',Benign
kubectl get nodes -n staging --watch,Benign
git commit -m 'Fixed weight loading issue in engine.py - issue #1114',Benign
Get-EventLog -LogName System | % { $_.Name },Benign
powershell -ExecutionPolicy Restricted -File C:\Scripts\maintenance_40.ps1,Benign
cat /var/log/syslog | grep 'systemd' | tail -n 81,Benign
cat /var/log/syslog | grep 'systemd' | tail -n 74,Benign
kubectl get nodes -n staging --watch,Benign
git commit -m 'Fixed weight loading issue in engine.py - issue #4857',Benign
git commit -m 'Fixed weight loading issue in engine.py - issue #9959',Benign
Get-ADUser | % { $_.Name },Benign
"Get-ADUser | Select-Object Name, Id",Benign
kubectl get services -n dev -o wide,Benign
powershell -ExecutionPolicy AllSigned -File C:\Scripts\maintenance_38.ps1,Benign
systemctl status nginx > /dev/null 2>&1 # task_113,Benign
cat /var/log/syslog | grep 'systemd' | tail -n 57,Benign
powershell -ExecutionPolicy AllSigned -File C:\Scripts\maintenance_8.ps1,Benign
terraform plan -out=tfplan,Benign
kubectl get deployments -n monitoring --watch,Benign
git commit -m 'Fixed weight loading issue in engine.py - issue #4453',Benign
powershell -ExecutionPolicy AllSigned -File C:\Scripts\maintenance_81.ps1,Benign
terraform plan -out=tfplan,Benign
powershell -ExecutionPolicy AllSigned -File C:\Scripts\maintenance_4.ps1,Benign
git commit -m 'Fixed weight loading issue in engine.py - issue #9701',Benign
terraform apply -auto-approve,Benign
git commit -m 'Fixed weight loading issue in engine.py - issue #7439',Benign
Get-EventLog -LogName System | Where-Object {$_.Status -eq 'Running'},Benign
terraform destroy -auto-approve,Benign
cat /var/log/syslog | grep 'systemd' | tail -n 72,Benign
kubectl get pods -n monitoring -o wide,Benign
powershell -ep Restricted -File C:\Scripts\maintenance_20.ps1,Benign
cat /var/log/syslog | grep 'systemd' | tail -n 26,Benign
Get-Content | Where-Object {$_.Status -eq 'Running'},Benign
cat /var/log/syslog | grep 'systemd' | tail -n 90,Benign
tar -czf /tmp/backup.tar.gz /var/log > /dev/null 2>&1 # task_388,Benign
terraform destroy -auto-approve,Benign
cat /var/log/syslog | grep 'systemd' | tail -n 75,Benign
tar -czf /tmp/backup.tar.gz /var/log > /dev/null 2>&1 # task_428,Benign
cat /var/log/syslog | grep 'systemd' | tail -n 56,Benign
"Get-EventLog -LogName System | Select-Object Name, Id",Benign
Get-EventLog -LogName System | % { $_.Name },Benign
powershell -ExecutionPolicy Restricted -File C:\Scripts\maintenance_45.ps1,Benign
cat /var/log/syslog | grep 'systemd' | tail -n 38,Benign
"Get-EventLog -LogName System | Select-Object Name, Id",Benign
terraform apply -auto-approve,Benign
cat /var/log/syslog | grep 'systemd' | tail -n 23,Benign
terraform destroy -auto-approve,Benign
powershell -ep Restricted -File C:\Scripts\maintenance_94.ps1,Benign
tar -czf /tmp/backup.tar.gz /var/log > /dev/null 2>&1 # task_773,Benign
terraform apply -auto-approve,Benign
kubectl get configmaps -n dev --watch,Benign
powershell -ExecutionPolicy Restricted -File C:\Scripts\maintenance_86.ps1,Benign
kubectl get nodes -n monitoring --watch,Benign
kubectl get deployments -n dev --watch,Benign
powershell -ExecutionPolicy AllSigned -File C:\Scripts\maintenance_22.ps1,Benign
git commit -m 'Fixed weight loading issue in engine.py - issue #3884',Benign
Get-ADUser | % { $_.Name },Benign
kubectl get configmaps -n kube-system -o wide,Benign
git commit -m 'Fixed weight loading issue in engine.py - issue #1628',Benign
tar -czf /tmp/backup.tar.gz /var/log > /dev/null 2>&1 # task_389,Benign
powershell -ep Restricted -File C:\Scripts\maintenance_77.ps1,Benign
git commit -m 'Fixed weight loading issue in engine.py - issue #8318',Benign
cat /var/log/syslog | grep 'systemd' | tail -n 70,Benign
cat /var/log/syslog | grep 'systemd' | tail -n 85,Benign
terraform apply -auto-approve,Benign
powershell -ExecutionPolicy AllSigned -File C:\Scripts\maintenance_85.ps1,Benign
Get-Content | Sort-Object -Descending,Benign
"grep -r ""ERROR"" /var/log/ > /dev/null 2>&1 # task_317",Benign
terraform init -upgrade,Benign
git commit -m 'Fixed weight loading issue in engine.py - issue #9542',Benign
powershell -ExecutionPolicy Restricted -File C:\Scripts\maintenance_66.ps1,Benign
kubectl get configmaps -n dev --watch,Benign
Get-ADUser | Where-Object {$_.Status -eq 'Running'},Benign
tar -czf /tmp/backup.tar.gz /var/log > /dev/null 2>&1 # task_149,Benign
tar -czf /tmp/backup.tar.gz /var/log > /dev/null 2>&1 # task_567,Benign
kubectl get configmaps -n kube-system --watch,Benign
kubectl get configmaps -n monitoring -o wide,Benign
kubectl get services -n staging --watch,Benign
kubectl get nodes -n production -o wide,Benign
terraform plan -out=tfplan,Benign
terraform plan -out=tfplan,Benign
cat /var/log/syslog | grep 'systemd' | tail -n 72,Benign
terraform init -upgrade,Benign
tar -czf /tmp/backup.tar.gz /var/log > /dev/null 2>&1 # task_744,Benign
powershell -ep Restricted -File C:\Scripts\maintenance_15.ps1,Benign
cat /var/log/syslog | grep 'systemd' | tail -n 53,Benign
git commit -m 'Fixed weight loading issue in engine.py - issue #1397',Benign
powershell -ep Restricted -File C:\Scripts\maintenance_43.ps1,Benign
kubectl get pods -n staging --watch,Benign
terraform apply -auto-approve,Benign
powershell -ExecutionPolicy Restricted -File C:\Scripts\maintenance_45.ps1,Benign
tar -czf /tmp/backup.tar.gz /var/log > /dev/null 2>&1 # task_713,Benign
"Get-Process | Select-Object Name, Id",Benign
kubectl get services -n monitoring --watch,Benign
powershell -ExecutionPolicy Restricted -File C:\Scripts\maintenance_6.ps1,Benign
git commit -m 'Fixed weight loading issue in engine.py - issue #3484',Benign
cat /var/log/syslog | grep 'systemd' | tail -n 25,Benign
git commit -m 'Fixed weight loading issue in engine.py - issue #8178',Benign
terraform plan -out=tfplan,Benign
Get-Process | % { $_.Name },Benign
Get-EventLog -LogName System | % { $_.Name },Benign
git commit -m 'Fixed weight loading issue in engine.py - issue #4730',Benign
"grep -r ""ERROR"" /var/log/ > /dev/null 2>&1 # task_899",Benign
Get-Content | Where-Object {$_.Status -eq 'Running'},Benign
git commit -m 'Fixed weight loading issue in engine.py - issue #2726',Benign
powershell -ep Restricted -File C:\Scripts\maintenance_27.ps1,Benign
cat /var/log/syslog | grep 'systemd' | tail -n 76,Benign
git commit -m 'Fixed weight loading issue in engine.py - issue #1452',Benign
cat /var/log/syslog | grep 'systemd' | tail -n 46,Benign
git commit -m 'Fixed weight loading issue in engine.py - issue #7870',Benign
powershell -ep Restricted -File C:\Scripts\maintenance_69.ps1,Benign
tar -czf /tmp/backup.tar.gz /var/log > /dev/null 2>&1 # task_842,Benign
powershell -ep Restricted -File C:\Scripts\maintenance_82.ps1,Benign
terraform apply -auto-approve,Benign
kubectl get nodes -n kube-system -o wide,Benign
git commit -m 'Fixed weight loading issue in engine.py - issue #8139',Benign
kubectl get deployments -n dev --watch,Benign
cat /var/log/syslog | grep 'systemd' | tail -n 42,Benign
git commit -m 'Fixed weight loading issue in engine.py - issue #4426',Benign
git commit -m 'Fixed weight loading issue in engine.py - issue #9503',Benign
kubectl get deployments -n dev -o wide,Benign
powershell -ep Restricted -File C:\Scripts\maintenance_35.ps1,Benign
powershell -ep Restricted -File C:\Scripts\maintenance_39.ps1,Benign
cat /var/log/syslog | grep 'systemd' | tail -n 71,Benign
kubectl get deployments -n production -o wide,Benign
kubectl get deployments -n staging --watch,Benign
git commit -m 'Fixed weight loading issue in engine.py - issue #3563',Benign
powershell -ExecutionPolicy AllSigned -File C:\Scripts\maintenance_9.ps1,Benign
Get-Content | % { $_.Name },Benign
tar -czf /tmp/backup.tar.gz /var/log > /dev/null 2>&1 # task_144,Benign
tar -czf /tmp/backup.tar.gz /var/log > /dev/null 2>&1 # task_342,Benign
Get-EventLog -LogName System | % { $_.Name },Benign
cat /var/log/syslog | grep 'systemd' | tail -n 21,Benign
kubectl get deployments -n monitoring --watch,Benign
systemctl status nginx > /dev/null 2>&1 # task_216,Benign
kubectl get configmaps -n kube-system -o wide,Benign
cat /var/log/syslog | grep 'systemd' | tail -n 67,Benign
kubectl get pods -n staging --watch,Benign
kubectl get configmaps -n staging -o wide,Benign
cat /var/log/syslog | grep 'systemd' | tail -n 98,Benign
"Get-EventLog -LogName System | Select-Object Name, Id",Benign
cat /var/log/syslog | grep 'systemd' | tail -n 97,Benign
git commit -m 'Fixed weight loading issue in engine.py - issue #7916',Benign
kubectl get deployments -n kube-system --watch,Benign
terraform apply -auto-approve,Benign
kubectl get nodes -n dev --watch,Benign
powershell -ExecutionPolicy Restricted -File C:\Scripts\maintenance_40.ps1,Benign
terraform init -upgrade,Benign
terraform plan -out=tfplan,Benign
terraform init -upgrade,Benign
powershell -ExecutionPolicy Restricted -File C:\Scripts\maintenance_43.ps1,Benign
systemctl status nginx > /dev/null 2>&1 # task_783,Benign
git commit -m 'Fixed weight loading issue in engine.py - issue #3833',Benign
cat /var/log/syslog | grep 'systemd' | tail -n 41,Benign
powershell -ExecutionPolicy AllSigned -File C:\Scripts\maintenance_98.ps1,Benign
powershell -ExecutionPolicy Restricted -File C:\Scripts\maintenance_12.ps1,Benign
systemctl status nginx > /dev/null 2>&1 # task_659,Benign
systemctl status nginx > /dev/null 2>&1 # task_961,Benign
terraform apply -auto-approve,Benign
Get-ADUser | Sort-Object -Descending,Benign
Get-Service | Sort-Object -Descending,Benign
powershell -ep Restricted -File C:\Scripts\maintenance_17.ps1,Benign
cat /var/log/syslog | grep 'systemd' | tail -n 20,Benign
cat /var/log/syslog | grep 'systemd' | tail -n 87,Benign
"grep -r ""ERROR"" /var/log/ > /dev/null 2>&1 # task_798",Benign
cat /var/log/syslog | grep 'systemd' | tail -n 84,Benign
cat /var/log/syslog | grep 'systemd' | tail -n 67,Benign
git commit -m 'Fixed weight loading issue in engine.py - issue #3068',Benign
git commit -m 'Fixed weight loading issue in engine.py - issue #3536',Benign
"grep -r ""ERROR"" /var/log/ > /dev/null 2>&1 # task_715",Benign
powershell -ExecutionPolicy Restricted -File C:\Scripts\maintenance_26.ps1,Benign
kubectl get services -n kube-system -o wide,Benign
tar -czf /tmp/backup.tar.gz /var/log > /dev/null 2>&1 # task_202,Benign
terraform apply -auto-approve,Benign
systemctl status nginx > /dev/null 2>&1 # task_401,Benign
Get-Content | Sort-Object -Descending,Benign
"Get-Service | Select-Object Name, Id",Benign
powershell -ep Restricted -File C:\Scripts\maintenance_75.ps1,Benign
terraform init -upgrade,Benign
Get-Service | Sort-Object -Descending,Benign
git commit -m 'Fixed weight loading issue in engine.py - issue #7022',Benign
Get-EventLog -LogName System | % { $_.Name },Benign
kubectl get configmaps -n kube-system --watch,Benign
kubectl get configmaps -n dev --watch,Benign
kubectl get configmaps -n kube-system -o wide,Benign
git commit -m 'Fixed weight loading issue in engine.py - issue #6621',Benign
kubectl get deployments -n kube-system -o wide,Benign
tar -czf /tmp/backup.tar.gz /var/log > /dev/null 2>&1 # task_870,Benign
terraform plan -out=tfplan,Benign
cat /var/log/syslog | grep 'systemd' | tail -n 93,Benign
terraform apply -auto-approve,Benign
"grep -r ""ERROR"" /var/log/ > /dev/null 2>&1 # task_299",Benign
Get-ADUser | % { $_.Name },Benign
cat /var/log/syslog | grep 'systemd' | tail -n 76,Benign
git commit -m 'Fixed weight loading issue in engine.py - issue #3303',Benign
cat /var/log/syslog | grep 'systemd' | tail -n 30,Benign
git commit -m 'Fixed weight loading issue in engine.py - issue #1684',Benign
systemctl status nginx > /dev/null 2>&1 # task_712,Benign
kubectl get pods -n dev --watch,Benign
kubectl get configmaps -n kube-system -o wide,Benign
cat /var/log/syslog | grep 'systemd' | tail -n 14,Benign
powershell -ExecutionPolicy AllSigned -File C:\Scripts\maintenance_26.ps1,Benign
powershell -ExecutionPolicy AllSigned -File C:\Scripts\maintenance_76.ps1,Benign
terraform plan -out=tfplan,Benign
kubectl get services -n production -o wide,Benign
powershell -ExecutionPolicy AllSigned -File C:\Scripts\maintenance_80.ps1,Benign
terraform plan -out=tfplan,Benign
"grep -r ""ERROR"" /var/log/ > /dev/null 2>&1 # task_344",Benign
"Get-Service | Select-Object Name, Id",Benign
kubectl get configmaps -n kube-system --watch,Benign
powershell -ExecutionPolicy Restricted -File C:\Scripts\maintenance_83.ps1,Benign
git commit -m 'Fixed weight loading issue in engine.py - issue #7304',Benign
kubectl get pods -n dev -o wide,Benign
"grep -r ""ERROR"" /var/log/ > /dev/null 2>&1 # task_406",Benign
kubectl get nodes -n monitoring --watch,Benign
powershell -ExecutionPolicy Restricted -File C:\Scripts\maintenance_86.ps1,Benign
terraform plan -out=tfplan,Benign
cat /var/log/syslog | grep 'systemd' | tail -n 24,Benign
kubectl get deployments -n dev --watch,Benign
"Get-ADUser | Select-Object Name, Id",Benign
kubectl get services -n monitoring --watch,Benign
cat /var/log/syslog | grep 'systemd' | tail -n 70,Benign
terraform init -upgrade,Benign
Get-ADUser | Sort-Object -Descending,Benign
powershell -ep Restricted -File C:\Scripts\maintenance_20.ps1,Benign
Get-Process | Sort-Object -Descending,Benign
kubectl get configmaps -n monitoring --watch,Benign
kubectl get nodes -n monitoring -o wide,Benign
cat /var/log/syslog | grep 'systemd' | tail -n 34,Benign
terraform plan -out=tfplan,Benign
terraform destroy -auto-approve,Benign
"Get-Content | Select-Object Name, Id",Benign
terraform destroy -auto-approve,Benign
powershell -ExecutionPolicy AllSigned -File C:\Scripts\maintenance_23.ps1,Benign
terraform plan -out=tfplan,Benign
cat /var/log/syslog | grep 'systemd' | tail -n 51,Benign
Get-Process | % { $_.Name },Benign
Get-ADUser | Sort-Object -Descending,Benign
git commit -m 'Fixed weight loading issue in engine.py - issue #4596',Benign
cat /var/log/syslog | grep 'systemd' | tail -n 69,Benign
terraform destroy -auto-approve,Benign
kubectl get services -n monitoring --watch,Benign
Get-ADUser | Where-Object {$_.Status -eq 'Running'},Benign
tar -czf /tmp/backup.tar.gz /var/log > /dev/null 2>&1 # task_957,Benign
powershell -ExecutionPolicy AllSigned -File C:\Scripts\maintenance_27.ps1,Benign
cat /var/log/syslog | grep 'systemd' | tail -n 52,Benign
kubectl get deployments -n production -o wide,Benign
terraform destroy -auto-approve,Benign
kubectl get nodes -n kube-system --watch,Benign
powershell -ep Restricted -File C:\Scripts\maintenance_64.ps1,Benign
Get-EventLog -LogName System | Where-Object {$_.Status -eq 'Running'},Benign
cat /var/log/syslog | grep 'systemd' | tail -n 36,Benign
powershell -ExecutionPolicy AllSigned -File C:\Scripts\maintenance_93.ps1,Benign
terraform plan -out=tfplan,Benign
systemctl status nginx > /dev/null 2>&1 # task_715,Benign
kubectl get services -n dev -o wide,Benign
git commit -m 'Fixed weight loading issue in engine.py - issue #9811',Benign
"Get-ADUser | Select-Object Name, Id",Benign
git commit -m 'Fixed weight loading issue in engine.py - issue #6961',Benign
powershell -ExecutionPolicy AllSigned -File C:\Scripts\maintenance_64.ps1,Benign
cat /var/log/syslog | grep 'systemd' | tail -n 84,Benign
terraform destroy -auto-approve,Benign
git commit -m 'Fixed weight loading issue in engine.py - issue #1764',Benign
powershell -ep Restricted -File C:\Scripts\maintenance_8.ps1,Benign
cat /var/log/syslog | grep 'systemd' | tail -n 88,Benign
git commit -m 'Fixed weight loading issue in engine.py - issue #8337',Benign
terraform destroy -auto-approve,Benign
git commit -m 'Fixed weight loading issue in engine.py - issue #2241',Benign
powershell -ep Restricted -File C:\Scripts\maintenance_82.ps1,Benign
cat /var/log/syslog | grep 'systemd' | tail -n 46,Benign
powershell -ExecutionPolicy AllSigned -File C:\Scripts\maintenance_47.ps1,Benign
powershell -ep Restricted -File C:\Scripts\maintenance_82.ps1,Benign
"Get-ADUser | Select-Object Name, Id",Benign
kubectl get configmaps -n kube-system --watch,Benign
powershell -ep Restricted -File C:\Scripts\maintenance_99.ps1,Benign
systemctl status nginx > /dev/null 2>&1 # task_436,Benign
kubectl get configmaps -n monitoring -o wide,Benign
systemctl status nginx > /dev/null 2>&1 # task_769,Benign
git commit -m 'Fixed weight loading issue in engine.py - issue #7883',Benign
git commit -m 'Fixed weight loading issue in engine.py - issue #4674',Benign
kubectl get pods -n staging --watch,Benign
Get-Content | Where-Object {$_.Status -eq 'Running'},Benign
Get-Service | Where-Object {$_.Status -eq 'Running'},Benign
"grep -r ""ERROR"" /var/log/ > /dev/null 2>&1 # task_324",Benign
terraform init -upgrade,Benign
tar -czf /tmp/backup.tar.gz /var/log > /dev/null 2>&1 # task_255,Benign
kubectl get pods -n kube-system -o wide,Benign
powershell -ep Restricted -File C:\Scripts\maintenance_21.ps1,Benign
systemctl status nginx > /dev/null 2>&1 # task_404,Benign
kubectl get deployments -n staging --watch,Benign
terraform plan -out=tfplan,Benign
systemctl status nginx > /dev/null 2>&1 # task_282,Benign
tar -czf /tmp/backup.tar.gz /var/log > /dev/null 2>&1 # task_491,Benign
git commit -m 'Fixed weight loading issue in engine.py - issue #2336',Benign
"grep -r ""ERROR"" /var/log/ > /dev/null 2>&1 # task_627",Benign
Get-ADUser | Where-Object {$_.Status -eq 'Running'},Benign
terraform init -upgrade,Benign
terraform plan -out=tfplan,Benign
Get-Process | % { $_.Name },Benign
terraform plan -out=tfplan,Benign
git commit -m 'Fixed weight loading issue in engine.py - issue #3058',Benign
terraform destroy -auto-approve,Benign
terraform plan -out=tfplan,Benign
kubectl get configmaps -n dev --watch,Benign
powershell -ep Restricted -File C:\Scripts\maintenance_11.ps1,Benign
git commit -m 'Fixed weight loading issue in engine.py - issue #1492',Benign
cat /var/log/syslog | grep 'systemd' | tail -n 67,Benign
powershell -ExecutionPolicy AllSigned -File C:\Scripts\maintenance_29.ps1,Benign
powershell -ep Restricted -File C:\Scripts\maintenance_29.ps1,Benign
cat /var/log/syslog | grep 'systemd' | tail -n 90,Benign
powershell -ExecutionPolicy Restricted -File C:\Scripts\maintenance_15.ps1,Benign
cat /var/log/syslog | grep 'systemd' | tail -n 30,Benign
kubectl get services -n monitoring --watch,Benign
cat /var/log/syslog | grep 'systemd' | tail -n 63,Benign
powershell -ExecutionPolicy Restricted -File C:\Scripts\maintenance_31.ps1,Benign
Get-ADUser | % { $_.Name },Benign
systemctl status nginx > /dev/null 2>&1 # task_893,Benign
terraform init -upgrade,Benign
systemctl status nginx > /dev/null 2>&1 # task_722,Benign
terraform destroy -auto-approve,Benign
cat /var/log/syslog | grep 'systemd' | tail -n 56,Benign
systemctl status nginx > /dev/null 2>&1 # task_636,Benign
kubectl get configmaps -n staging --watch,Benign
cat /var/log/syslog | grep 'systemd' | tail -n 29,Benign
git commit -m 'Fixed weight loading issue in engine.py - issue #8720',Benign
systemctl status nginx > /dev/null 2>&1 # task_322,Benign
terraform init -upgrade,Benign
powershell -ep Restricted -File C:\Scripts\maintenance_1.ps1,Benign
"Get-ADUser | Select-Object Name, Id",Benign
"grep -r ""ERROR"" /var/log/ > /dev/null 2>&1 # task_917",Benign
"Get-Service | Select-Object Name, Id",Benign
powershell -ExecutionPolicy AllSigned -File C:\Scripts\maintenance_74.ps1,Benign
terraform init -upgrade,Benign
terraform destroy -auto-approve,Benign
kubectl get services -n dev -o wide,Benign
Get-Process | % { $_.Name },Benign
cat /var/log/syslog | grep 'systemd' | tail -n 73,Benign
tar -czf /tmp/backup.tar.gz /var/log > /dev/null 2>&1 # task_544,Benign
terraform init -upgrade,Benign
tar -czf /tmp/backup.tar.gz /var/log > /dev/null 2>&1 # task_914,Benign
terraform plan -out=tfplan,Benign
powershell -ExecutionPolicy Restricted -File C:\Scripts\maintenance_59.ps1,Benign
terraform destroy -auto-approve,Benign
tar -czf /tmp/backup.tar.gz /var/log > /dev/null 2>&1 # task_645,Benign
terraform apply -auto-approve,Benign
tar -czf /tmp/backup.tar.gz /var/log > /dev/null 2>&1 # task_665,Benign
powershell -ExecutionPolicy Restricted -File C:\Scripts\maintenance_43.ps1,Benign
powershell -ExecutionPolicy Restricted -File C:\Scripts\maintenance_30.ps1,Benign
powershell -ExecutionPolicy AllSigned -File C:\Scripts\maintenance_91.ps1,Benign
cat /var/log/syslog | grep 'systemd' | tail -n 47,Benign
systemctl status nginx > /dev/null 2>&1 # task_272,Benign
Get-EventLog -LogName System | Sort-Object -Descending,Benign
"Get-EventLog -LogName System | Select-Object Name, Id",Benign
git commit -m 'Fixed weight loading issue in engine.py - issue #7805',Benign
"Get-Service | Select-Object Name, Id",Benign
terraform apply -auto-approve,Benign
Get-ADUser | Sort-Object -Descending,Benign
Get-EventLog -LogName System | Sort-Object -Descending,Benign
powershell -ep Restricted -File C:\Scripts\maintenance_55.ps1,Benign
Get-ADUser | % { $_.Name },Benign
git commit -m 'Fixed weight loading issue in engine.py - issue #7037',Benign
terraform destroy -auto-approve,Benign
cat /var/log/syslog | grep 'systemd' | tail -n 80,Benign
git commit -m 'Fixed weight loading issue in engine.py - issue #4937',Benign
powershell -ExecutionPolicy Restricted -File C:\Scripts\maintenance_10.ps1,Benign
terraform plan -out=tfplan,Benign
cat /var/log/syslog | grep 'systemd' | tail -n 98,Benign
"grep -r ""ERROR"" /var/log/ > /dev/null 2>&1 # task_881",Benign
git commit -m 'Fixed weight loading issue in engine.py - issue #9277',Benign
powershell -ExecutionPolicy AllSigned -File C:\Scripts\maintenance_11.ps1,Benign
"Get-Content | Select-Object Name, Id",Benign
kubectl get services -n monitoring --watch,Benign
Get-Service | Where-Object {$_.Status -eq 'Running'},Benign
cat /var/log/syslog | grep 'systemd' | tail -n 11,Benign
kubectl get configmaps -n staging -o wide,Benign
terraform init -upgrade,Benign
systemctl status nginx > /dev/null 2>&1 # task_680,Benign
cat /var/log/syslog | grep 'systemd' | tail -n 26,Benign
cat /var/log/syslog | grep 'systemd' | tail -n 24,Benign
powershell -ExecutionPolicy Restricted -File C:\Scripts\maintenance_20.ps1,Benign
terraform destroy -auto-approve,Benign
kubectl get deployments -n production --watch,Benign
systemctl status nginx > /dev/null 2>&1 # task_772,Benign
Get-Service | % { $_.Name },Benign
"grep -r ""ERROR"" /var/log/ > /dev/null 2>&1 # task_263",Benign
tar -czf /tmp/backup.tar.gz /var/log > /dev/null 2>&1 # task_788,Benign
git commit -m 'Fixed weight loading issue in engine.py - issue #4390',Benign
Get-Content | Sort-Object -Descending,Benign
systemctl status nginx > /dev/null 2>&1 # task_583,Benign
git commit -m 'Fixed weight loading issue in engine.py - issue #2297',Benign
systemctl status nginx > /dev/null 2>&1 # task_727,Benign
git commit -m 'Fixed weight loading issue in engine.py - issue #2660',Benign
"grep -r ""ERROR"" /var/log/ > /dev/null 2>&1 # task_289",Benign
powershell -ExecutionPolicy Restricted -File C:\Scripts\maintenance_4.ps1,Benign
terraform init -upgrade,Benign
cat /var/log/syslog | grep 'systemd' | tail -n 47,Benign
systemctl status nginx > /dev/null 2>&1 # task_113,Benign
terraform apply -auto-approve,Benign
powershell -ep Restricted -File C:\Scripts\maintenance_38.ps1,Benign
cat /var/log/syslog | grep 'systemd' | tail -n 15,Benign
cat /var/log/syslog | grep 'systemd' | tail -n 53,Benign
Get-Process | Where-Object {$_.Status -eq 'Running'},Benign
git commit -m 'Fixed weight loading issue in engine.py - issue #5569',Benign
cat /var/log/syslog | grep 'systemd' | tail -n 73,Benign
powershell -ep Restricted -File C:\Scripts\maintenance_84.ps1,Benign
cat /var/log/syslog | grep 'systemd' | tail -n 26,Benign
cat /var/log/syslog | grep 'systemd' | tail -n 36,Benign
systemctl status nginx > /dev/null 2>&1 # task_176,Benign
cat /var/log/syslog | grep 'systemd' | tail -n 99,Benign
terraform init -upgrade,Benign
Get-Service | % { $_.Name },Benign
git commit -m 'Fixed weight loading issue in engine.py - issue #9093',Benign
"grep -r ""ERROR"" /var/log/ > /dev/null 2>&1 # task_998",Benign
terraform init -upgrade,Benign
git commit -m 'Fixed weight loading issue in engine.py - issue #5975',Benign
"Get-Process | Select-Object Name, Id",Benign
Get-Content | % { $_.Name },Benign
tar -czf /tmp/backup.tar.gz /var/log > /dev/null 2>&1 # task_502,Benign
cat /var/log/syslog | grep 'systemd' | tail -n 15,Benign
terraform init -upgrade,Benign
git commit -m 'Fixed weight loading issue in engine.py - issue #7466',Benign
cat /var/log/syslog | grep 'systemd' | tail -n 16,Benign
kubectl get nodes -n kube-system --watch,Benign
cat /var/log/syslog | grep 'systemd' | tail -n 78,Benign
terraform apply -auto-approve,Benign
terraform plan -out=tfplan,Benign
cat /var/log/syslog | grep 'systemd' | tail -n 44,Benign
git commit -m 'Fixed weight loading issue in engine.py - issue #7225',Benign
systemctl status nginx > /dev/null 2>&1 # task_846,Benign
cat /var/log/syslog | grep 'systemd' | tail -n 50,Benign
git commit -m 'Fixed weight loading issue in engine.py - issue #2139',Benign
powershell -ExecutionPolicy AllSigned -File C:\Scripts\maintenance_92.ps1,Benign
cat /var/log/syslog | grep 'systemd' | tail -n 46,Benign
kubectl get pods -n dev --watch,Benign
terraform init -upgrade,Benign
terraform apply -auto-approve,Benign
kubectl get nodes -n production -o wide,Benign
"grep -r ""ERROR"" /var/log/ > /dev/null 2>&1 # task_840",Benign
cat /var/log/syslog | grep 'systemd' | tail -n 29,Benign
terraform init -upgrade,Benign
git commit -m 'Fixed weight loading issue in engine.py - issue #3743',Benign
powershell -ExecutionPolicy Restricted -File C:\Scripts\maintenance_16.ps1,Benign
cat /var/log/syslog | grep 'systemd' | tail -n 41,Benign
cat /var/log/syslog | grep 'systemd' | tail -n 48,Benign
powershell -ExecutionPolicy Restricted -File C:\Scripts\maintenance_97.ps1,Benign
"grep -r ""ERROR"" /var/log/ > /dev/null 2>&1 # task_493",Benign
Get-EventLog -LogName System | % { $_.Name },Benign
git commit -m 'Fixed weight loading issue in engine.py - issue #3653',Benign
tar -czf /tmp/backup.tar.gz /var/log > /dev/null 2>&1 # task_634,Benign
kubectl get deployments -n monitoring -o wide,Benign
Get-ADUser | % { $_.Name },Benign
cat /var/log/syslog | grep 'systemd' | tail -n 49,Benign
"Get-Content | Select-Object Name, Id",Benign
terraform init -upgrade,Benign
terraform apply -auto-approve,Benign
cat /var/log/syslog | grep 'systemd' | tail -n 21,Benign
kubectl get nodes -n production -o wide,Benign
Get-EventLog -LogName System | % { $_.Name },Benign
terraform apply -auto-approve,Benign
kubectl get pods -n production -o wide,Benign
powershell -ep Restricted -File C:\Scripts\maintenance_80.ps1,Benign
terraform plan -out=tfplan,Benign
cat /var/log/syslog | grep 'systemd' | tail -n 54,Benign
cat /var/log/syslog | grep 'systemd' | tail -n 54,Benign
cat /var/log/syslog | grep 'systemd' | tail -n 51,Benign
kubectl get configmaps -n dev -o wide,Benign
"Get-Service | Select-Object Name, Id",Benign
"grep -r ""ERROR"" /var/log/ > /dev/null 2>&1 # task_345",Benign
powershell -ExecutionPolicy AllSigned -File C:\Scripts\maintenance_100.ps1,Benign
powershell -ExecutionPolicy AllSigned -File C:\Scripts\maintenance_65.ps1,Benign
git commit -m 'Fixed weight loading issue in engine.py - issue #9559',Benign
"Get-EventLog -LogName System | Select-Object Name, Id",Benign
terraform init -upgrade,Benign
Get-Service | % { $_.Name },Benign
terraform init -upgrade,Benign
Get-Service | Where-Object {$_.Status -eq 'Running'},Benign
cat /var/log/syslog | grep 'systemd' | tail -n 14,Benign
cat /var/log/syslog | grep 'systemd' | tail -n 36,Benign
git commit -m 'Fixed weight loading issue in engine.py - issue #8545',Benign
kubectl get nodes -n kube-system --watch,Benign
Get-Service | % { $_.Name },Benign
"grep -r ""ERROR"" /var/log/ > /dev/null 2>&1 # task_153",Benign
Get-Service | Where-Object {$_.Status -eq 'Running'},Benign
powershell -ExecutionPolicy AllSigned -File C:\Scripts\maintenance_65.ps1,Benign
terraform init -upgrade,Benign
terraform apply -auto-approve,Benign
systemctl status nginx > /dev/null 2>&1 # task_503,Benign
systemctl status nginx > /dev/null 2>&1 # task_599,Benign
powershell -ExecutionPolicy AllSigned -File C:\Scripts\maintenance_73.ps1,Benign
kubectl get configmaps -n dev -o wide,Benign
terraform apply -auto-approve,Benign
kubectl get pods -n staging -o wide,Benign
systemctl status nginx > /dev/null 2>&1 # task_473,Benign
kubectl get configmaps -n production -o wide,Benign
git commit -m 'Fixed weight loading issue in engine.py - issue #4543',Benign
Get-Content | Where-Object {$_.Status -eq 'Running'},Benign
kubectl get deployments -n staging -o wide,Benign
Get-EventLog -LogName System | Sort-Object -Descending,Benign
"grep -r ""ERROR"" /var/log/ > /dev/null 2>&1 # task_663",Benign
terraform apply -auto-approve,Benign
Get-EventLog -LogName System | % { $_.Name },Benign
"Get-Service | Select-Object Name, Id",Benign
kubectl get nodes -n dev --watch,Benign
cat /var/log/syslog | grep 'systemd' | tail -n 20,Benign
"grep -r ""ERROR"" /var/log/ > /dev/null 2>&1 # task_550",Benign
git commit -m 'Fixed weight loading issue in engine.py - issue #7049',Benign
powershell -ExecutionPolicy Restricted -File C:\Scripts\maintenance_49.ps1,Benign
Get-Process | % { $_.Name },Benign
git commit -m 'Fixed weight loading issue in engine.py - issue #1987',Benign
Get-EventLog -LogName System | Sort-Object -Descending,Benign
cat /var/log/syslog | grep 'systemd' | tail -n 39,Benign
cat /var/log/syslog | grep 'systemd' | tail -n 32,Benign
kubectl get services -n production --watch,Benign
terraform init -upgrade,Benign
tar -czf /tmp/backup.tar.gz /var/log > /dev/null 2>&1 # task_343,Benign
powershell -ExecutionPolicy Restricted -File C:\Scripts\maintenance_88.ps1,Benign
git commit -m 'Fixed weight loading issue in engine.py - issue #8889',Benign
tar -czf /tmp/backup.tar.gz /var/log > /dev/null 2>&1 # task_866,Benign
git commit -m 'Fixed weight loading issue in engine.py - issue #4933',Benign
tar -czf /tmp/backup.tar.gz /var/log > /dev/null 2>&1 # task_358,Benign
kubectl get services -n staging --watch,Benign
systemctl status nginx > /dev/null 2>&1 # task_228,Benign
"grep -r ""ERROR"" /var/log/ > /dev/null 2>&1 # task_817",Benign
cat /var/log/syslog | grep 'systemd' | tail -n 21,Benign
powershell -ExecutionPolicy Restricted -File C:\Scripts\maintenance_36.ps1,Benign
"grep -r ""ERROR"" /var/log/ > /dev/null 2>&1 # task_983",Benign
tar -czf /tmp/backup.tar.gz /var/log > /dev/null 2>&1 # task_478,Benign
cat /var/log/syslog | grep 'systemd' | tail -n 54,Benign
Get-Process | Where-Object {$_.Status -eq 'Running'},Benign
kubectl get pods -n production --watch,Benign
Get-Service | % { $_.Name },Benign
tar -czf /tmp/backup.tar.gz /var/log > /dev/null 2>&1 # task_198,Benign
powershell -ep Restricted -File C:\Scripts\maintenance_69.ps1,Benign
git commit -m 'Fixed weight loading issue in engine.py - issue #9847',Benign
terraform apply -auto-approve,Benign
cat /var/log/syslog | grep 'systemd' | tail -n 52,Benign
terraform destroy -auto-approve,Benign
git commit -m 'Fixed weight loading issue in engine.py - issue #3003',Benign
powershell -ExecutionPolicy AllSigned -File C:\Scripts\maintenance_4.ps1,Benign
git commit -m 'Fixed weight loading issue in engine.py - issue #6847',Benign
powershell -ep Restricted -File C:\Scripts\maintenance_11.ps1,Benign
tar -czf /tmp/backup.tar.gz /var/log > /dev/null 2>&1 # task_650,Benign
Get-EventLog -LogName System | Sort-Object -Descending,Benign
terraform init -upgrade,Benign
kubectl get pods -n monitoring --watch,Benign
terraform apply -auto-approve,Benign
Get-ADUser | Where-Object {$_.Status -eq 'Running'},Benign
kubectl get deployments -n staging -o wide,Benign
powershell -ExecutionPolicy AllSigned -File C:\Scripts\maintenance_93.ps1,Benign
tar -czf /tmp/backup.tar.gz /var/log > /dev/null 2>&1 # task_863,Benign
terraform init -upgrade,Benign
git commit -m 'Fixed weight loading issue in engine.py - issue #4976',Benign
git commit -m 'Fixed weight loading issue in engine.py - issue #5832',Benign
kubectl get configmaps -n dev --watch,Benign
cat /var/log/syslog | grep 'systemd' | tail -n 33,Benign
git commit -m 'Fixed weight loading issue in engine.py - issue #6818',Benign
terraform apply -auto-approve,Benign
cat /var/log/syslog | grep 'systemd' | tail -n 93,Benign
Get-Service | Where-Object {$_.Status -eq 'Running'},Benign
git commit -m 'Fixed weight loading issue in engine.py - issue #2859',Benign
kubectl get configmaps -n production -o wide,Benign
terraform plan -out=tfplan,Benign
systemctl status nginx > /dev/null 2>&1 # task_697,Benign
tar -czf /tmp/backup.tar.gz /var/log > /dev/null 2>&1 # task_375,Benign
powershell -ExecutionPolicy AllSigned -File C:\Scripts\maintenance_29.ps1,Benign
kubectl get pods -n production --watch,Benign
git commit -m 'Fixed weight loading issue in engine.py - issue #2891',Benign
git commit -m 'Fixed weight loading issue in engine.py - issue #5111',Benign
terraform apply -auto-approve,Benign
Get-Content | Where-Object {$_.Status -eq 'Running'},Benign
terraform init -upgrade,Benign
Get-EventLog -LogName System | % { $_.Name },Benign
tar -czf /tmp/backup.tar.gz /var/log > /dev/null 2>&1 # task_256,Benign
terraform plan -out=tfplan,Benign
terraform init -upgrade,Benign
git commit -m 'Fixed weight loading issue in engine.py - issue #8610',Benign
tar -czf /tmp/backup.tar.gz /var/log > /dev/null 2>&1 # task_776,Benign
powershell -ExecutionPolicy AllSigned -File C:\Scripts\maintenance_86.ps1,Benign
powershell -ExecutionPolicy AllSigned -File C:\Scripts\maintenance_55.ps1,Benign
powershell -ExecutionPolicy Restricted -File C:\Scripts\maintenance_93.ps1,Benign
systemctl status nginx > /dev/null 2>&1 # task_753,Benign
git commit -m 'Fixed weight loading issue in engine.py - issue #2803',Benign
git commit -m 'Fixed weight loading issue in engine.py - issue #4375',Benign
systemctl status nginx > /dev/null 2>&1 # task_249,Benign
tar -czf /tmp/backup.tar.gz /var/log > /dev/null 2>&1 # task_295,Benign
Get-Service | % { $_.Name },Benign
tar -czf /tmp/backup.tar.gz /var/log > /dev/null 2>&1 # task_286,Benign
Get-Service | % { $_.Name },Benign
cat /var/log/syslog | grep 'systemd' | tail -n 96,Benign
cat /var/log/syslog | grep 'systemd' | tail -n 44,Benign
terraform plan -out=tfplan,Benign
powershell -ExecutionPolicy AllSigned -File C:\Scripts\maintenance_68.ps1,Benign
"grep -r ""ERROR"" /var/log/ > /dev/null 2>&1 # task_872",Benign
kubectl get services -n kube-system --watch,Benign
Get-Content | % { $_.Name },Benign
cat /var/log/syslog | grep 'systemd' | tail -n 91,Benign
terraform destroy -auto-approve,Benign
kubectl get configmaps -n dev -o wide,Benign
Get-Service | Where-Object {$_.Status -eq 'Running'},Benign
Get-Process | % { $_.Name },Benign
powershell -ExecutionPolicy Restricted -File C:\Scripts\maintenance_98.ps1,Benign
powershell -ExecutionPolicy AllSigned -File C:\Scripts\maintenance_17.ps1,Benign
"Get-EventLog -LogName System | Select-Object Name, Id",Benign
cat /var/log/syslog | grep 'systemd' | tail -n 87,Benign
git commit -m 'Fixed weight loading issue in engine.py - issue #6742',Benign
Get-Process | Where-Object {$_.Status -eq 'Running'},Benign
"Get-Content | Select-Object Name, Id",Benign
powershell -ExecutionPolicy Restricted -File C:\Scripts\maintenance_7.ps1,Benign
powershell -ExecutionPolicy Restricted -File C:\Scripts\maintenance_46.ps1,Benign
git commit -m 'Fixed weight loading issue in engine.py - issue #6483',Benign
powershell -ExecutionPolicy AllSigned -File C:\Scripts\maintenance_89.ps1,Benign
terraform destroy -auto-approve,Benign
systemctl status nginx > /dev/null 2>&1 # task_730,Benign
"grep -r ""ERROR"" /var/log/ > /dev/null 2>&1 # task_361",Benign
systemctl status nginx > /dev/null 2>&1 # task_323,Benign
powershell -ep Restricted -File C:\Scripts\maintenance_36.ps1,Benign
git commit -m 'Fixed weight loading issue in engine.py - issue #3342',Benign
terraform init -upgrade,Benign
powershell -ExecutionPolicy Restricted -File C:\Scripts\maintenance_86.ps1,Benign
terraform plan -out=tfplan,Benign
terraform apply -auto-approve,Benign
tar -czf /tmp/backup.tar.gz /var/log > /dev/null 2>&1 # task_381,Benign
terraform init -upgrade,Benign
"Get-ADUser | Select-Object Name, Id",Benign
"Get-Process | Select-Object Name, Id",Benign
git commit -m 'Fixed weight loading issue in engine.py - issue #2235',Benign
Get-EventLog -LogName System | % { $_.Name },Benign
terraform apply -auto-approve,Benign
systemctl status nginx > /dev/null 2>&1 # task_876,Benign
kubectl get pods -n monitoring -o wide,Benign
git commit -m 'Fixed weight loading issue in engine.py - issue #4413',Benign
cat /var/log/syslog | grep 'systemd' | tail -n 37,Benign
terraform destroy -auto-approve,Benign
"grep -r ""ERROR"" /var/log/ > /dev/null 2>&1 # task_488",Benign
kubectl get deployments -n production -o wide,Benign
powershell -ExecutionPolicy AllSigned -File C:\Scripts\maintenance_9.ps1,Benign
terraform apply -auto-approve,Benign
systemctl status nginx > /dev/null 2>&1 # task_116,Benign
"grep -r ""ERROR"" /var/log/ > /dev/null 2>&1 # task_643",Benign
terraform destroy -auto-approve,Benign
terraform plan -out=tfplan,Benign
git commit -m 'Fixed weight loading issue in engine.py - issue #8001',Benign
terraform apply -auto-approve,Benign
"grep -r ""ERROR"" /var/log/ > /dev/null 2>&1 # task_334",Benign
cat /var/log/syslog | grep 'systemd' | tail -n 85,Benign
kubectl get pods -n dev -o wide,Benign
"Get-Process | Select-Object Name, Id",Benign
cat /var/log/syslog | grep 'systemd' | tail -n 46,Benign
kubectl get services -n dev -o wide,Benign
terraform init -upgrade,Benign
cat /var/log/syslog | grep 'systemd' | tail -n 28,Benign
terraform plan -out=tfplan,Benign
cat /var/log/syslog | grep 'systemd' | tail -n 70,Benign
git commit -m 'Fixed weight loading issue in engine.py - issue #2640',Benign
kubectl get configmaps -n dev --watch,Benign
kubectl get configmaps -n kube-system -o wide,Benign
systemctl status nginx > /dev/null 2>&1 # task_987,Benign
terraform plan -out=tfplan,Benign
powershell -ep Restricted -File C:\Scripts\maintenance_85.ps1,Benign
"grep -r ""ERROR"" /var/log/ > /dev/null 2>&1 # task_498",Benign
Get-Content | Sort-Object -Descending,Benign
cat /var/log/syslog | grep 'systemd' | tail -n 69,Benign
kubectl get configmaps -n monitoring --watch,Benign
git commit -m 'Fixed weight loading issue in engine.py - issue #6166',Benign
kubectl get services -n production -o wide,Benign
cat /var/log/syslog | grep 'systemd' | tail -n 92,Benign
"grep -r ""ERROR"" /var/log/ > /dev/null 2>&1 # task_229",Benign
Get-EventLog -LogName System | % { $_.Name },Benign
"grep -r ""ERROR"" /var/log/ > /dev/null 2>&1 # task_690",Benign
cat /var/log/syslog | grep 'systemd' | tail -n 86,Benign
kubectl get pods -n staging -o wide,Benign
git commit -m 'Fixed weight loading issue in engine.py - issue #7948',Benign
git commit -m 'Fixed weight loading issue in engine.py - issue #5196',Benign
kubectl get nodes -n staging --watch,Benign
Get-Content | % { $_.Name },Benign
git commit -m 'Fixed weight loading issue in engine.py - issue #7527',Benign
systemctl status nginx > /dev/null 2>&1 # task_420,Benign
terraform init -upgrade,Benign
powershell -ExecutionPolicy AllSigned -File C:\Scripts\maintenance_78.ps1,Benign
git commit -m 'Fixed weight loading issue in engine.py - issue #1338',Benign
git commit -m 'Fixed weight loading issue in engine.py - issue #4243',Benign
Get-Process | % { $_.Name },Benign
powershell -ExecutionPolicy Restricted -File C:\Scripts\maintenance_10.ps1,Benign
Get-Service | Where-Object {$_.Status -eq 'Running'},Benign
cat /var/log/syslog | grep 'systemd' | tail -n 61,Benign
powershell -ExecutionPolicy Restricted -File C:\Scripts\maintenance_3.ps1,Benign
powershell -ExecutionPolicy AllSigned -File C:\Scripts\maintenance_58.ps1,Benign
tar -czf /tmp/backup.tar.gz /var/log > /dev/null 2>&1 # task_787,Benign
kubectl get configmaps -n dev -o wide,Benign
cat /var/log/syslog | grep 'systemd' | tail -n 25,Benign
systemctl status nginx > /dev/null 2>&1 # task_176,Benign
systemctl status nginx > /dev/null 2>&1 # task_694,Benign
Get-EventLog -LogName System | Sort-Object -Descending,Benign
git commit -m 'Fixed weight loading issue in engine.py - issue #5857',Benign
powershell -ExecutionPolicy AllSigned -File C:\Scripts\maintenance_88.ps1,Benign
kubectl get services -n staging --watch,Benign
terraform plan -out=tfplan,Benign
systemctl status nginx > /dev/null 2>&1 # task_153,Benign
git commit -m 'Fixed weight loading issue in engine.py - issue #6659',Benign
Get-ADUser | % { $_.Name },Benign
"grep -r ""ERROR"" /var/log/ > /dev/null 2>&1 # task_178",Benign
Get-ADUser | Where-Object {$_.Status -eq 'Running'},Benign
systemctl status nginx > /dev/null 2>&1 # task_994,Benign
tar -czf /tmp/backup.tar.gz /var/log > /dev/null 2>&1 # task_690,Benign
cat /var/log/syslog | grep 'systemd' | tail -n 94,Benign
git commit -m 'Fixed weight loading issue in engine.py - issue #3933',Benign
git commit -m 'Fixed weight loading issue in engine.py - issue #9085',Benign
git commit -m 'Fixed weight loading issue in engine.py - issue #7533',Benign
Get-Process | % { $_.Name },Benign
git commit -m 'Fixed weight loading issue in engine.py - issue #2108',Benign
cat /var/log/syslog | grep 'systemd' | tail -n 61,Benign
cat /var/log/syslog | grep 'systemd' | tail -n 93,Benign
cat /var/log/syslog | grep 'systemd' | tail -n 88,Benign
terraform apply -auto-approve,Benign
Get-Process | % { $_.Name },Benign
terraform init -upgrade,Benign
powershell -ep Restricted -File C:\Scripts\maintenance_69.ps1,Benign
git commit -m 'Fixed weight loading issue in engine.py - issue #6007',Benign
git commit -m 'Fixed weight loading issue in engine.py - issue #1434',Benign
terraform apply -auto-approve,Benign
cat /var/log/syslog | grep 'systemd' | tail -n 22,Benign
"Get-Content | Select-Object Name, Id",Benign
cat /var/log/syslog | grep 'systemd' | tail -n 70,Benign
kubectl get configmaps -n kube-system --watch,Benign
Get-Content | Sort-Object -Descending,Benign
terraform destroy -auto-approve,Benign
kubectl get deployments -n kube-system --watch,Benign
systemctl status nginx > /dev/null 2>&1 # task_589,Benign
terraform plan -out=tfplan,Benign
terraform init -upgrade,Benign
kubectl get pods -n monitoring -o wide,Benign
terraform destroy -auto-approve,Benign
git commit -m 'Fixed weight loading issue in engine.py - issue #4313',Benign
systemctl status nginx > /dev/null 2>&1 # task_324,Benign
git commit -m 'Fixed weight loading issue in engine.py - issue #1856',Benign
Get-ADUser | Sort-Object -Descending,Benign
git commit -m 'Fixed weight loading issue in engine.py - issue #8827',Benign
powershell -ExecutionPolicy Restricted -File C:\Scripts\maintenance_94.ps1,Benign
powershell -ExecutionPolicy AllSigned -File C:\Scripts\maintenance_64.ps1,Benign
powershell -ExecutionPolicy AllSigned -File C:\Scripts\maintenance_76.ps1,Benign
powershell -ExecutionPolicy AllSigned -File C:\Scripts\maintenance_80.ps1,Benign
cat /var/log/syslog | grep 'systemd' | tail -n 45,Benign
git commit -m 'Fixed weight loading issue in engine.py - issue #9553',Benign
powershell -ExecutionPolicy Restricted -File C:\Scripts\maintenance_52.ps1,Benign
systemctl status nginx > /dev/null 2>&1 # task_606,Benign
git commit -m 'Fixed weight loading issue in engine.py - issue #5671',Benign
kubectl get configmaps -n dev --watch,Benign
git commit -m 'Fixed weight loading issue in engine.py - issue #4402',Benign
cat /var/log/syslog | grep 'systemd' | tail -n 79,Benign
terraform init -upgrade,Benign
git commit -m 'Fixed weight loading issue in engine.py - issue #5433',Benign
kubectl get services -n dev -o wide,Benign
cat /var/log/syslog | grep 'systemd' | tail -n 99,Benign
systemctl status nginx > /dev/null 2>&1 # task_760,Benign
git commit -m 'Fixed weight loading issue in engine.py - issue #9926',Benign
tar -czf /tmp/backup.tar.gz /var/log > /dev/null 2>&1 # task_301,Benign
terraform destroy -auto-approve,Benign
git commit -m 'Fixed weight loading issue in engine.py - issue #7460',Benign
Get-Service | Where-Object {$_.Status -eq 'Running'},Benign
git commit -m 'Fixed weight loading issue in engine.py - issue #6626',Benign
cat /var/log/syslog | grep 'systemd' | tail -n 61,Benign
cat /var/log/syslog | grep 'systemd' | tail -n 58,Benign
kubectl get deployments -n staging -o wide,Benign
Get-Process | % { $_.Name },Benign
terraform apply -auto-approve,Benign
Get-Process | % { $_.Name },Benign
cat /var/log/syslog | grep 'systemd' | tail -n 73,Benign
terraform plan -out=tfplan,Benign
cat /var/log/syslog | grep 'systemd' | tail -n 13,Benign
git commit -m 'Fixed weight loading issue in engine.py - issue #3735',Benign
cat /var/log/syslog | grep 'systemd' | tail -n 34,Benign
cat /var/log/syslog | grep 'systemd' | tail -n 86,Benign
git commit -m 'Fixed weight loading issue in engine.py - issue #6574',Benign
git commit -m 'Fixed weight loading issue in engine.py - issue #9827',Benign
powershell -ep Restricted -File C:\Scripts\maintenance_23.ps1,Benign
powershell -ep Restricted -File C:\Scripts\maintenance_39.ps1,Benign
terraform apply -auto-approve,Benign
kubectl get deployments -n kube-system -o wide,Benign
git commit -m 'Fixed weight loading issue in engine.py - issue #7194',Benign
tar -czf /tmp/backup.tar.gz /var/log > /dev/null 2>&1 # task_488,Benign
kubectl get deployments -n staging -o wide,Benign
terraform plan -out=tfplan,Benign
git commit -m 'Fixed weight loading issue in engine.py - issue #9362',Benign
cat /var/log/syslog | grep 'systemd' | tail -n 60,Benign
kubectl get services -n monitoring -o wide,Benign
tar -czf /tmp/backup.tar.gz /var/log > /dev/null 2>&1 # task_884,Benign
terraform plan -out=tfplan,Benign
powershell -ep Restricted -File C:\Scripts\maintenance_52.ps1,Benign
terraform plan -out=tfplan,Benign
cat /var/log/syslog | grep 'systemd' | tail -n 67,Benign
Get-Process | % { $_.Name },Benign
powershell -ep Restricted -File C:\Scripts\maintenance_83.ps1,Benign
kubectl get pods -n dev --watch,Benign
Get-EventLog -LogName System | Sort-Object -Descending,Benign
git commit -m 'Fixed weight loading issue in engine.py - issue #5354',Benign
powershell -ep Restricted -File C:\Scripts\maintenance_46.ps1,Benign
terraform apply -auto-approve,Benign
terraform destroy -auto-approve,Benign
Get-Service | % { $_.Name },Benign
powershell -ep Restricted -File C:\Scripts\maintenance_79.ps1,Benign
systemctl status nginx > /dev/null 2>&1 # task_744,Benign
cat /var/log/syslog | grep 'systemd' | tail -n 63,Benign
kubectl get services -n monitoring --watch,Benign
kubectl get deployments -n staging -o wide,Benign
git commit -m 'Fixed weight loading issue in engine.py - issue #8066',Benign
powershell -ep Restricted -File C:\Scripts\maintenance_55.ps1,Benign
kubectl get deployments -n monitoring --watch,Benign
Get-Content | % { $_.Name },Benign
cat /var/log/syslog | grep 'systemd' | tail -n 94,Benign
terraform destroy -auto-approve,Benign
terraform plan -out=tfplan,Benign
terraform plan -out=tfplan,Benign
git commit -m 'Fixed weight loading issue in engine.py - issue #6888',Benign
cat /var/log/syslog | grep 'systemd' | tail -n 45,Benign
terraform plan -out=tfplan,Benign
powershell -ExecutionPolicy Restricted -File C:\Scripts\maintenance_15.ps1,Benign
"Get-ADUser | Select-Object Name, Id",Benign
kubectl get deployments -n monitoring --watch,Benign
"Get-Content | Select-Object Name, Id",Benign
git commit -m 'Fixed weight loading issue in engine.py - issue #3210',Benign
powershell -ep Restricted -File C:\Scripts\maintenance_44.ps1,Benign
powershell -ExecutionPolicy Restricted -File C:\Scripts\maintenance_97.ps1,Benign
powershell -ep Restricted -File C:\Scripts\maintenance_65.ps1,Benign
Get-Service | Where-Object {$_.Status -eq 'Running'},Benign
kubectl get services -n staging --watch,Benign
cat /var/log/syslog | grep 'systemd' | tail -n 64,Benign
"grep -r ""ERROR"" /var/log/ > /dev/null 2>&1 # task_310",Benign
git commit -m 'Fixed weight loading issue in engine.py - issue #9506',Benign
git commit -m 'Fixed weight loading issue in engine.py - issue #8665',Benign
kubectl get services -n kube-system --watch,Benign
"grep -r ""ERROR"" /var/log/ > /dev/null 2>&1 # task_107",Benign
kubectl get deployments -n kube-system -o wide,Benign
cat /var/log/syslog | grep 'systemd' | tail -n 95,Benign
cat /var/log/syslog | grep 'systemd' | tail -n 78,Benign
git commit -m 'Fixed weight loading issue in engine.py - issue #5464',Benign
git commit -m 'Fixed weight loading issue in engine.py - issue #7214',Benign
systemctl status nginx > /dev/null 2>&1 # task_378,Benign
git commit -m 'Fixed weight loading issue in engine.py - issue #5407',Benign
Get-ADUser | Where-Object {$_.Status -eq 'Running'},Benign
powershell -ExecutionPolicy AllSigned -File C:\Scripts\maintenance_96.ps1,Benign
powershell -ExecutionPolicy Restricted -File C:\Scripts\maintenance_77.ps1,Benign
tar -czf /tmp/backup.tar.gz /var/log > /dev/null 2>&1 # task_368,Benign
powershell -ExecutionPolicy Restricted -File C:\Scripts\maintenance_65.ps1,Benign
terraform destroy -auto-approve,Benign
kubectl get nodes -n monitoring --watch,Benign
terraform destroy -auto-approve,Benign
powershell -ExecutionPolicy AllSigned -File C:\Scripts\maintenance_37.ps1,Benign
terraform destroy -auto-approve,Benign
Get-Content | % { $_.Name },Benign
powershell -ExecutionPolicy AllSigned -File C:\Scripts\maintenance_51.ps1,Benign
git commit -m 'Fixed weight loading issue in engine.py - issue #5141',Benign
git commit -m 'Fixed weight loading issue in engine.py - issue #3607',Benign
Get-EventLog -LogName System | % { $_.Name },Benign
Get-Process | % { $_.Name },Benign
terraform apply -auto-approve,Benign
kubectl get deployments -n production -o wide,Benign
powershell -ExecutionPolicy AllSigned -File C:\Scripts\maintenance_60.ps1,Benign
Get-Content | Where-Object {$_.Status -eq 'Running'},Benign
systemctl status nginx > /dev/null 2>&1 # task_482,Benign
kubectl get services -n kube-system --watch,Benign
kubectl get deployments -n dev -o wide,Benign
"Get-Process | Select-Object Name, Id",Benign
Get-ADUser | Where-Object {$_.Status -eq 'Running'},Benign
git commit -m 'Fixed weight loading issue in engine.py - issue #4243',Benign
cat /var/log/syslog | grep 'systemd' | tail -n 15,Benign
powershell -ExecutionPolicy AllSigned -File C:\Scripts\maintenance_69.ps1,Benign
kubectl get deployments -n monitoring --watch,Benign
terraform destroy -auto-approve,Benign
powershell -ExecutionPolicy AllSigned -File C:\Scripts\maintenance_47.ps1,Benign
cat /var/log/syslog | grep 'systemd' | tail -n 89,Benign
tar -czf /tmp/backup.tar.gz /var/log > /dev/null 2>&1 # task_897,Benign
git commit -m 'Fixed weight loading issue in engine.py - issue #7435',Benign
Get-Service | Where-Object {$_.Status -eq 'Running'},Benign
"Get-ADUser | Select-Object Name, Id",Benign
kubectl get configmaps -n monitoring --watch,Benign
systemctl status nginx > /dev/null 2>&1 # task_194,Benign
powershell -ExecutionPolicy Restricted -File C:\Scripts\maintenance_17.ps1,Benign
cat /var/log/syslog | grep 'systemd' | tail -n 81,Benign
git commit -m 'Fixed weight loading issue in engine.py - issue #7344',Benign
kubectl get deployments -n kube-system -o wide,Benign
cat /var/log/syslog | grep 'systemd' | tail -n 78,Benign
terraform destroy -auto-approve,Benign
kubectl get services -n kube-system -o wide,Benign
"grep -r ""ERROR"" /var/log/ > /dev/null 2>&1 # task_693",Benign
git commit -m 'Fixed weight loading issue in engine.py - issue #5212',Benign
terraform init -upgrade,Benign
powershell -ExecutionPolicy AllSigned -File C:\Scripts\maintenance_82.ps1,Benign
Get-Service | % { $_.Name },Benign
git commit -m 'Fixed weight loading issue in engine.py - issue #4357',Benign
Get-Process | Sort-Object -Descending,Benign
systemctl status nginx > /dev/null 2>&1 # task_175,Benign
cat /var/log/syslog | grep 'systemd' | tail -n 82,Benign
systemctl status nginx > /dev/null 2>&1 # task_841,Benign
cat /var/log/syslog | grep 'systemd' | tail -n 71,Benign
git commit -m 'Fixed weight loading issue in engine.py - issue #1472',Benign
tar -czf /tmp/backup.tar.gz /var/log > /dev/null 2>&1 # task_863,Benign
powershell -ExecutionPolicy AllSigned -File C:\Scripts\maintenance_83.ps1,Benign
kubectl get services -n staging -o wide,Benign
Get-Content | % { $_.Name },Benign
git commit -m 'Fixed weight loading issue in engine.py - issue #4558',Benign
terraform apply -auto-approve,Benign
tar -czf /tmp/backup.tar.gz /var/log > /dev/null 2>&1 # task_500,Benign
git commit -m 'Fixed weight loading issue in engine.py - issue #8469',Benign
terraform apply -auto-approve,Benign
systemctl status nginx > /dev/null 2>&1 # task_258,Benign
systemctl status nginx > /dev/null 2>&1 # task_545,Benign
powershell -ExecutionPolicy AllSigned -File C:\Scripts\maintenance_38.ps1,Benign
powershell -ep Restricted -File C:\Scripts\maintenance_3.ps1,Benign
tar -czf /tmp/backup.tar.gz /var/log > /dev/null 2>&1 # task_647,Benign
tar -czf /tmp/backup.tar.gz /var/log > /dev/null 2>&1 # task_311,Benign
"Get-ADUser | Select-Object Name, Id",Benign
systemctl status nginx > /dev/null 2>&1 # task_295,Benign
kubectl get nodes -n staging --watch,Benign
powershell -ExecutionPolicy Restricted -File C:\Scripts\maintenance_25.ps1,Benign
terraform destroy -auto-approve,Benign
Get-ADUser | % { $_.Name },Benign
git commit -m 'Fixed weight loading issue in engine.py - issue #2723',Benign
git commit -m 'Fixed weight loading issue in engine.py - issue #5274',Benign
powershell -ExecutionPolicy AllSigned -File C:\Scripts\maintenance_64.ps1,Benign
"grep -r ""ERROR"" /var/log/ > /dev/null 2>&1 # task_411",Benign
Get-Service | Where-Object {$_.Status -eq 'Running'},Benign
cat /var/log/syslog | grep 'systemd' | tail -n 53,Benign
kubectl get configmaps -n staging --watch,Benign
kubectl get services -n monitoring -o wide,Benign
tar -czf /tmp/backup.tar.gz /var/log > /dev/null 2>&1 # task_431,Benign
tar -czf /tmp/backup.tar.gz /var/log > /dev/null 2>&1 # task_611,Benign
"Get-ADUser | Select-Object Name, Id",Benign
git commit -m 'Fixed weight loading issue in engine.py - issue #6310',Benign
terraform apply -auto-approve,Benign
terraform apply -auto-approve,Benign
"grep -r ""ERROR"" /var/log/ > /dev/null 2>&1 # task_157",Benign
kubectl get deployments -n kube-system --watch,Benign
tar -czf /tmp/backup.tar.gz /var/log > /dev/null 2>&1 # task_696,Benign
tar -czf /tmp/backup.tar.gz /var/log > /dev/null 2>&1 # task_747,Benign
powershell -ExecutionPolicy AllSigned -File C:\Scripts\maintenance_30.ps1,Benign
powershell -ep Restricted -File C:\Scripts\maintenance_29.ps1,Benign
terraform init -upgrade,Benign
systemctl status nginx > /dev/null 2>&1 # task_773,Benign
cat /var/log/syslog | grep 'systemd' | tail -n 44,Benign
cat /var/log/syslog | grep 'systemd' | tail -n 17,Benign
tar -czf /tmp/backup.tar.gz /var/log > /dev/null 2>&1 # task_379,Benign
cat /var/log/syslog | grep 'systemd' | tail -n 56,Benign
cat /var/log/syslog | grep 'systemd' | tail -n 66,Benign
kubectl get deployments -n staging --watch,Benign
git commit -m 'Fixed weight loading issue in engine.py - issue #2666',Benign
terraform init -upgrade,Benign
terraform apply -auto-approve,Benign
terraform init -upgrade,Benign
cat /var/log/syslog | grep 'systemd' | tail -n 95,Benign
terraform destroy -auto-approve,Benign
cat /var/log/syslog | grep 'systemd' | tail -n 49,Benign
kubectl get deployments -n monitoring --watch,Benign
tar -czf /tmp/backup.tar.gz /var/log > /dev/null 2>&1 # task_420,Benign
terraform apply -auto-approve,Benign
Get-ADUser | Sort-Object -Descending,Benign
terraform init -upgrade,Benign
cat /var/log/syslog | grep 'systemd' | tail -n 19,Benign
terraform destroy -auto-approve,Benign
Get-Content | Where-Object {$_.Status -eq 'Running'},Benign
powershell -ExecutionPolicy AllSigned -File C:\Scripts\maintenance_44.ps1,Benign
git commit -m 'Fixed weight loading issue in engine.py - issue #8095',Benign
kubectl get deployments -n kube-system --watch,Benign
cat /var/log/syslog | grep 'systemd' | tail -n 58,Benign
git commit -m 'Fixed weight loading issue in engine.py - issue #5693',Benign
terraform apply -auto-approve,Benign
Get-Service | Sort-Object -Descending,Benign
cat /var/log/syslog | grep 'systemd' | tail -n 80,Benign
tar -czf /tmp/backup.tar.gz /var/log > /dev/null 2>&1 # task_964,Benign
systemctl status nginx > /dev/null 2>&1 # task_876,Benign
powershell -ExecutionPolicy AllSigned -File C:\Scripts\maintenance_1.ps1,Benign
Get-EventLog -LogName System | % { $_.Name },Benign
terraform plan -out=tfplan,Benign
kubectl get pods -n monitoring -o wide,Benign
git commit -m 'Fixed weight loading issue in engine.py - issue #9893',Benign
git commit -m 'Fixed weight loading issue in engine.py - issue #4220',Benign
cat /var/log/syslog | grep 'systemd' | tail -n 58,Benign
"grep -r ""ERROR"" /var/log/ > /dev/null 2>&1 # task_593",Benign
Get-Service | % { $_.Name },Benign
git commit -m 'Fixed weight loading issue in engine.py - issue #6795',Benign
powershell -ExecutionPolicy Restricted -File C:\Scripts\maintenance_21.ps1,Benign
powershell -ExecutionPolicy AllSigned -File C:\Scripts\maintenance_85.ps1,Benign
kubectl get deployments -n dev -o wide,Benign
git commit -m 'Fixed weight loading issue in engine.py - issue #8463',Benign
git commit -m 'Fixed weight loading issue in engine.py - issue #3274',Benign
git commit -m 'Fixed weight loading issue in engine.py - issue #7004',Benign
terraform init -upgrade,Benign
kubectl get nodes -n kube-system -o wide,Benign
terraform apply -auto-approve,Benign
systemctl status nginx > /dev/null 2>&1 # task_453,Benign
kubectl get nodes -n production -o wide,Benign
git commit -m 'Fixed weight loading issue in engine.py - issue #8353',Benign
powershell -ep Restricted -File C:\Scripts\maintenance_42.ps1,Benign
powershell -ExecutionPolicy AllSigned -File C:\Scripts\maintenance_19.ps1,Benign
powershell -ExecutionPolicy AllSigned -File C:\Scripts\maintenance_2.ps1,Benign
kubectl get nodes -n kube-system --watch,Benign
systemctl status nginx > /dev/null 2>&1 # task_278,Benign
powershell -ExecutionPolicy AllSigned -File C:\Scripts\maintenance_12.ps1,Benign
powershell -ExecutionPolicy AllSigned -File C:\Scripts\maintenance_90.ps1,Benign
terraform init -upgrade,Benign
cat /var/log/syslog | grep 'systemd' | tail -n 82,Benign
cat /var/log/syslog | grep 'systemd' | tail -n 14,Benign
kubectl get configmaps -n dev -o wide,Benign
cat /var/log/syslog | grep 'systemd' | tail -n 59,Benign
powershell -ep Restricted -File C:\Scripts\maintenance_31.ps1,Benign
tar -czf /tmp/backup.tar.gz /var/log > /dev/null 2>&1 # task_190,Benign
git commit -m 'Fixed weight loading issue in engine.py - issue #1997',Benign
kubectl get services -n kube-system -o wide,Benign
cat /var/log/syslog | grep 'systemd' | tail -n 33,Benign
"grep -r ""ERROR"" /var/log/ > /dev/null 2>&1 # task_909",Benign
git commit -m 'Fixed weight loading issue in engine.py - issue #7164',Benign
git commit -m 'Fixed weight loading issue in engine.py - issue #6595',Benign
Get-Service | Where-Object {$_.Status -eq 'Running'},Benign
git commit -m 'Fixed weight loading issue in engine.py - issue #8697',Benign
"grep -r ""ERROR"" /var/log/ > /dev/null 2>&1 # task_588",Benign
cat /var/log/syslog | grep 'systemd' | tail -n 32,Benign
kubectl get deployments -n staging -o wide,Benign
powershell -ExecutionPolicy Restricted -File C:\Scripts\maintenance_60.ps1,Benign
git commit -m 'Fixed weight loading issue in engine.py - issue #6492',Benign
kubectl get pods -n kube-system -o wide,Benign
cat /var/log/syslog | grep 'systemd' | tail -n 10,Benign
kubectl get nodes -n staging --watch,Benign
"grep -r ""ERROR"" /var/log/ > /dev/null 2>&1 # task_819",Benign
powershell -ep Restricted -File C:\Scripts\maintenance_65.ps1,Benign
systemctl status nginx > /dev/null 2>&1 # task_496,Benign
terraform apply -auto-approve,Benign
systemctl status nginx > /dev/null 2>&1 # task_353,Benign
cat /var/log/syslog | grep 'systemd' | tail -n 97,Benign
git commit -m 'Fixed weight loading issue in engine.py - issue #8108',Benign
git commit -m 'Fixed weight loading issue in engine.py - issue #8030',Benign
tar -czf /tmp/backup.tar.gz /var/log > /dev/null 2>&1 # task_342,Benign
kubectl get pods -n kube-system -o wide,Benign
powershell -ExecutionPolicy AllSigned -File C:\Scripts\maintenance_78.ps1,Benign
cat /var/log/syslog | grep 'systemd' | tail -n 54,Benign
Get-EventLog -LogName System | % { $_.Name },Benign
terraform destroy -auto-approve,Benign
Get-Content | Where-Object {$_.Status -eq 'Running'},Benign
terraform init -upgrade,Benign
git commit -m 'Fixed weight loading issue in engine.py - issue #2396',Benign
Get-Service | Sort-Object -Descending,Benign
terraform plan -out=tfplan,Benign
powershell -ep Restricted -File C:\Scripts\maintenance_72.ps1,Benign
"grep -r ""ERROR"" /var/log/ > /dev/null 2>&1 # task_294",Benign
terraform destroy -auto-approve,Benign
powershell -ExecutionPolicy Restricted -File C:\Scripts\maintenance_63.ps1,Benign
kubectl get services -n monitoring -o wide,Benign
kubectl get nodes -n dev -o wide,Benign
terraform apply -auto-approve,Benign
git commit -m 'Fixed weight loading issue in engine.py - issue #7684',Benign
powershell -ExecutionPolicy AllSigned -File C:\Scripts\maintenance_48.ps1,Benign
git commit -m 'Fixed weight loading issue in engine.py - issue #9494',Benign
kubectl get pods -n dev -o wide,Benign
kubectl get nodes -n kube-system --watch,Benign
kubectl get nodes -n production -o wide,Benign
tar -czf /tmp/backup.tar.gz /var/log > /dev/null 2>&1 # task_113,Benign
powershell -ep Restricted -File C:\Scripts\maintenance_45.ps1,Benign
git commit -m 'Fixed weight loading issue in engine.py - issue #8398',Benign
"grep -r ""ERROR"" /var/log/ > /dev/null 2>&1 # task_534",Benign
terraform plan -out=tfplan,Benign
powershell -ExecutionPolicy Restricted -File C:\Scripts\maintenance_95.ps1,Benign
kubectl get services -n staging --watch,Benign
cat /var/log/syslog | grep 'systemd' | tail -n 98,Benign
terraform apply -auto-approve,Benign
kubectl get nodes -n staging --watch,Benign
powershell -ExecutionPolicy Restricted -File C:\Scripts\maintenance_100.ps1,Benign
systemctl status nginx > /dev/null 2>&1 # task_975,Benign
kubectl get nodes -n production --watch,Benign
kubectl get services -n production -o wide,Benign
powershell -ExecutionPolicy Restricted -File C:\Scripts\maintenance_70.ps1,Benign
git commit -m 'Fixed weight loading issue in engine.py - issue #1177',Benign
systemctl status nginx > /dev/null 2>&1 # task_342,Benign
git commit -m 'Fixed weight loading issue in engine.py - issue #4959',Benign
cat /var/log/syslog | grep 'systemd' | tail -n 42,Benign
kubectl get pods -n monitoring --watch,Benign
Get-Service | % { $_.Name },Benign
tar -czf /tmp/backup.tar.gz /var/log > /dev/null 2>&1 # task_935,Benign
powershell -ep Restricted -File C:\Scripts\maintenance_98.ps1,Benign
"grep -r ""ERROR"" /var/log/ > /dev/null 2>&1 # task_545",Benign
powershell -ExecutionPolicy AllSigned -File C:\Scripts\maintenance_38.ps1,Benign
Get-EventLog -LogName System | Sort-Object -Descending,Benign
Get-Process | % { $_.Name },Benign
terraform init -upgrade,Benign
kubectl get deployments -n dev --watch,Benign
"grep -r ""ERROR"" /var/log/ > /dev/null 2>&1 # task_678",Benign
git commit -m 'Fixed weight loading issue in engine.py - issue #1680',Benign
Get-ADUser | Where-Object {$_.Status -eq 'Running'},Benign
git commit -m 'Fixed weight loading issue in engine.py - issue #4809',Benign
cat /var/log/syslog | grep 'systemd' | tail -n 33,Benign
"Get-Content | Select-Object Name, Id",Benign
systemctl status nginx > /dev/null 2>&1 # task_838,Benign
kubectl get deployments -n monitoring --watch,Benign
cat /var/log/syslog | grep 'systemd' | tail -n 51,Benign
terraform apply -auto-approve,Benign
kubectl get nodes -n monitoring --watch,Benign
git commit -m 'Fixed weight loading issue in engine.py - issue #7628',Benign
"Get-EventLog -LogName System | Select-Object Name, Id",Benign
kubectl get services -n staging --watch,Benign
terraform destroy -auto-approve,Benign
powershell -ExecutionPolicy Restricted -File C:\Scripts\maintenance_88.ps1,Benign
powershell -ExecutionPolicy Restricted -File C:\Scripts\maintenance_26.ps1,Benign
kubectl get pods -n monitoring -o wide,Benign
"Get-Service | Select-Object Name, Id",Benign
terraform destroy -auto-approve,Benign
terraform apply -auto-approve,Benign
kubectl get configmaps -n kube-system -o wide,Benign
kubectl get nodes -n dev -o wide,Benign
powershell -ExecutionPolicy AllSigned -File C:\Scripts\maintenance_51.ps1,Benign
Get-EventLog -LogName System | Sort-Object -Descending,Benign
git commit -m 'Fixed weight loading issue in engine.py - issue #6203',Benign
git commit -m 'Fixed weight loading issue in engine.py - issue #8529',Benign
"grep -r ""ERROR"" /var/log/ > /dev/null 2>&1 # task_117",Benign
"Get-Service | Select-Object Name, Id",Benign
kubectl get pods -n staging --watch,Benign
kubectl get nodes -n dev --watch,Benign
"Get-Service | Select-Object Name, Id",Benign
powershell -ExecutionPolicy AllSigned -File C:\Scripts\maintenance_83.ps1,Benign
git commit -m 'Fixed weight loading issue in engine.py - issue #6368',Benign
terraform apply -auto-approve,Benign
git commit -m 'Fixed weight loading issue in engine.py - issue #1310',Benign
tar -czf /tmp/backup.tar.gz /var/log > /dev/null 2>&1 # task_609,Benign
terraform init -upgrade,Benign
powershell -ExecutionPolicy Restricted -File C:\Scripts\maintenance_88.ps1,Benign
cat /var/log/syslog | grep 'systemd' | tail -n 68,Benign
"grep -r ""ERROR"" /var/log/ > /dev/null 2>&1 # task_897",Benign
kubectl get configmaps -n production -o wide,Benign
powershell -ExecutionPolicy AllSigned -File C:\Scripts\maintenance_62.ps1,Benign
powershell -ExecutionPolicy Restricted -File C:\Scripts\maintenance_46.ps1,Benign
systemctl status nginx > /dev/null 2>&1 # task_844,Benign
cat /var/log/syslog | grep 'systemd' | tail -n 82,Benign
cat /var/log/syslog | grep 'systemd' | tail -n 15,Benign
powershell -ep Restricted -File C:\Scripts\maintenance_44.ps1,Benign
cat /var/log/syslog | grep 'systemd' | tail -n 80,Benign
"grep -r ""ERROR"" /var/log/ > /dev/null 2>&1 # task_626",Benign
Get-Service | Sort-Object -Descending,Benign
tar -czf /tmp/backup.tar.gz /var/log > /dev/null 2>&1 # task_471,Benign
systemctl status nginx > /dev/null 2>&1 # task_780,Benign
powershell -ExecutionPolicy Restricted -File C:\Scripts\maintenance_60.ps1,Benign
cat /var/log/syslog | grep 'systemd' | tail -n 49,Benign
cat /var/log/syslog | grep 'systemd' | tail -n 61,Benign
terraform plan -out=tfplan,Benign
powershell -ExecutionPolicy Restricted -File C:\Scripts\maintenance_94.ps1,Benign
kubectl get pods -n monitoring -o wide,Benign
kubectl get configmaps -n kube-system --watch,Benign
cat /var/log/syslog | grep 'systemd' | tail -n 75,Benign
powershell -ExecutionPolicy AllSigned -File C:\Scripts\maintenance_62.ps1,Benign
cat /var/log/syslog | grep 'systemd' | tail -n 47,Benign
tar -czf /tmp/backup.tar.gz /var/log > /dev/null 2>&1 # task_408,Benign
powershell -ExecutionPolicy AllSigned -File C:\Scripts\maintenance_69.ps1,Benign
git commit -m 'Fixed weight loading issue in engine.py - issue #2337',Benign
tar -czf /tmp/backup.tar.gz /var/log > /dev/null 2>&1 # task_790,Benign
git commit -m 'Fixed weight loading issue in engine.py - issue #4728',Benign
tar -czf /tmp/backup.tar.gz /var/log > /dev/null 2>&1 # task_452,Benign
Get-Process | Where-Object {$_.Status -eq 'Running'},Benign
cat /var/log/syslog | grep 'systemd' | tail -n 59,Benign
"grep -r ""ERROR"" /var/log/ > /dev/null 2>&1 # task_874",Benign
git commit -m 'Fixed weight loading issue in engine.py - issue #1961',Benign
terraform init -upgrade,Benign
terraform apply -auto-approve,Benign
git commit -m 'Fixed weight loading issue in engine.py - issue #7756',Benign
systemctl status nginx > /dev/null 2>&1 # task_532,Benign
git commit -m 'Fixed weight loading issue in engine.py - issue #2906',Benign
terraform apply -auto-approve,Benign
powershell -ExecutionPolicy Restricted -File C:\Scripts\maintenance_75.ps1,Benign
powershell -ExecutionPolicy AllSigned -File C:\Scripts\maintenance_21.ps1,Benign
cat /var/log/syslog | grep 'systemd' | tail -n 11,Benign
kubectl get deployments -n monitoring -o wide,Benign
kubectl get pods -n kube-system -o wide,Benign
systemctl status nginx > /dev/null 2>&1 # task_990,Benign
kubectl get nodes -n staging --watch,Benign
cat /var/log/syslog | grep 'systemd' | tail -n 93,Benign
cat /var/log/syslog | grep 'systemd' | tail -n 43,Benign
"grep -r ""ERROR"" /var/log/ > /dev/null 2>&1 # task_131",Benign
git commit -m 'Fixed weight loading issue in engine.py - issue #5992',Benign
cat /var/log/syslog | grep 'systemd' | tail -n 80,Benign
kubectl get pods -n dev -o wide,Benign
powershell -ExecutionPolicy AllSigned -File C:\Scripts\maintenance_99.ps1,Benign
git commit -m 'Fixed weight loading issue in engine.py - issue #2744',Benign
kubectl get services -n kube-system -o wide,Benign
powershell -ExecutionPolicy AllSigned -File C:\Scripts\maintenance_11.ps1,Benign
git commit -m 'Fixed weight loading issue in engine.py - issue #9727',Benign
cat /var/log/syslog | grep 'systemd' | tail -n 69,Benign
"grep -r ""ERROR"" /var/log/ > /dev/null 2>&1 # task_447",Benign
tar -czf /tmp/backup.tar.gz /var/log > /dev/null 2>&1 # task_894,Benign
cat /var/log/syslog | grep 'systemd' | tail -n 79,Benign
terraform apply -auto-approve,Benign
Get-Content | Where-Object {$_.Status -eq 'Running'},Benign
git commit -m 'Fixed weight loading issue in engine.py - issue #4890',Benign
terraform plan -out=tfplan,Benign
Get-EventLog -LogName System | Where-Object {$_.Status -eq 'Running'},Benign
cat /var/log/syslog | grep 'systemd' | tail -n 36,Benign
terraform apply -auto-approve,Benign
git commit -m 'Fixed weight loading issue in engine.py - issue #5799',Benign
git commit -m 'Fixed weight loading issue in engine.py - issue #5759',Benign
kubectl get nodes -n dev --watch,Benign
git commit -m 'Fixed weight loading issue in engine.py - issue #5581',Benign
kubectl get services -n kube-system -o wide,Benign
powershell -ExecutionPolicy AllSigned -File C:\Scripts\maintenance_35.ps1,Benign
powershell -ExecutionPolicy Restricted -File C:\Scripts\maintenance_81.ps1,Benign
git commit -m 'Fixed weight loading issue in engine.py - issue #9737',Benign
systemctl status nginx > /dev/null 2>&1 # task_448,Benign
Get-ADUser | Sort-Object -Descending,Benign
terraform destroy -auto-approve,Benign
git commit -m 'Fixed weight loading issue in engine.py - issue #4091',Benign
cat /var/log/syslog | grep 'systemd' | tail -n 83,Benign
systemctl status nginx > /dev/null 2>&1 # task_921,Benign
systemctl status nginx > /dev/null 2>&1 # task_754,Benign
cat /var/log/syslog | grep 'systemd' | tail -n 32,Benign
"Get-ADUser | Select-Object Name, Id",Benign
git commit -m 'Fixed weight loading issue in engine.py - issue #3977',Benign
Get-Service | % { $_.Name },Benign
terraform init -upgrade,Benign
git commit -m 'Fixed weight loading issue in engine.py - issue #2441',Benign
cat /var/log/syslog | grep 'systemd' | tail -n 86,Benign
cat /var/log/syslog | grep 'systemd' | tail -n 41,Benign
cat /var/log/syslog | grep 'systemd' | tail -n 11,Benign
git commit -m 'Fixed weight loading issue in engine.py - issue #5221',Benign
cat /var/log/syslog | grep 'systemd' | tail -n 51,Benign
cat /var/log/syslog | grep 'systemd' | tail -n 91,Benign
powershell -ep Restricted -File C:\Scripts\maintenance_78.ps1,Benign
cat /var/log/syslog | grep 'systemd' | tail -n 64,Benign
git commit -m 'Fixed weight loading issue in engine.py - issue #9252',Benign
cat /var/log/syslog | grep 'systemd' | tail -n 82,Benign
git commit -m 'Fixed weight loading issue in engine.py - issue #4917',Benign
git commit -m 'Fixed weight loading issue in engine.py - issue #7326',Benign
Get-Process | Where-Object {$_.Status -eq 'Running'},Benign
terraform init -upgrade,Benign
cat /var/log/syslog | grep 'systemd' | tail -n 82,Benign
terraform plan -out=tfplan,Benign
cat /var/log/syslog | grep 'systemd' | tail -n 74,Benign
git commit -m 'Fixed weight loading issue in engine.py - issue #2164',Benign
"grep -r ""ERROR"" /var/log/ > /dev/null 2>&1 # task_956",Benign
cat /var/log/syslog | grep 'systemd' | tail -n 26,Benign
git commit -m 'Fixed weight loading issue in engine.py - issue #1158',Benign
cat /var/log/syslog | grep 'systemd' | tail -n 39,Benign
git commit -m 'Fixed weight loading issue in engine.py - issue #8258',Benign
Get-ADUser | Where-Object {$_.Status -eq 'Running'},Benign
tar -czf /tmp/backup.tar.gz /var/log > /dev/null 2>&1 # task_884,Benign
terraform apply -auto-approve,Benign
terraform init -upgrade,Benign
cat /var/log/syslog | grep 'systemd' | tail -n 34,Benign
"Get-EventLog -LogName System | Select-Object Name, Id",Benign
powershell -ExecutionPolicy AllSigned -File C:\Scripts\maintenance_16.ps1,Benign
git commit -m 'Fixed weight loading issue in engine.py - issue #7367',Benign
cat /var/log/syslog | grep 'systemd' | tail -n 98,Benign
Get-Process | Where-Object {$_.Status -eq 'Running'},Benign
cat /var/log/syslog | grep 'systemd' | tail -n 55,Benign
terraform plan -out=tfplan,Benign
"grep -r ""ERROR"" /var/log/ > /dev/null 2>&1 # task_276",Benign
tar -czf /tmp/backup.tar.gz /var/log > /dev/null 2>&1 # task_367,Benign
git commit -m 'Fixed weight loading issue in engine.py - issue #6326',Benign
kubectl get configmaps -n production --watch,Benign
powershell -ExecutionPolicy AllSigned -File C:\Scripts\maintenance_52.ps1,Benign
cat /var/log/syslog | grep 'systemd' | tail -n 68,Benign
systemctl status nginx > /dev/null 2>&1 # task_404,Benign
powershell -ep Restricted -File C:\Scripts\maintenance_86.ps1,Benign
cat /var/log/syslog | grep 'systemd' | tail -n 79,Benign
git commit -m 'Fixed weight loading issue in engine.py - issue #9960',Benign
kubectl get deployments -n monitoring --watch,Benign
terraform init -upgrade,Benign
git commit -m 'Fixed weight loading issue in engine.py - issue #7833',Benign
"grep -r ""ERROR"" /var/log/ > /dev/null 2>&1 # task_152",Benign
terraform apply -auto-approve,Benign
git commit -m 'Fixed weight loading issue in engine.py - issue #1946',Benign
"grep -r ""ERROR"" /var/log/ > /dev/null 2>&1 # task_915",Benign
powershell -ep Restricted -File C:\Scripts\maintenance_74.ps1,Benign
terraform init -upgrade,Benign
kubectl get deployments -n staging -o wide,Benign
terraform init -upgrade,Benign
cat /var/log/syslog | grep 'systemd' | tail -n 70,Benign
git commit -m 'Fixed weight loading issue in engine.py - issue #2054',Benign
Get-ADUser | % { $_.Name },Benign
cat /var/log/syslog | grep 'systemd' | tail -n 43,Benign
kubectl get services -n monitoring --watch,Benign
git commit -m 'Fixed weight loading issue in engine.py - issue #8785',Benign
kubectl get deployments -n kube-system --watch,Benign
kubectl get pods -n dev --watch,Benign
terraform init -upgrade,Benign
kubectl get nodes -n staging -o wide,Benign
tar -czf /tmp/backup.tar.gz /var/log > /dev/null 2>&1 # task_280,Benign
kubectl get pods -n dev -o wide,Benign
git commit -m 'Fixed weight loading issue in engine.py - issue #3933',Benign
powershell -ExecutionPolicy Restricted -File C:\Scripts\maintenance_100.ps1,Benign
Get-ADUser | Where-Object {$_.Status -eq 'Running'},Benign
"grep -r ""ERROR"" /var/log/ > /dev/null 2>&1 # task_477",Benign
Get-Service | Sort-Object -Descending,Benign
tar -czf /tmp/backup.tar.gz /var/log > /dev/null 2>&1 # task_826,Benign
Get-ADUser | % { $_.Name },Benign
terraform init -upgrade,Benign
"Get-Service | Select-Object Name, Id",Benign
kubectl get nodes -n monitoring -o wide,Benign
Get-Service | Sort-Object -Descending,Benign
git commit -m 'Fixed weight loading issue in engine.py - issue #9521',Benign
git commit -m 'Fixed weight loading issue in engine.py - issue #4391',Benign
kubectl get deployments -n production --watch,Benign
Get-EventLog -LogName System | % { $_.Name },Benign
kubectl get services -n production -o wide,Benign
kubectl get deployments -n monitoring --watch,Benign
terraform apply -auto-approve,Benign
kubectl get deployments -n staging --watch,Benign
Get-Process | Sort-Object -Descending,Benign
Get-Content | Sort-Object -Descending,Benign
cat /var/log/syslog | grep 'systemd' | tail -n 64,Benign
kubectl get nodes -n dev --watch,Benign
"grep -r ""ERROR"" /var/log/ > /dev/null 2>&1 # task_907",Benign
kubectl get services -n kube-system --watch,Benign
kubectl get nodes -n production --watch,Benign
kubectl get services -n monitoring --watch,Benign
systemctl status nginx > /dev/null 2>&1 # task_330,Benign
Get-Service | Where-Object {$_.Status -eq 'Running'},Benign
"Get-Process | Select-Object Name, Id",Benign
cat /var/log/syslog | grep 'systemd' | tail -n 65,Benign
terraform apply -auto-approve,Benign
git commit -m 'Fixed weight loading issue in engine.py - issue #9324',Benign
Get-Process | % { $_.Name },Benign
powershell -ep Restricted -File C:\Scripts\maintenance_36.ps1,Benign
powershell -ExecutionPolicy AllSigned -File C:\Scripts\maintenance_35.ps1,Benign
"grep -r ""ERROR"" /var/log/ > /dev/null 2>&1 # task_127",Benign
terraform init -upgrade,Benign
cat /var/log/syslog | grep 'systemd' | tail -n 99,Benign
powershell -ExecutionPolicy Restricted -File C:\Scripts\maintenance_29.ps1,Benign
powershell -ep Restricted -File C:\Scripts\maintenance_59.ps1,Benign
kubectl get services -n staging --watch,Benign
powershell -ExecutionPolicy AllSigned -File C:\Scripts\maintenance_50.ps1,Benign
powershell -ExecutionPolicy AllSigned -File C:\Scripts\maintenance_98.ps1,Benign
kubectl get configmaps -n staging --watch,Benign
systemctl status nginx > /dev/null 2>&1 # task_468,Benign
"grep -r ""ERROR"" /var/log/ > /dev/null 2>&1 # task_139",Benign
terraform plan -out=tfplan,Benign
git commit -m 'Fixed weight loading issue in engine.py - issue #1260',Benign
terraform destroy -auto-approve,Benign
kubectl get nodes -n dev --watch,Benign
systemctl status nginx > /dev/null 2>&1 # task_136,Benign
cat /var/log/syslog | grep 'systemd' | tail -n 27,Benign
terraform plan -out=tfplan,Benign
Get-Content | Where-Object {$_.Status -eq 'Running'},Benign
cat /var/log/syslog | grep 'systemd' | tail -n 60,Benign
powershell -ep Restricted -File C:\Scripts\maintenance_31.ps1,Benign
kubectl get services -n monitoring -o wide,Benign
terraform init -upgrade,Benign
Get-Content | Where-Object {$_.Status -eq 'Running'},Benign
cat /var/log/syslog | grep 'systemd' | tail -n 23,Benign
powershell -ExecutionPolicy Restricted -File C:\Scripts\maintenance_37.ps1,Benign
"Get-Content | Select-Object Name, Id",Benign
terraform destroy -auto-approve,Benign
tar -czf /tmp/backup.tar.gz /var/log > /dev/null 2>&1 # task_518,Benign
git commit -m 'Fixed weight loading issue in engine.py - issue #7251',Benign
cat /var/log/syslog | grep 'systemd' | tail -n 24,Benign
cat /var/log/syslog | grep 'systemd' | tail -n 40,Benign
terraform plan -out=tfplan,Benign
terraform destroy -auto-approve,Benign
kubectl get deployments -n kube-system --watch,Benign
powershell -ExecutionPolicy Restricted -File C:\Scripts\maintenance_15.ps1,Benign
git commit -m 'Fixed weight loading issue in engine.py - issue #2610',Benign
git commit -m 'Fixed weight loading issue in engine.py - issue #9809',Benign
kubectl get nodes -n monitoring --watch,Benign
Get-Content | Where-Object {$_.Status -eq 'Running'},Benign
powershell -ep Restricted -File C:\Scripts\maintenance_32.ps1,Benign
git commit -m 'Fixed weight loading issue in engine.py - issue #2880',Benign
terraform init -upgrade,Benign
Get-Content | Where-Object {$_.Status -eq 'Running'},Benign
terraform plan -out=tfplan,Benign
terraform destroy -auto-approve,Benign
Get-Process | % { $_.Name },Benign
systemctl status nginx > /dev/null 2>&1 # task_632,Benign
git commit -m 'Fixed weight loading issue in engine.py - issue #7241',Benign
kubectl get configmaps -n production -o wide,Benign
kubectl get deployments -n staging -o wide,Benign
cat /var/log/syslog | grep 'systemd' | tail -n 14,Benign
systemctl status nginx > /dev/null 2>&1 # task_251,Benign
git commit -m 'Fixed weight loading issue in engine.py - issue #4703',Benign
cat /var/log/syslog | grep 'systemd' | tail -n 51,Benign
kubectl get nodes -n production --watch,Benign
git commit -m 'Fixed weight loading issue in engine.py - issue #6192',Benign
git commit -m 'Fixed weight loading issue in engine.py - issue #3518',Benign
kubectl get pods -n staging -o wide,Benign
tar -czf /tmp/backup.tar.gz /var/log > /dev/null 2>&1 # task_547,Benign
cat /var/log/syslog | grep 'systemd' | tail -n 35,Benign
Get-EventLog -LogName System | Where-Object {$_.Status -eq 'Running'},Benign
kubectl get nodes -n staging -o wide,Benign
kubectl get configmaps -n monitoring -o wide,Benign
git commit -m 'Fixed weight loading issue in engine.py - issue #6301',Benign
Get-ADUser | % { $_.Name },Benign
Get-Process | % { $_.Name },Benign
systemctl status nginx > /dev/null 2>&1 # task_780,Benign
Get-Content | Sort-Object -Descending,Benign
cat /var/log/syslog | grep 'systemd' | tail -n 63,Benign
systemctl status nginx > /dev/null 2>&1 # task_434,Benign
kubectl get nodes -n production -o wide,Benign
git commit -m 'Fixed weight loading issue in engine.py - issue #7497',Benign
git commit -m 'Fixed weight loading issue in engine.py - issue #5795',Benign
git commit -m 'Fixed weight loading issue in engine.py - issue #7470',Benign
kubectl get nodes -n staging -o wide,Benign
Get-EventLog -LogName System | Sort-Object -Descending,Benign
Get-EventLog -LogName System | % { $_.Name },Benign
cat /var/log/syslog | grep 'systemd' | tail -n 41,Benign
Get-Process | % { $_.Name },Benign
Get-Content | Sort-Object -Descending,Benign
Get-ADUser | Sort-Object -Descending,Benign
cat /var/log/syslog | grep 'systemd' | tail -n 49,Benign
terraform destroy -auto-approve,Benign
powershell -ExecutionPolicy Restricted -File C:\Scripts\maintenance_16.ps1,Benign
kubectl get configmaps -n staging --watch,Benign
kubectl get services -n kube-system --watch,Benign
kubectl get pods -n kube-system -o wide,Benign
powershell -ExecutionPolicy AllSigned -File C:\Scripts\maintenance_53.ps1,Benign
kubectl get services -n dev --watch,Benign
Get-Process | Where-Object {$_.Status -eq 'Running'},Benign
Get-Service | Where-Object {$_.Status -eq 'Running'},Benign
Get-Content | Where-Object {$_.Status -eq 'Running'},Benign
kubectl get configmaps -n kube-system -o wide,Benign
terraform plan -out=tfplan,Benign
kubectl get nodes -n production --watch,Benign
git commit -m 'Fixed weight loading issue in engine.py - issue #3642',Benign
terraform apply -auto-approve,Benign
kubectl get services -n monitoring -o wide,Benign
git commit -m 'Fixed weight loading issue in engine.py - issue #1685',Benign
systemctl status nginx > /dev/null 2>&1 # task_103,Benign
git commit -m 'Fixed weight loading issue in engine.py - issue #9810',Benign
git commit -m 'Fixed weight loading issue in engine.py - issue #3021',Benign
git commit -m 'Fixed weight loading issue in engine.py - issue #9117',Benign
kubectl get deployments -n kube-system --watch,Benign
Get-Content | % { $_.Name },Benign
Get-Process | Sort-Object -Descending,Benign
terraform apply -auto-approve,Benign
git commit -m 'Fixed weight loading issue in engine.py - issue #7099',Benign
systemctl status nginx > /dev/null 2>&1 # task_910,Benign
git commit -m 'Fixed weight loading issue in engine.py - issue #9914',Benign
Get-Content | Sort-Object -Descending,Benign
tar -czf /tmp/backup.tar.gz /var/log > /dev/null 2>&1 # task_138,Benign
systemctl status nginx > /dev/null 2>&1 # task_232,Benign
powershell -ep Restricted -File C:\Scripts\maintenance_3.ps1,Benign
terraform apply -auto-approve,Benign
git commit -m 'Fixed weight loading issue in engine.py - issue #4091',Benign
powershell -ExecutionPolicy AllSigned -File C:\Scripts\maintenance_24.ps1,Benign
powershell -ExecutionPolicy Restricted -File C:\Scripts\maintenance_60.ps1,Benign
Get-Process | Where-Object {$_.Status -eq 'Running'},Benign
powershell -ExecutionPolicy AllSigned -File C:\Scripts\maintenance_34.ps1,Benign
terraform init -upgrade,Benign
systemctl status nginx > /dev/null 2>&1 # task_722,Benign
systemctl status nginx > /dev/null 2>&1 # task_477,Benign
powershell -ExecutionPolicy Restricted -File C:\Scripts\maintenance_17.ps1,Benign
git commit -m 'Fixed weight loading issue in engine.py - issue #9406',Benign
kubectl get nodes -n staging --watch,Benign
git commit -m 'Fixed weight loading issue in engine.py - issue #7841',Benign
git commit -m 'Fixed weight loading issue in engine.py - issue #3102',Benign
kubectl get services -n monitoring --watch,Benign
kubectl get services -n dev -o wide,Benign
kubectl get services -n staging --watch,Benign
git commit -m 'Fixed weight loading issue in engine.py - issue #5597',Benign
"Get-ADUser | Select-Object Name, Id",Benign
cat /var/log/syslog | grep 'systemd' | tail -n 21,Benign
systemctl status nginx > /dev/null 2>&1 # task_232,Benign
cat /var/log/syslog | grep 'systemd' | tail -n 53,Benign
systemctl status nginx > /dev/null 2>&1 # task_455,Benign
terraform plan -out=tfplan,Benign
tar -czf /tmp/backup.tar.gz /var/log > /dev/null 2>&1 # task_711,Benign
kubectl get deployments -n kube-system --watch,Benign
cat /var/log/syslog | grep 'systemd' | tail -n 23,Benign
Get-EventLog -LogName System | Sort-Object -Descending,Benign
kubectl get deployments -n production -o wide,Benign
Get-EventLog -LogName System | Sort-Object -Descending,Benign
powershell -ep Restricted -File C:\Scripts\maintenance_36.ps1,Benign
"grep -r ""ERROR"" /var/log/ > /dev/null 2>&1 # task_531",Benign
systemctl status nginx > /dev/null 2>&1 # task_325,Benign
tar -czf /tmp/backup.tar.gz /var/log > /dev/null 2>&1 # task_321,Benign
kubectl get services -n kube-system -o wide,Benign
powershell -ep Restricted -File C:\Scripts\maintenance_71.ps1,Benign
kubectl get deployments -n staging --watch,Benign
cat /var/log/syslog | grep 'systemd' | tail -n 75,Benign
kubectl get nodes -n staging --watch,Benign
kubectl get pods -n dev -o wide,Benign
terraform apply -auto-approve,Benign
powershell -ep Restricted -File C:\Scripts\maintenance_54.ps1,Benign
terraform apply -auto-approve,Benign
cat /var/log/syslog | grep 'systemd' | tail -n 63,Benign
terraform destroy -auto-approve,Benign
systemctl status nginx > /dev/null 2>&1 # task_252,Benign
cat /var/log/syslog | grep 'systemd' | tail -n 48,Benign
systemctl status nginx > /dev/null 2>&1 # task_390,Benign
systemctl status nginx > /dev/null 2>&1 # task_548,Benign
Get-ADUser | % { $_.Name },Benign
kubectl get nodes -n kube-system --watch,Benign
tar -czf /tmp/backup.tar.gz /var/log > /dev/null 2>&1 # task_520,Benign
kubectl get services -n staging -o wide,Benign
kubectl get configmaps -n dev --watch,Benign
powershell -ExecutionPolicy Restricted -File C:\Scripts\maintenance_2.ps1,Benign
git commit -m 'Fixed weight loading issue in engine.py - issue #4002',Benign
Get-Process | Sort-Object -Descending,Benign
kubectl get pods -n kube-system -o wide,Benign
"Get-Content | Select-Object Name, Id",Benign
kubectl get deployments -n kube-system --watch,Benign
Get-Service | % { $_.Name },Benign
"Get-ADUser | Select-Object Name, Id",Benign
kubectl get configmaps -n dev --watch,Benign
systemctl status nginx > /dev/null 2>&1 # task_425,Benign
powershell -ep Restricted -File C:\Scripts\maintenance_53.ps1,Benign
Get-ADUser | Sort-Object -Descending,Benign
cat /var/log/syslog | grep 'systemd' | tail -n 88,Benign
tar -czf /tmp/backup.tar.gz /var/log > /dev/null 2>&1 # task_179,Benign
kubectl get services -n monitoring --watch,Benign
kubectl get configmaps -n production --watch,Benign
tar -czf /tmp/backup.tar.gz /var/log > /dev/null 2>&1 # task_566,Benign
terraform plan -out=tfplan,Benign
Get-Service | % { $_.Name },Benign
powershell -ep Restricted -File C:\Scripts\maintenance_31.ps1,Benign
Get-EventLog -LogName System | % { $_.Name },Benign
tar -czf /tmp/backup.tar.gz /var/log > /dev/null 2>&1 # task_144,Benign
powershell -ExecutionPolicy AllSigned -File C:\Scripts\maintenance_29.ps1,Benign
terraform init -upgrade,Benign
git commit -m 'Fixed weight loading issue in engine.py - issue #3847',Benign
kubectl get configmaps -n monitoring -o wide,Benign
git commit -m 'Fixed weight loading issue in engine.py - issue #6797',Benign
systemctl status nginx > /dev/null 2>&1 # task_517,Benign
kubectl get services -n monitoring --watch,Benign
git commit -m 'Fixed weight loading issue in engine.py - issue #4899',Benign
git commit -m 'Fixed weight loading issue in engine.py - issue #2394',Benign
kubectl get services -n dev -o wide,Benign
tar -czf /tmp/backup.tar.gz /var/log > /dev/null 2>&1 # task_755,Benign
systemctl status nginx > /dev/null 2>&1 # task_328,Benign
cat /var/log/syslog | grep 'systemd' | tail -n 76,Benign
cat /var/log/syslog | grep 'systemd' | tail -n 49,Benign
git commit -m 'Fixed weight loading issue in engine.py - issue #2827',Benign
git commit -m 'Fixed weight loading issue in engine.py - issue #1858',Benign
powershell -ep Restricted -File C:\Scripts\maintenance_69.ps1,Benign
git commit -m 'Fixed weight loading issue in engine.py - issue #8617',Benign
git commit -m 'Fixed weight loading issue in engine.py - issue #5805',Benign
git commit -m 'Fixed weight loading issue in engine.py - issue #9572',Benign
terraform plan -out=tfplan,Benign
git commit -m 'Fixed weight loading issue in engine.py - issue #2678',Benign
powershell -ep Restricted -File C:\Scripts\maintenance_1.ps1,Benign
terraform destroy -auto-approve,Benign
powershell -ExecutionPolicy AllSigned -File C:\Scripts\maintenance_98.ps1,Benign
Get-Service | Where-Object {$_.Status -eq 'Running'},Benign
Get-ADUser | Where-Object {$_.Status -eq 'Running'},Benign
"grep -r ""ERROR"" /var/log/ > /dev/null 2>&1 # task_846",Benign
git commit -m 'Fixed weight loading issue in engine.py - issue #9944',Benign
cat /var/log/syslog | grep 'systemd' | tail -n 25,Benign
powershell -ExecutionPolicy Restricted -File C:\Scripts\maintenance_92.ps1,Benign
git commit -m 'Fixed weight loading issue in engine.py - issue #6602',Benign
systemctl status nginx > /dev/null 2>&1 # task_693,Benign
cat /var/log/syslog | grep 'systemd' | tail -n 49,Benign
kubectl get nodes -n staging -o wide,Benign
terraform plan -out=tfplan,Benign
"grep -r ""ERROR"" /var/log/ > /dev/null 2>&1 # task_404",Benign
git commit -m 'Fixed weight loading issue in engine.py - issue #6514',Benign
kubectl get configmaps -n dev -o wide,Benign
powershell -ExecutionPolicy Restricted -File C:\Scripts\maintenance_25.ps1,Benign
"grep -r ""ERROR"" /var/log/ > /dev/null 2>&1 # task_365",Benign
tar -czf /tmp/backup.tar.gz /var/log > /dev/null 2>&1 # task_753,Benign
powershell -ep Restricted -File C:\Scripts\maintenance_47.ps1,Benign
"Get-Process | Select-Object Name, Id",Benign
"Get-ADUser | Select-Object Name, Id",Benign
git commit -m 'Fixed weight loading issue in engine.py - issue #9489',Benign
powershell -ExecutionPolicy Restricted -File C:\Scripts\maintenance_10.ps1,Benign
cat /var/log/syslog | grep 'systemd' | tail -n 20,Benign
powershell -ep Restricted -File C:\Scripts\maintenance_43.ps1,Benign
powershell -ExecutionPolicy Restricted -File C:\Scripts\maintenance_23.ps1,Benign
terraform apply -auto-approve,Benign
cat /var/log/syslog | grep 'systemd' | tail -n 84,Benign
powershell -ExecutionPolicy Restricted -File C:\Scripts\maintenance_50.ps1,Benign
git commit -m 'Fixed weight loading issue in engine.py - issue #7839',Benign
kubectl get nodes -n monitoring --watch,Benign
powershell -ExecutionPolicy AllSigned -File C:\Scripts\maintenance_65.ps1,Benign
cat /var/log/syslog | grep 'systemd' | tail -n 31,Benign
systemctl status nginx > /dev/null 2>&1 # task_934,Benign
git commit -m 'Fixed weight loading issue in engine.py - issue #5566',Benign
powershell -ExecutionPolicy AllSigned -File C:\Scripts\maintenance_1.ps1,Benign
git commit -m 'Fixed weight loading issue in engine.py - issue #5705',Benign
"grep -r ""ERROR"" /var/log/ > /dev/null 2>&1 # task_456",Benign
terraform apply -auto-approve,Benign
git commit -m 'Fixed weight loading issue in engine.py - issue #7370',Benign
powershell -ExecutionPolicy AllSigned -File C:\Scripts\maintenance_42.ps1,Benign
systemctl status nginx > /dev/null 2>&1 # task_802,Benign
kubectl get pods -n monitoring -o wide,Benign
Get-ADUser | % { $_.Name },Benign
"grep -r ""ERROR"" /var/log/ > /dev/null 2>&1 # task_361",Benign
git commit -m 'Fixed weight loading issue in engine.py - issue #2384',Benign
git commit -m 'Fixed weight loading issue in engine.py - issue #3992',Benign
terraform plan -out=tfplan,Benign
cat /var/log/syslog | grep 'systemd' | tail -n 50,Benign
Get-Service | % { $_.Name },Benign
git commit -m 'Fixed weight loading issue in engine.py - issue #3862',Benign
systemctl status nginx > /dev/null 2>&1 # task_380,Benign
powershell -ExecutionPolicy Restricted -File C:\Scripts\maintenance_83.ps1,Benign
kubectl get services -n staging -o wide,Benign
systemctl status nginx > /dev/null 2>&1 # task_326,Benign
cat /var/log/syslog | grep 'systemd' | tail -n 42,Benign
terraform apply -auto-approve,Benign
powershell -ExecutionPolicy Restricted -File C:\Scripts\maintenance_77.ps1,Benign
kubectl get services -n monitoring -o wide,Benign
tar -czf /tmp/backup.tar.gz /var/log > /dev/null 2>&1 # task_457,Benign
git commit -m 'Fixed weight loading issue in engine.py - issue #7778',Benign
tar -czf /tmp/backup.tar.gz /var/log > /dev/null 2>&1 # task_143,Benign
cat /var/log/syslog | grep 'systemd' | tail -n 59,Benign
tar -czf /tmp/backup.tar.gz /var/log > /dev/null 2>&1 # task_510,Benign
kubectl get nodes -n monitoring --watch,Benign
kubectl get configmaps -n production -o wide,Benign
git commit -m 'Fixed weight loading issue in engine.py - issue #5838',Benign
kubectl get services -n monitoring --watch,Benign
terraform apply -auto-approve,Benign
terraform apply -auto-approve,Benign
git commit -m 'Fixed weight loading issue in engine.py - issue #3319',Benign
terraform destroy -auto-approve,Benign
terraform apply -auto-approve,Benign
Get-EventLog -LogName System | Where-Object {$_.Status -eq 'Running'},Benign
terraform plan -out=tfplan,Benign
cat /var/log/syslog | grep 'systemd' | tail -n 22,Benign
terraform destroy -auto-approve,Benign
git commit -m 'Fixed weight loading issue in engine.py - issue #2822',Benign
Get-EventLog -LogName System | % { $_.Name },Benign
tar -czf /tmp/backup.tar.gz /var/log > /dev/null 2>&1 # task_969,Benign
Get-EventLog -LogName System | Where-Object {$_.Status -eq 'Running'},Benign
git commit -m 'Fixed weight loading issue in engine.py - issue #6357',Benign
systemctl status nginx > /dev/null 2>&1 # task_760,Benign
powershell -ep Restricted -File C:\Scripts\maintenance_29.ps1,Benign
cat /var/log/syslog | grep 'systemd' | tail -n 62,Benign
powershell -ep Restricted -File C:\Scripts\maintenance_67.ps1,Benign
terraform destroy -auto-approve,Benign
"Get-Service | Select-Object Name, Id",Benign
powershell -ep Restricted -File C:\Scripts\maintenance_53.ps1,Benign
kubectl get pods -n kube-system --watch,Benign
powershell -ExecutionPolicy Restricted -File C:\Scripts\maintenance_68.ps1,Benign
Get-Content | Sort-Object -Descending,Benign
powershell -ep Restricted -File C:\Scripts\maintenance_15.ps1,Benign
git commit -m 'Fixed weight loading issue in engine.py - issue #1977',Benign
Get-ADUser | Where-Object {$_.Status -eq 'Running'},Benign
kubectl get nodes -n production --watch,Benign
Get-Process | % { $_.Name },Benign
"Get-EventLog -LogName System | Select-Object Name, Id",Benign
Get-EventLog -LogName System | % { $_.Name },Benign
kubectl get configmaps -n kube-system -o wide,Benign
git commit -m 'Fixed weight loading issue in engine.py - issue #7563',Benign
kubectl get services -n staging -o wide,Benign
Get-Service | % { $_.Name },Benign
Get-EventLog -LogName System | % { $_.Name },Benign
"grep -r ""ERROR"" /var/log/ > /dev/null 2>&1 # task_708",Benign
cat /var/log/syslog | grep 'systemd' | tail -n 72,Benign
cat /var/log/syslog | grep 'systemd' | tail -n 66,Benign
Get-Service | Where-Object {$_.Status -eq 'Running'},Benign
"grep -r ""ERROR"" /var/log/ > /dev/null 2>&1 # task_836",Benign
terraform apply -auto-approve,Benign
git commit -m 'Fixed weight loading issue in engine.py - issue #7652',Benign
terraform plan -out=tfplan,Benign
terraform plan -out=tfplan,Benign
kubectl get configmaps -n kube-system --watch,Benign
systemctl status nginx > /dev/null 2>&1 # task_388,Benign
git commit -m 'Fixed weight loading issue in engine.py - issue #7317',Benign
kubectl get services -n staging --watch,Benign
kubectl get configmaps -n monitoring -o wide,Benign
git commit -m 'Fixed weight loading issue in engine.py - issue #5518',Benign
kubectl get configmaps -n production -o wide,Benign
cat /var/log/syslog | grep 'systemd' | tail -n 87,Benign
systemctl status nginx > /dev/null 2>&1 # task_479,Benign
systemctl status nginx > /dev/null 2>&1 # task_573,Benign
terraform destroy -auto-approve,Benign
powershell -ExecutionPolicy Restricted -File C:\Scripts\maintenance_65.ps1,Benign
"grep -r ""ERROR"" /var/log/ > /dev/null 2>&1 # task_203",Benign
tar -czf /tmp/backup.tar.gz /var/log > /dev/null 2>&1 # task_579,Benign
tar -czf /tmp/backup.tar.gz /var/log > /dev/null 2>&1 # task_995,Benign
git commit -m 'Fixed weight loading issue in engine.py - issue #4377',Benign
powershell -ExecutionPolicy Restricted -File C:\Scripts\maintenance_1.ps1,Benign
kubectl get configmaps -n kube-system --watch,Benign
terraform destroy -auto-approve,Benign
cat /var/log/syslog | grep 'systemd' | tail -n 41,Benign
Get-Service | Sort-Object -Descending,Benign
"Get-Process | Select-Object Name, Id",Benign
terraform destroy -auto-approve,Benign
terraform destroy -auto-approve,Benign
kubectl get deployments -n staging -o wide,Benign
powershell -ExecutionPolicy AllSigned -File C:\Scripts\maintenance_59.ps1,Benign
powershell -ExecutionPolicy AllSigned -File C:\Scripts\maintenance_81.ps1,Benign
git commit -m 'Fixed weight loading issue in engine.py - issue #8841',Benign
git commit -m 'Fixed weight loading issue in engine.py - issue #5232',Benign
tar -czf /tmp/backup.tar.gz /var/log > /dev/null 2>&1 # task_488,Benign
terraform plan -out=tfplan,Benign
tar -czf /tmp/backup.tar.gz /var/log > /dev/null 2>&1 # task_532,Benign
Get-ADUser | Where-Object {$_.Status -eq 'Running'},Benign
git commit -m 'Fixed weight loading issue in engine.py - issue #3010',Benign
git commit -m 'Fixed weight loading issue in engine.py - issue #2561',Benign
kubectl get deployments -n production -o wide,Benign
git commit -m 'Fixed weight loading issue in engine.py - issue #6975',Benign
cat /var/log/syslog | grep 'systemd' | tail -n 90,Benign
Get-Process | Where-Object {$_.Status -eq 'Running'},Benign
git commit -m 'Fixed weight loading issue in engine.py - issue #2155',Benign
Get-Service | Sort-Object -Descending,Benign
terraform apply -auto-approve,Benign
terraform init -upgrade,Benign
git commit -m 'Fixed weight loading issue in engine.py - issue #2346',Benign
git commit -m 'Fixed weight loading issue in engine.py - issue #6512',Benign
tar -czf /tmp/backup.tar.gz /var/log > /dev/null 2>&1 # task_573,Benign
git commit -m 'Fixed weight loading issue in engine.py - issue #1460',Benign
powershell -ExecutionPolicy Restricted -File C:\Scripts\maintenance_80.ps1,Benign
terraform destroy -auto-approve,Benign
git commit -m 'Fixed weight loading issue in engine.py - issue #1616',Benign
terraform destroy -auto-approve,Benign
terraform destroy -auto-approve,Benign
powershell -ExecutionPolicy AllSigned -File C:\Scripts\maintenance_13.ps1,Benign
kubectl get pods -n staging --watch,Benign
tar -czf /tmp/backup.tar.gz /var/log > /dev/null 2>&1 # task_374,Benign
terraform init -upgrade,Benign
terraform init -upgrade,Benign
powershell -ExecutionPolicy Restricted -File C:\Scripts\maintenance_90.ps1,Benign
git commit -m 'Fixed weight loading issue in engine.py - issue #1330',Benign
Get-ADUser | % { $_.Name },Benign
git commit -m 'Fixed weight loading issue in engine.py - issue #5996',Benign
git commit -m 'Fixed weight loading issue in engine.py - issue #4967',Benign
kubectl get nodes -n monitoring --watch,Benign
cat /var/log/syslog | grep 'systemd' | tail -n 61,Benign
git commit -m 'Fixed weight loading issue in engine.py - issue #7451',Benign
git commit -m 'Fixed weight loading issue in engine.py - issue #7094',Benign
kubectl get pods -n kube-system --watch,Benign
git commit -m 'Fixed weight loading issue in engine.py - issue #1863',Benign
terraform apply -auto-approve,Benign
powershell -ExecutionPolicy Restricted -File C:\Scripts\maintenance_66.ps1,Benign
systemctl status nginx > /dev/null 2>&1 # task_558,Benign
git commit -m 'Fixed weight loading issue in engine.py - issue #9568',Benign
kubectl get deployments -n dev --watch,Benign
powershell -ep Restricted -File C:\Scripts\maintenance_2.ps1,Benign
systemctl status nginx > /dev/null 2>&1 # task_877,Benign
systemctl status nginx > /dev/null 2>&1 # task_200,Benign
kubectl get configmaps -n staging --watch,Benign
cat /var/log/syslog | grep 'systemd' | tail -n 81,Benign
"grep -r ""ERROR"" /var/log/ > /dev/null 2>&1 # task_166",Benign
"Get-Service | Select-Object Name, Id",Benign
terraform init -upgrade,Benign
cat /var/log/syslog | grep 'systemd' | tail -n 80,Benign
git commit -m 'Fixed weight loading issue in engine.py - issue #8814',Benign
terraform apply -auto-approve,Benign
Get-ADUser | % { $_.Name },Benign
Get-Content | Sort-Object -Descending,Benign
cat /var/log/syslog | grep 'systemd' | tail -n 76,Benign
git commit -m 'Fixed weight loading issue in engine.py - issue #5314',Benign
terraform apply -auto-approve,Benign
terraform destroy -auto-approve,Benign
powershell -ep Restricted -File C:\Scripts\maintenance_10.ps1,Benign
kubectl get nodes -n kube-system -o wide,Benign
cat /var/log/syslog | grep 'systemd' | tail -n 60,Benign
terraform apply -auto-approve,Benign
cat /var/log/syslog | grep 'systemd' | tail -n 58,Benign
powershell -ExecutionPolicy Restricted -File C:\Scripts\maintenance_76.ps1,Benign
git commit -m 'Fixed weight loading issue in engine.py - issue #3147',Benign
Get-Content | Where-Object {$_.Status -eq 'Running'},Benign
powershell -ExecutionPolicy Restricted -File C:\Scripts\maintenance_89.ps1,Benign
Get-Service | Where-Object {$_.Status -eq 'Running'},Benign
kubectl get pods -n kube-system --watch,Benign
"grep -r ""ERROR"" /var/log/ > /dev/null 2>&1 # task_586",Benign
systemctl status nginx > /dev/null 2>&1 # task_804,Benign
powershell -ExecutionPolicy Restricted -File C:\Scripts\maintenance_33.ps1,Benign
terraform plan -out=tfplan,Benign
git commit -m 'Fixed weight loading issue in engine.py - issue #4947',Benign
powershell -ExecutionPolicy AllSigned -File C:\Scripts\maintenance_36.ps1,Benign
cat /var/log/syslog | grep 'systemd' | tail -n 47,Benign
tar -czf /tmp/backup.tar.gz /var/log > /dev/null 2>&1 # task_164,Benign
cat /var/log/syslog | grep 'systemd' | tail -n 57,Benign
systemctl status nginx > /dev/null 2>&1 # task_254,Benign
cat /var/log/syslog | grep 'systemd' | tail -n 77,Benign
terraform apply -auto-approve,Benign
powershell -ExecutionPolicy AllSigned -File C:\Scripts\maintenance_6.ps1,Benign
"Get-Content | Select-Object Name, Id",Benign
cat /var/log/syslog | grep 'systemd' | tail -n 74,Benign
cat /var/log/syslog | grep 'systemd' | tail -n 75,Benign
git commit -m 'Fixed weight loading issue in engine.py - issue #5757',Benign
"grep -r ""ERROR"" /var/log/ > /dev/null 2>&1 # task_839",Benign
Get-Content | Sort-Object -Descending,Benign
tar -czf /tmp/backup.tar.gz /var/log > /dev/null 2>&1 # task_854,Benign
powershell -ep Restricted -File C:\Scripts\maintenance_51.ps1,Benign
cat /var/log/syslog | grep 'systemd' | tail -n 25,Benign
cat /var/log/syslog | grep 'systemd' | tail -n 57,Benign
tar -czf /tmp/backup.tar.gz /var/log > /dev/null 2>&1 # task_120,Benign
terraform destroy -auto-approve,Benign
Get-Content | Sort-Object -Descending,Benign
git commit -m 'Fixed weight loading issue in engine.py - issue #5643',Benign
powershell -ep Restricted -File C:\Scripts\maintenance_10.ps1,Benign
terraform apply -auto-approve,Benign
git commit -m 'Fixed weight loading issue in engine.py - issue #6646',Benign
cat /var/log/syslog | grep 'systemd' | tail -n 19,Benign
tar -czf /tmp/backup.tar.gz /var/log > /dev/null 2>&1 # task_222,Benign
kubectl get deployments -n staging --watch,Benign
git commit -m 'Fixed weight loading issue in engine.py - issue #2724',Benign
terraform destroy -auto-approve,Benign
kubectl get deployments -n production --watch,Benign
cat /var/log/syslog | grep 'systemd' | tail -n 46,Benign
cat /var/log/syslog | grep 'systemd' | tail -n 24,Benign
systemctl status nginx > /dev/null 2>&1 # task_779,Benign
terraform destroy -auto-approve,Benign
"Get-Content | Select-Object Name, Id",Benign
git commit -m 'Fixed weight loading issue in engine.py - issue #2771',Benign
systemctl status nginx > /dev/null 2>&1 # task_561,Benign
Get-Content | Sort-Object -Descending,Benign
"grep -r ""ERROR"" /var/log/ > /dev/null 2>&1 # task_759",Benign
terraform plan -out=tfplan,Benign
kubectl get nodes -n production -o wide,Benign
kubectl get configmaps -n monitoring --watch,Benign
git commit -m 'Fixed weight loading issue in engine.py - issue #6209',Benign
tar -czf /tmp/backup.tar.gz /var/log > /dev/null 2>&1 # task_198,Benign
terraform destroy -auto-approve,Benign
systemctl status nginx > /dev/null 2>&1 # task_891,Benign
terraform init -upgrade,Benign
kubectl get configmaps -n staging --watch,Benign
cat /var/log/syslog | grep 'systemd' | tail -n 58,Benign
git commit -m 'Fixed weight loading issue in engine.py - issue #6053',Benign
"grep -r ""ERROR"" /var/log/ > /dev/null 2>&1 # task_940",Benign
cat /var/log/syslog | grep 'systemd' | tail -n 17,Benign
kubectl get deployments -n production --watch,Benign
"grep -r ""ERROR"" /var/log/ > /dev/null 2>&1 # task_554",Benign
powershell -ExecutionPolicy Restricted -File C:\Scripts\maintenance_27.ps1,Benign
terraform destroy -auto-approve,Benign
terraform plan -out=tfplan,Benign
terraform plan -out=tfplan,Benign
cat /var/log/syslog | grep 'systemd' | tail -n 30,Benign
powershell -ExecutionPolicy AllSigned -File C:\Scripts\maintenance_100.ps1,Benign
kubectl get configmaps -n monitoring -o wide,Benign
terraform plan -out=tfplan,Benign
terraform destroy -auto-approve,Benign
git commit -m 'Fixed weight loading issue in engine.py - issue #5950',Benign
terraform init -upgrade,Benign
kubectl get services -n staging --watch,Benign
"grep -r ""ERROR"" /var/log/ > /dev/null 2>&1 # task_821",Benign
"grep -r ""ERROR"" /var/log/ > /dev/null 2>&1 # task_471",Benign
Get-EventLog -LogName System | % { $_.Name },Benign
git commit -m 'Fixed weight loading issue in engine.py - issue #4683',Benign
Get-Process | % { $_.Name },Benign
powershell -ep Restricted -File C:\Scripts\maintenance_96.ps1,Benign
powershell -ep Restricted -File C:\Scripts\maintenance_24.ps1,Benign
kubectl get configmaps -n dev --watch,Benign
cat /var/log/syslog | grep 'systemd' | tail -n 95,Benign
cat /var/log/syslog | grep 'systemd' | tail -n 39,Benign
cat /var/log/syslog | grep 'systemd' | tail -n 36,Benign
powershell -ExecutionPolicy AllSigned -File C:\Scripts\maintenance_77.ps1,Benign
kubectl get pods -n dev -o wide,Benign
powershell -ep Restricted -File C:\Scripts\maintenance_42.ps1,Benign
terraform init -upgrade,Benign
git commit -m 'Fixed weight loading issue in engine.py - issue #8764',Benign
tar -czf /tmp/backup.tar.gz /var/log > /dev/null 2>&1 # task_246,Benign
Get-Process | % { $_.Name },Benign
terraform init -upgrade,Benign
Get-ADUser | Sort-Object -Descending,Benign
Get-EventLog -LogName System | % { $_.Name },Benign
kubectl get configmaps -n production -o wide,Benign
Get-ADUser | Where-Object {$_.Status -eq 'Running'},Benign
cat /var/log/syslog | grep 'systemd' | tail -n 51,Benign
git commit -m 'Fixed weight loading issue in engine.py - issue #8666',Benign
powershell -ExecutionPolicy Restricted -File C:\Scripts\maintenance_44.ps1,Benign
Get-Content | % { $_.Name },Benign
Get-EventLog -LogName System | Sort-Object -Descending,Benign
terraform apply -auto-approve,Benign
"grep -r ""ERROR"" /var/log/ > /dev/null 2>&1 # task_337",Benign
terraform plan -out=tfplan,Benign
git commit -m 'Fixed weight loading issue in engine.py - issue #5294',Benign
"grep -r ""ERROR"" /var/log/ > /dev/null 2>&1 # task_810",Benign
cat /var/log/syslog | grep 'systemd' | tail -n 79,Benign
cat /var/log/syslog | grep 'systemd' | tail -n 42,Benign
kubectl get configmaps -n dev --watch,Benign
cat /var/log/syslog | grep 'systemd' | tail -n 28,Benign
terraform init -upgrade,Benign
systemctl status nginx > /dev/null 2>&1 # task_981,Benign
systemctl status nginx > /dev/null 2>&1 # task_747,Benign
Get-Content | % { $_.Name },Benign
terraform destroy -auto-approve,Benign
kubectl get pods -n dev --watch,Benign
systemctl status nginx > /dev/null 2>&1 # task_101,Benign
systemctl status nginx > /dev/null 2>&1 # task_418,Benign
git commit -m 'Fixed weight loading issue in engine.py - issue #3289',Benign
Get-EventLog -LogName System | Sort-Object -Descending,Benign
systemctl status nginx > /dev/null 2>&1 # task_681,Benign
terraform plan -out=tfplan,Benign
kubectl get deployments -n monitoring --watch,Benign
"grep -r ""ERROR"" /var/log/ > /dev/null 2>&1 # task_672",Benign
terraform plan -out=tfplan,Benign
kubectl get nodes -n dev --watch,Benign
powershell -ExecutionPolicy AllSigned -File C:\Scripts\maintenance_50.ps1,Benign
powershell -ExecutionPolicy Restricted -File C:\Scripts\maintenance_90.ps1,Benign
Get-Process | Where-Object {$_.Status -eq 'Running'},Benign
cat /var/log/syslog | grep 'systemd' | tail -n 100,Benign
terraform plan -out=tfplan,Benign
terraform init -upgrade,Benign
git commit -m 'Fixed weight loading issue in engine.py - issue #7880',Benign
systemctl status nginx > /dev/null 2>&1 # task_910,Benign
git commit -m 'Fixed weight loading issue in engine.py - issue #4010',Benign
git commit -m 'Fixed weight loading issue in engine.py - issue #6172',Benign
kubectl get nodes -n production -o wide,Benign
powershell -ExecutionPolicy AllSigned -File C:\Scripts\maintenance_91.ps1,Benign
Get-Process | Sort-Object -Descending,Benign
terraform apply -auto-approve,Benign
cat /var/log/syslog | grep 'systemd' | tail -n 21,Benign
git commit -m 'Fixed weight loading issue in engine.py - issue #8948',Benign
Get-EventLog -LogName System | Sort-Object -Descending,Benign
powershell -ep Restricted -File C:\Scripts\maintenance_8.ps1,Benign
cat /var/log/syslog | grep 'systemd' | tail -n 33,Benign
kubectl get services -n kube-system --watch,Benign
cat /var/log/syslog | grep 'systemd' | tail -n 14,Benign
git commit -m 'Fixed weight loading issue in engine.py - issue #1372',Benign
"Get-ADUser | Select-Object Name, Id",Benign
powershell -ExecutionPolicy AllSigned -File C:\Scripts\maintenance_88.ps1,Benign
cat /var/log/syslog | grep 'systemd' | tail -n 20,Benign
git commit -m 'Fixed weight loading issue in engine.py - issue #2725',Benign
kubectl get pods -n production --watch,Benign
"Get-ADUser | Select-Object Name, Id",Benign
terraform init -upgrade,Benign
git commit -m 'Fixed weight loading issue in engine.py - issue #9354',Benign
cat /var/log/syslog | grep 'systemd' | tail -n 23,Benign
powershell -ep Restricted -File C:\Scripts\maintenance_59.ps1,Benign
Get-Service | % { $_.Name },Benign
git commit -m 'Fixed weight loading issue in engine.py - issue #3625',Benign
kubectl get nodes -n production --watch,Benign
terraform plan -out=tfplan,Benign
tar -czf /tmp/backup.tar.gz /var/log > /dev/null 2>&1 # task_321,Benign
terraform destroy -auto-approve,Benign
powershell -ExecutionPolicy Restricted -File C:\Scripts\maintenance_71.ps1,Benign
powershell -ep Restricted -File C:\Scripts\maintenance_34.ps1,Benign
kubectl get services -n kube-system --watch,Benign
kubectl get nodes -n kube-system --watch,Benign
kubectl get services -n monitoring --watch,Benign
git commit -m 'Fixed weight loading issue in engine.py - issue #7106',Benign
"grep -r ""ERROR"" /var/log/ > /dev/null 2>&1 # task_307",Benign
powershell -ep Restricted -File C:\Scripts\maintenance_3.ps1,Benign
"Get-Process | Select-Object Name, Id",Benign
powershell -ExecutionPolicy Restricted -File C:\Scripts\maintenance_49.ps1,Benign
kubectl get deployments -n staging --watch,Benign
terraform init -upgrade,Benign
git commit -m 'Fixed weight loading issue in engine.py - issue #9303',Benign
cat /var/log/syslog | grep 'systemd' | tail -n 62,Benign
powershell -ep Restricted -File C:\Scripts\maintenance_65.ps1,Benign
terraform destroy -auto-approve,Benign
kubectl get configmaps -n dev -o wide,Benign
cat /var/log/syslog | grep 'systemd' | tail -n 59,Benign
tar -czf /tmp/backup.tar.gz /var/log > /dev/null 2>&1 # task_675,Benign
tar -czf /tmp/backup.tar.gz /var/log > /dev/null 2>&1 # task_245,Benign
terraform plan -out=tfplan,Benign
powershell -ep Restricted -File C:\Scripts\maintenance_79.ps1,Benign
kubectl get nodes -n monitoring -o wide,Benign
terraform destroy -auto-approve,Benign
git commit -m 'Fixed weight loading issue in engine.py - issue #6216',Benign
terraform destroy -auto-approve,Benign
git commit -m 'Fixed weight loading issue in engine.py - issue #7004',Benign
git commit -m 'Fixed weight loading issue in engine.py - issue #3749',Benign
kubectl get deployments -n kube-system --watch,Benign
terraform plan -out=tfplan,Benign
systemctl status nginx > /dev/null 2>&1 # task_107,Benign
Get-Process | Sort-Object -Descending,Benign
systemctl status nginx > /dev/null 2>&1 # task_863,Benign
"grep -r ""ERROR"" /var/log/ > /dev/null 2>&1 # task_240",Benign
git commit -m 'Fixed weight loading issue in engine.py - issue #6891',Benign
powershell -ep Restricted -File C:\Scripts\maintenance_19.ps1,Benign
git commit -m 'Fixed weight loading issue in engine.py - issue #1233',Benign
terraform apply -auto-approve,Benign
Get-Content | Where-Object {$_.Status -eq 'Running'},Benign
"grep -r ""ERROR"" /var/log/ > /dev/null 2>&1 # task_480",Benign
Get-EventLog -LogName System | Sort-Object -Descending,Benign
"grep -r ""ERROR"" /var/log/ > /dev/null 2>&1 # task_378",Benign
git commit -m 'Fixed weight loading issue in engine.py - issue #6178',Benign
kubectl get pods -n dev -o wide,Benign
kubectl get configmaps -n kube-system --watch,Benign
kubectl get nodes -n staging --watch,Benign
Get-EventLog -LogName System | % { $_.Name },Benign
powershell -ep Restricted -File C:\Scripts\maintenance_27.ps1,Benign
cat /var/log/syslog | grep 'systemd' | tail -n 30,Benign
Get-Process | Sort-Object -Descending,Benign
kubectl get pods -n production --watch,Benign
cat /var/log/syslog | grep 'systemd' | tail -n 90,Benign
powershell -ep Restricted -File C:\Scripts\maintenance_30.ps1,Benign
Get-EventLog -LogName System | % { $_.Name },Benign
kubectl get configmaps -n kube-system -o wide,Benign
kubectl get pods -n dev --watch,Benign
git commit -m 'Fixed weight loading issue in engine.py - issue #8853',Benign
terraform init -upgrade,Benign
Get-Content | Sort-Object -Descending,Benign
powershell -ExecutionPolicy Restricted -File C:\Scripts\maintenance_59.ps1,Benign
git commit -m 'Fixed weight loading issue in engine.py - issue #6894',Benign
kubectl get configmaps -n production --watch,Benign
powershell -ep Restricted -File C:\Scripts\maintenance_76.ps1,Benign
terraform destroy -auto-approve,Benign
terraform destroy -auto-approve,Benign
cat /var/log/syslog | grep 'systemd' | tail -n 88,Benign
cat /var/log/syslog | grep 'systemd' | tail -n 35,Benign
"grep -r ""ERROR"" /var/log/ > /dev/null 2>&1 # task_807",Benign
powershell -ep Restricted -File C:\Scripts\maintenance_90.ps1,Benign
powershell -ep Restricted -File C:\Scripts\maintenance_59.ps1,Benign
kubectl get nodes -n staging -o wide,Benign
kubectl get pods -n production --watch,Benign
terraform plan -out=tfplan,Benign
"grep -r ""ERROR"" /var/log/ > /dev/null 2>&1 # task_652",Benign
kubectl get nodes -n dev --watch,Benign
terraform plan -out=tfplan,Benign
Get-ADUser | % { $_.Name },Benign
"grep -r ""ERROR"" /var/log/ > /dev/null 2>&1 # task_683",Benign
terraform init -upgrade,Benign
kubectl get services -n staging -o wide,Benign
cat /var/log/syslog | grep 'systemd' | tail -n 99,Benign
git commit -m 'Fixed weight loading issue in engine.py - issue #4724',Benign
"Get-Service | Select-Object Name, Id",Benign
cat /var/log/syslog | grep 'systemd' | tail -n 39,Benign
Get-EventLog -LogName System | Sort-Object -Descending,Benign
Get-Service | Where-Object {$_.Status -eq 'Running'},Benign
git commit -m 'Fixed weight loading issue in engine.py - issue #2000',Benign
terraform plan -out=tfplan,Benign
git commit -m 'Fixed weight loading issue in engine.py - issue #4448',Benign
cat /var/log/syslog | grep 'systemd' | tail -n 60,Benign
systemctl status nginx > /dev/null 2>&1 # task_415,Benign
terraform init -upgrade,Benign
terraform init -upgrade,Benign
powershell -ExecutionPolicy Restricted -File C:\Scripts\maintenance_21.ps1,Benign
"Get-Service | Select-Object Name, Id",Benign
"Get-ADUser | Select-Object Name, Id",Benign
powershell -ep Restricted -File C:\Scripts\maintenance_33.ps1,Benign
systemctl status nginx > /dev/null 2>&1 # task_279,Benign
powershell -ExecutionPolicy AllSigned -File C:\Scripts\maintenance_72.ps1,Benign
git commit -m 'Fixed weight loading issue in engine.py - issue #8322',Benign
kubectl get deployments -n monitoring --watch,Benign
cat /var/log/syslog | grep 'systemd' | tail -n 97,Benign
tar -czf /tmp/backup.tar.gz /var/log > /dev/null 2>&1 # task_541,Benign
terraform destroy -auto-approve,Benign
cat /var/log/syslog | grep 'systemd' | tail -n 91,Benign
powershell -ep Restricted -File C:\Scripts\maintenance_3.ps1,Benign
cat /var/log/syslog | grep 'systemd' | tail -n 51,Benign
"grep -r ""ERROR"" /var/log/ > /dev/null 2>&1 # task_151",Benign
git commit -m 'Fixed weight loading issue in engine.py - issue #8427',Benign
powershell -ExecutionPolicy AllSigned -File C:\Scripts\maintenance_67.ps1,Benign
"grep -r ""ERROR"" /var/log/ > /dev/null 2>&1 # task_801",Benign
powershell -ep Restricted -File C:\Scripts\maintenance_75.ps1,Benign
git commit -m 'Fixed weight loading issue in engine.py - issue #6210',Benign
systemctl status nginx > /dev/null 2>&1 # task_261,Benign
tar -czf /tmp/backup.tar.gz /var/log > /dev/null 2>&1 # task_137,Benign
"grep -r ""ERROR"" /var/log/ > /dev/null 2>&1 # task_765",Benign
kubectl get pods -n production -o wide,Benign
terraform plan -out=tfplan,Benign
tar -czf /tmp/backup.tar.gz /var/log > /dev/null 2>&1 # task_531,Benign
kubectl get deployments -n staging -o wide,Benign
git commit -m 'Fixed weight loading issue in engine.py - issue #9151',Benign
git commit -m 'Fixed weight loading issue in engine.py - issue #8801',Benign
Get-EventLog -LogName System | Sort-Object -Descending,Benign
git commit -m 'Fixed weight loading issue in engine.py - issue #2034',Benign
powershell -ep Restricted -File C:\Scripts\maintenance_97.ps1,Benign
systemctl status nginx > /dev/null 2>&1 # task_769,Benign
terraform apply -auto-approve,Benign
kubectl get configmaps -n production -o wide,Benign
Get-ADUser | % { $_.Name },Benign
kubectl get configmaps -n production --watch,Benign
kubectl get pods -n monitoring -o wide,Benign
git commit -m 'Fixed weight loading issue in engine.py - issue #2643',Benign
tar -czf /tmp/backup.tar.gz /var/log > /dev/null 2>&1 # task_978,Benign
git commit -m 'Fixed weight loading issue in engine.py - issue #2930',Benign
cat /var/log/syslog | grep 'systemd' | tail -n 24,Benign
terraform init -upgrade,Benign
kubectl get nodes -n monitoring -o wide,Benign
kubectl get deployments -n monitoring --watch,Benign
cat /var/log/syslog | grep 'systemd' | tail -n 59,Benign
kubectl get pods -n dev -o wide,Benign
Get-Service | Where-Object {$_.Status -eq 'Running'},Benign
git commit -m 'Fixed weight loading issue in engine.py - issue #1758',Benign
git commit -m 'Fixed weight loading issue in engine.py - issue #5581',Benign
git commit -m 'Fixed weight loading issue in engine.py - issue #8147',Benign
powershell -ExecutionPolicy Restricted -File C:\Scripts\maintenance_24.ps1,Benign
Get-EventLog -LogName System | Sort-Object -Descending,Benign
powershell -ExecutionPolicy Restricted -File C:\Scripts\maintenance_13.ps1,Benign
"grep -r ""ERROR"" /var/log/ > /dev/null 2>&1 # task_609",Benign
powershell -ep Restricted -File C:\Scripts\maintenance_76.ps1,Benign
powershell -ep Restricted -File C:\Scripts\maintenance_86.ps1,Benign
cat /var/log/syslog | grep 'systemd' | tail -n 62,Benign
kubectl get pods -n monitoring -o wide,Benign
kubectl get nodes -n kube-system -o wide,Benign
systemctl status nginx > /dev/null 2>&1 # task_757,Benign
kubectl get pods -n monitoring -o wide,Benign
cat /var/log/syslog | grep 'systemd' | tail -n 36,Benign
cat /var/log/syslog | grep 'systemd' | tail -n 74,Benign
git commit -m 'Fixed weight loading issue in engine.py - issue #4147',Benign
git commit -m 'Fixed weight loading issue in engine.py - issue #6534',Benign
cat /var/log/syslog | grep 'systemd' | tail -n 39,Benign
powershell -ep Restricted -File C:\Scripts\maintenance_46.ps1,Benign
powershell -ExecutionPolicy AllSigned -File C:\Scripts\maintenance_68.ps1,Benign
kubectl get deployments -n monitoring -o wide,Benign
cat /var/log/syslog | grep 'systemd' | tail -n 36,Benign
kubectl get pods -n kube-system -o wide,Benign
cat /var/log/syslog | grep 'systemd' | tail -n 28,Benign
powershell -ExecutionPolicy Restricted -File C:\Scripts\maintenance_75.ps1,Benign
Get-Service | Where-Object {$_.Status -eq 'Running'},Benign
cat /var/log/syslog | grep 'systemd' | tail -n 63,Benign
powershell -ExecutionPolicy AllSigned -File C:\Scripts\maintenance_11.ps1,Benign
kubectl get nodes -n dev -o wide,Benign
Get-Content | % { $_.Name },Benign
kubectl get nodes -n kube-system -o wide,Benign
cat /var/log/syslog | grep 'systemd' | tail -n 34,Benign
terraform plan -out=tfplan,Benign
"Get-Content | Select-Object Name, Id",Benign
Get-Process | % { $_.Name },Benign
git commit -m 'Fixed weight loading issue in engine.py - issue #2949',Benign
kubectl get pods -n monitoring -o wide,Benign
cat /var/log/syslog | grep 'systemd' | tail -n 46,Benign
kubectl get nodes -n monitoring -o wide,Benign
powershell -ep Restricted -File C:\Scripts\maintenance_39.ps1,Benign
kubectl get configmaps -n production -o wide,Benign
terraform plan -out=tfplan,Benign
terraform destroy -auto-approve,Benign
powershell -ExecutionPolicy Restricted -File C:\Scripts\maintenance_25.ps1,Benign
kubectl get deployments -n kube-system -o wide,Benign
terraform destroy -auto-approve,Benign
Get-Service | Where-Object {$_.Status -eq 'Running'},Benign
powershell -ExecutionPolicy Restricted -File C:\Scripts\maintenance_86.ps1,Benign
git commit -m 'Fixed weight loading issue in engine.py - issue #4082',Benign
git commit -m 'Fixed weight loading issue in engine.py - issue #4247',Benign
Get-Service | Where-Object {$_.Status -eq 'Running'},Benign
cat /var/log/syslog | grep 'systemd' | tail -n 75,Benign
cat /var/log/syslog | grep 'systemd' | tail -n 42,Benign
Get-Process | Where-Object {$_.Status -eq 'Running'},Benign
Get-Process | Sort-Object -Descending,Benign
tar -czf /tmp/backup.tar.gz /var/log > /dev/null 2>&1 # task_878,Benign
systemctl status nginx > /dev/null 2>&1 # task_285,Benign
cat /var/log/syslog | grep 'systemd' | tail -n 23,Benign
powershell -ExecutionPolicy Restricted -File C:\Scripts\maintenance_20.ps1,Benign
git commit -m 'Fixed weight loading issue in engine.py - issue #7790',Benign
terraform apply -auto-approve,Benign
cat /var/log/syslog | grep 'systemd' | tail -n 75,Benign
git commit -m 'Fixed weight loading issue in engine.py - issue #6434',Benign
powershell -ep Restricted -File C:\Scripts\maintenance_20.ps1,Benign
terraform apply -auto-approve,Benign
powershell -ExecutionPolicy Restricted -File C:\Scripts\maintenance_2.ps1,Benign
kubectl get deployments -n dev -o wide,Benign
Get-EventLog -LogName System | Where-Object {$_.Status -eq 'Running'},Benign
cat /var/log/syslog | grep 'systemd' | tail -n 18,Benign
systemctl status nginx > /dev/null 2>&1 # task_903,Benign
powershell -ExecutionPolicy AllSigned -File C:\Scripts\maintenance_97.ps1,Benign
terraform init -upgrade,Benign
cat /var/log/syslog | grep 'systemd' | tail -n 78,Benign
cat /var/log/syslog | grep 'systemd' | tail -n 52,Benign
"grep -r ""ERROR"" /var/log/ > /dev/null 2>&1 # task_525",Benign
kubectl get pods -n dev --watch,Benign
git commit -m 'Fixed weight loading issue in engine.py - issue #1183',Benign
cat /var/log/syslog | grep 'systemd' | tail -n 96,Benign
git commit -m 'Fixed weight loading issue in engine.py - issue #3810',Benign
powershell -ExecutionPolicy Restricted -File C:\Scripts\maintenance_36.ps1,Benign
"grep -r ""ERROR"" /var/log/ > /dev/null 2>&1 # task_421",Benign
git commit -m 'Fixed weight loading issue in engine.py - issue #5159',Benign
Get-Service | % { $_.Name },Benign
Get-ADUser | Sort-Object -Descending,Benign
terraform plan -out=tfplan,Benign
kubectl get pods -n production -o wide,Benign
terraform init -upgrade,Benign
powershell -ExecutionPolicy Restricted -File C:\Scripts\maintenance_75.ps1,Benign
powershell -ExecutionPolicy AllSigned -File C:\Scripts\maintenance_60.ps1,Benign
"Get-ADUser | Select-Object Name, Id",Benign
"grep -r ""ERROR"" /var/log/ > /dev/null 2>&1 # task_334",Benign
powershell -ExecutionPolicy Restricted -File C:\Scripts\maintenance_98.ps1,Benign
git commit -m 'Fixed weight loading issue in engine.py - issue #7454',Benign
terraform apply -auto-approve,Benign
terraform destroy -auto-approve,Benign
Get-Process | Sort-Object -Descending,Benign
powershell -ExecutionPolicy AllSigned -File C:\Scripts\maintenance_34.ps1,Benign
powershell -ExecutionPolicy AllSigned -File C:\Scripts\maintenance_27.ps1,Benign
kubectl get services -n production -o wide,Benign
tar -czf /tmp/backup.tar.gz /var/log > /dev/null 2>&1 # task_619,Benign
Get-ADUser | Sort-Object -Descending,Benign
terraform apply -auto-approve,Benign
kubectl get pods -n staging -o wide,Benign
git commit -m 'Fixed weight loading issue in engine.py - issue #2612',Benign
kubectl get configmaps -n monitoring -o wide,Benign
powershell -ep Restricted -File C:\Scripts\maintenance_34.ps1,Benign
kubectl get configmaps -n staging --watch,Benign
Get-Process | Where-Object {$_.Status -eq 'Running'},Benign
"grep -r ""ERROR"" /var/log/ > /dev/null 2>&1 # task_302",Benign
"Get-EventLog -LogName System | Select-Object Name, Id",Benign
cat /var/log/syslog | grep 'systemd' | tail -n 15,Benign
cat /var/log/syslog | grep 'systemd' | tail -n 60,Benign
"Get-Process | Select-Object Name, Id",Benign
cat /var/log/syslog | grep 'systemd' | tail -n 42,Benign
terraform plan -out=tfplan,Benign
"grep -r ""ERROR"" /var/log/ > /dev/null 2>&1 # task_977",Benign
terraform plan -out=tfplan,Benign
Get-Content | Where-Object {$_.Status -eq 'Running'},Benign
Get-Process | % { $_.Name },Benign
Get-ADUser | Sort-Object -Descending,Benign
powershell -ExecutionPolicy AllSigned -File C:\Scripts\maintenance_38.ps1,Benign
powershell -ep Restricted -File C:\Scripts\maintenance_47.ps1,Benign
terraform apply -auto-approve,Benign
kubectl get pods -n staging --watch,Benign
kubectl get configmaps -n dev -o wide,Benign
kubectl get services -n dev -o wide,Benign
powershell -ExecutionPolicy Restricted -File C:\Scripts\maintenance_83.ps1,Benign
terraform destroy -auto-approve,Benign
git commit -m 'Fixed weight loading issue in engine.py - issue #4419',Benign
tar -czf /tmp/backup.tar.gz /var/log > /dev/null 2>&1 # task_251,Benign
powershell -ep Restricted -File C:\Scripts\maintenance_70.ps1,Benign
git commit -m 'Fixed weight loading issue in engine.py - issue #4882',Benign
terraform plan -out=tfplan,Benign
git commit -m 'Fixed weight loading issue in engine.py - issue #4206',Benign
"grep -r ""ERROR"" /var/log/ > /dev/null 2>&1 # task_665",Benign
terraform plan -out=tfplan,Benign
cat /var/log/syslog | grep 'systemd' | tail -n 76,Benign
systemctl status nginx > /dev/null 2>&1 # task_430,Benign
systemctl status nginx > /dev/null 2>&1 # task_287,Benign
"grep -r ""ERROR"" /var/log/ > /dev/null 2>&1 # task_455",Benign
powershell -ep Restricted -File C:\Scripts\maintenance_34.ps1,Benign
terraform init -upgrade,Benign
git commit -m 'Fixed weight loading issue in engine.py - issue #1800',Benign
powershell -ep Restricted -File C:\Scripts\maintenance_13.ps1,Benign
cat /var/log/syslog | grep 'systemd' | tail -n 16,Benign
cat /var/log/syslog | grep 'systemd' | tail -n 76,Benign
"grep -r ""ERROR"" /var/log/ > /dev/null 2>&1 # task_380",Benign
git commit -m 'Fixed weight loading issue in engine.py - issue #4095',Benign
kubectl get services -n kube-system --watch,Benign
kubectl get nodes -n staging -o wide,Benign
cat /var/log/syslog | grep 'systemd' | tail -n 88,Benign
git commit -m 'Fixed weight loading issue in engine.py - issue #8400',Benign
kubectl get services -n staging -o wide,Benign
kubectl get pods -n dev -o wide,Benign
git commit -m 'Fixed weight loading issue in engine.py - issue #5208',Benign
"grep -r ""ERROR"" /var/log/ > /dev/null 2>&1 # task_405",Benign
systemctl status nginx > /dev/null 2>&1 # task_186,Benign
cat /var/log/syslog | grep 'systemd' | tail -n 82,Benign
kubectl get nodes -n staging --watch,Benign
systemctl status nginx > /dev/null 2>&1 # task_329,Benign
git commit -m 'Fixed weight loading issue in engine.py - issue #5237',Benign
kubectl get services -n kube-system -o wide,Benign
tar -czf /tmp/backup.tar.gz /var/log > /dev/null 2>&1 # task_383,Benign
Get-Content | Where-Object {$_.Status -eq 'Running'},Benign
systemctl status nginx > /dev/null 2>&1 # task_412,Benign
kubectl get nodes -n staging -o wide,Benign
tar -czf /tmp/backup.tar.gz /var/log > /dev/null 2>&1 # task_377,Benign
Get-Process | Where-Object {$_.Status -eq 'Running'},Benign
kubectl get deployments -n staging --watch,Benign
cat /var/log/syslog | grep 'systemd' | tail -n 23,Benign
systemctl status nginx > /dev/null 2>&1 # task_213,Benign
kubectl get nodes -n dev -o wide,Benign
terraform plan -out=tfplan,Benign
git commit -m 'Fixed weight loading issue in engine.py - issue #4878',Benign
"Get-Process | Select-Object Name, Id",Benign
kubectl get nodes -n monitoring --watch,Benign
cat /var/log/syslog | grep 'systemd' | tail -n 76,Benign
"grep -r ""ERROR"" /var/log/ > /dev/null 2>&1 # task_766",Benign
Get-Content | % { $_.Name },Benign
kubectl get deployments -n monitoring -o wide,Benign
"Get-ADUser | Select-Object Name, Id",Benign
kubectl get services -n kube-system --watch,Benign
cat /var/log/syslog | grep 'systemd' | tail -n 29,Benign
terraform plan -out=tfplan,Benign
kubectl get deployments -n dev -o wide,Benign
kubectl get configmaps -n kube-system --watch,Benign
cat /var/log/syslog | grep 'systemd' | tail -n 21,Benign
Get-ADUser | Where-Object {$_.Status -eq 'Running'},Benign
cat /var/log/syslog | grep 'systemd' | tail -n 54,Benign
powershell -ExecutionPolicy Restricted -File C:\Scripts\maintenance_21.ps1,Benign
cat /var/log/syslog | grep 'systemd' | tail -n 41,Benign
"grep -r ""ERROR"" /var/log/ > /dev/null 2>&1 # task_618",Benign
cat /var/log/syslog | grep 'systemd' | tail -n 41,Benign
powershell -ep Restricted -File C:\Scripts\maintenance_91.ps1,Benign
Get-Process | Where-Object {$_.Status -eq 'Running'},Benign
tar -czf /tmp/backup.tar.gz /var/log > /dev/null 2>&1 # task_960,Benign
terraform destroy -auto-approve,Benign
systemctl status nginx > /dev/null 2>&1 # task_285,Benign
cat /var/log/syslog | grep 'systemd' | tail -n 59,Benign
kubectl get deployments -n production --watch,Benign
kubectl get services -n kube-system -o wide,Benign
terraform init -upgrade,Benign
Get-EventLog -LogName System | Where-Object {$_.Status -eq 'Running'},Benign
systemctl status nginx > /dev/null 2>&1 # task_718,Benign
terraform apply -auto-approve,Benign
terraform apply -auto-approve,Benign
cat /var/log/syslog | grep 'systemd' | tail -n 81,Benign
cat /var/log/syslog | grep 'systemd' | tail -n 20,Benign
terraform apply -auto-approve,Benign
systemctl status nginx > /dev/null 2>&1 # task_179,Benign
cat /var/log/syslog | grep 'systemd' | tail -n 23,Benign
kubectl get configmaps -n monitoring -o wide,Benign
git commit -m 'Fixed weight loading issue in engine.py - issue #2232',Benign
Get-ADUser | % { $_.Name },Benign
systemctl status nginx > /dev/null 2>&1 # task_905,Benign
terraform apply -auto-approve,Benign
terraform destroy -auto-approve,Benign
systemctl status nginx > /dev/null 2>&1 # task_759,Benign
Get-EventLog -LogName System | % { $_.Name },Benign
"grep -r ""ERROR"" /var/log/ > /dev/null 2>&1 # task_983",Benign
powershell -ExecutionPolicy Restricted -File C:\Scripts\maintenance_37.ps1,Benign
kubectl get services -n kube-system -o wide,Benign
powershell -ExecutionPolicy AllSigned -File C:\Scripts\maintenance_37.ps1,Benign
terraform apply -auto-approve,Benign
kubectl get pods -n dev -o wide,Benign
powershell -ExecutionPolicy Restricted -File C:\Scripts\maintenance_97.ps1,Benign
powershell -ExecutionPolicy Restricted -File C:\Scripts\maintenance_94.ps1,Benign
cat /var/log/syslog | grep 'systemd' | tail -n 60,Benign
powershell -ExecutionPolicy AllSigned -File C:\Scripts\maintenance_81.ps1,Benign
Get-Process | Where-Object {$_.Status -eq 'Running'},Benign
git commit -m 'Fixed weight loading issue in engine.py - issue #8423',Benign
git commit -m 'Fixed weight loading issue in engine.py - issue #9802',Benign
cat /var/log/syslog | grep 'systemd' | tail -n 99,Benign
kubectl get configmaps -n staging --watch,Benign
"grep -r ""ERROR"" /var/log/ > /dev/null 2>&1 # task_804",Benign
git commit -m 'Fixed weight loading issue in engine.py - issue #3058',Benign
Get-Process | Where-Object {$_.Status -eq 'Running'},Benign
powershell -ExecutionPolicy Restricted -File C:\Scripts\maintenance_64.ps1,Benign
kubectl get nodes -n production --watch,Benign
git commit -m 'Fixed weight loading issue in engine.py - issue #9181',Benign
powershell -ep Restricted -File C:\Scripts\maintenance_93.ps1,Benign
terraform destroy -auto-approve,Benign
terraform apply -auto-approve,Benign
powershell -ExecutionPolicy AllSigned -File C:\Scripts\maintenance_69.ps1,Benign
tar -czf /tmp/backup.tar.gz /var/log > /dev/null 2>&1 # task_539,Benign
cat /var/log/syslog | grep 'systemd' | tail -n 17,Benign
git commit -m 'Fixed weight loading issue in engine.py - issue #8884',Benign
cat /var/log/syslog | grep 'systemd' | tail -n 41,Benign
tar -czf /tmp/backup.tar.gz /var/log > /dev/null 2>&1 # task_120,Benign
systemctl status nginx > /dev/null 2>&1 # task_667,Benign
powershell -ep Restricted -File C:\Scripts\maintenance_60.ps1,Benign
powershell -ExecutionPolicy Restricted -File C:\Scripts\maintenance_1.ps1,Benign
tar -czf /tmp/backup.tar.gz /var/log > /dev/null 2>&1 # task_769,Benign
powershell -ep Restricted -File C:\Scripts\maintenance_56.ps1,Benign
kubectl get configmaps -n kube-system -o wide,Benign
cat /var/log/syslog | grep 'systemd' | tail -n 61,Benign
cat /var/log/syslog | grep 'systemd' | tail -n 49,Benign
terraform init -upgrade,Benign
cat /var/log/syslog | grep 'systemd' | tail -n 11,Benign
kubectl get nodes -n dev --watch,Benign
"grep -r ""ERROR"" /var/log/ > /dev/null 2>&1 # task_692",Benign
powershell -ep Restricted -File C:\Scripts\maintenance_22.ps1,Benign
terraform plan -out=tfplan,Benign
terraform init -upgrade,Benign
"grep -r ""ERROR"" /var/log/ > /dev/null 2>&1 # task_688",Benign
kubectl get nodes -n dev --watch,Benign
cat /var/log/syslog | grep 'systemd' | tail -n 61,Benign
git commit -m 'Fixed weight loading issue in engine.py - issue #3293',Benign
kubectl get deployments -n production --watch,Benign
cat /var/log/syslog | grep 'systemd' | tail -n 16,Benign
terraform plan -out=tfplan,Benign
tar -czf /tmp/backup.tar.gz /var/log > /dev/null 2>&1 # task_799,Benign
cat /var/log/syslog | grep 'systemd' | tail -n 51,Benign
terraform apply -auto-approve,Benign
terraform plan -out=tfplan,Benign
powershell -ExecutionPolicy Restricted -File C:\Scripts\maintenance_66.ps1,Benign
cat /var/log/syslog | grep 'systemd' | tail -n 16,Benign
cat /var/log/syslog | grep 'systemd' | tail -n 78,Benign
powershell -ExecutionPolicy Restricted -File C:\Scripts\maintenance_51.ps1,Benign
git commit -m 'Fixed weight loading issue in engine.py - issue #3023',Benign
powershell -ep Restricted -File C:\Scripts\maintenance_87.ps1,Benign
kubectl get pods -n production -o wide,Benign
kubectl get nodes -n production -o wide,Benign
powershell -ep Restricted -File C:\Scripts\maintenance_98.ps1,Benign
systemctl status nginx > /dev/null 2>&1 # task_850,Benign
git commit -m 'Fixed weight loading issue in engine.py - issue #3485',Benign
Get-Service | Sort-Object -Descending,Benign
tar -czf /tmp/backup.tar.gz /var/log > /dev/null 2>&1 # task_302,Benign
powershell -ExecutionPolicy AllSigned -File C:\Scripts\maintenance_96.ps1,Benign
powershell -ExecutionPolicy AllSigned -File C:\Scripts\maintenance_36.ps1,Benign
cat /var/log/syslog | grep 'systemd' | tail -n 82,Benign
powershell -ExecutionPolicy Restricted -File C:\Scripts\maintenance_23.ps1,Benign
git commit -m 'Fixed weight loading issue in engine.py - issue #9653',Benign
powershell -ep Restricted -File C:\Scripts\maintenance_58.ps1,Benign
cat /var/log/syslog | grep 'systemd' | tail -n 91,Benign
powershell -ep Restricted -File C:\Scripts\maintenance_18.ps1,Benign
systemctl status nginx > /dev/null 2>&1 # task_396,Benign
git commit -m 'Fixed weight loading issue in engine.py - issue #1999',Benign
cat /var/log/syslog | grep 'systemd' | tail -n 22,Benign
terraform destroy -auto-approve,Benign
"grep -r ""ERROR"" /var/log/ > /dev/null 2>&1 # task_646",Benign
cat /var/log/syslog | grep 'systemd' | tail -n 50,Benign
Get-Content | % { $_.Name },Benign
"grep -r ""ERROR"" /var/log/ > /dev/null 2>&1 # task_746",Benign
systemctl status nginx > /dev/null 2>&1 # task_461,Benign
powershell -ExecutionPolicy Restricted -File C:\Scripts\maintenance_8.ps1,Benign
kubectl get configmaps -n dev --watch,Benign
systemctl status nginx > /dev/null 2>&1 # task_409,Benign
kubectl get deployments -n staging -o wide,Benign
cat /var/log/syslog | grep 'systemd' | tail -n 97,Benign
powershell -ExecutionPolicy Restricted -File C:\Scripts\maintenance_83.ps1,Benign
git commit -m 'Fixed weight loading issue in engine.py - issue #8869',Benign
Get-ADUser | % { $_.Name },Benign
kubectl get pods -n monitoring -o wide,Benign
Get-Content | Where-Object {$_.Status -eq 'Running'},Benign
tar -czf /tmp/backup.tar.gz /var/log > /dev/null 2>&1 # task_696,Benign
terraform apply -auto-approve,Benign
tar -czf /tmp/backup.tar.gz /var/log > /dev/null 2>&1 # task_727,Benign
powershell -ep Restricted -File C:\Scripts\maintenance_8.ps1,Benign
terraform plan -out=tfplan,Benign
terraform plan -out=tfplan,Benign
Get-Content | Sort-Object -Descending,Benign
terraform apply -auto-approve,Benign
powershell -ExecutionPolicy AllSigned -File C:\Scripts\maintenance_85.ps1,Benign
tar -czf /tmp/backup.tar.gz /var/log > /dev/null 2>&1 # task_314,Benign
terraform init -upgrade,Benign
systemctl status nginx > /dev/null 2>&1 # task_609,Benign
powershell -ExecutionPolicy Restricted -File C:\Scripts\maintenance_28.ps1,Benign
tar -czf /tmp/backup.tar.gz /var/log > /dev/null 2>&1 # task_514,Benign
kubectl get configmaps -n staging -o wide,Benign
systemctl status nginx > /dev/null 2>&1 # task_168,Benign
powershell -ExecutionPolicy AllSigned -File C:\Scripts\maintenance_33.ps1,Benign
Get-Content | % { $_.Name },Benign
kubectl get configmaps -n staging --watch,Benign
Get-EventLog -LogName System | Sort-Object -Descending,Benign
Get-ADUser | % { $_.Name },Benign
cat /var/log/syslog | grep 'systemd' | tail -n 87,Benign
kubectl get configmaps -n kube-system --watch,Benign
tar -czf /tmp/backup.tar.gz /var/log > /dev/null 2>&1 # task_212,Benign
kubectl get nodes -n monitoring --watch,Benign
kubectl get deployments -n dev --watch,Benign
"grep -r ""ERROR"" /var/log/ > /dev/null 2>&1 # task_316",Benign
Get-ADUser | % { $_.Name },Benign
git commit -m 'Fixed weight loading issue in engine.py - issue #7344',Benign
cat /var/log/syslog | grep 'systemd' | tail -n 48,Benign
Get-Content | % { $_.Name },Benign
systemctl status nginx > /dev/null 2>&1 # task_442,Benign
terraform destroy -auto-approve,Benign
"Get-Service | Select-Object Name, Id",Benign
terraform plan -out=tfplan,Benign
terraform plan -out=tfplan,Benign
powershell -ExecutionPolicy AllSigned -File C:\Scripts\maintenance_18.ps1,Benign
terraform destroy -auto-approve,Benign
powershell -ExecutionPolicy AllSigned -File C:\Scripts\maintenance_87.ps1,Benign
terraform plan -out=tfplan,Benign
Get-Content | Where-Object {$_.Status -eq 'Running'},Benign
kubectl get pods -n production -o wide,Benign
git commit -m 'Fixed weight loading issue in engine.py - issue #6053',Benign
cat /var/log/syslog | grep 'systemd' | tail -n 11,Benign
git commit -m 'Fixed weight loading issue in engine.py - issue #7162',Benign
powershell -ExecutionPolicy Restricted -File C:\Scripts\maintenance_20.ps1,Benign
"grep -r ""ERROR"" /var/log/ > /dev/null 2>&1 # task_662",Benign
terraform destroy -auto-approve,Benign
powershell -ExecutionPolicy Restricted -File C:\Scripts\maintenance_35.ps1,Benign
git commit -m 'Fixed weight loading issue in engine.py - issue #8011',Benign
kubectl get services -n production --watch,Benign
git commit -m 'Fixed weight loading issue in engine.py - issue #1136',Benign
systemctl status nginx > /dev/null 2>&1 # task_649,Benign
Get-Service | % { $_.Name },Benign
kubectl get deployments -n kube-system -o wide,Benign
kubectl get services -n dev --watch,Benign
git commit -m 'Fixed weight loading issue in engine.py - issue #6919',Benign
powershell -ExecutionPolicy AllSigned -File C:\Scripts\maintenance_43.ps1,Benign
powershell -ExecutionPolicy AllSigned -File C:\Scripts\maintenance_72.ps1,Benign
tar -czf /tmp/backup.tar.gz /var/log > /dev/null 2>&1 # task_911,Benign
terraform init -upgrade,Benign
"Get-EventLog -LogName System | Select-Object Name, Id",Benign
git commit -m 'Fixed weight loading issue in engine.py - issue #5671',Benign
tar -czf /tmp/backup.tar.gz /var/log > /dev/null 2>&1 # task_355,Benign
cat /var/log/syslog | grep 'systemd' | tail -n 88,Benign
"grep -r ""ERROR"" /var/log/ > /dev/null 2>&1 # task_797",Benign
cat /var/log/syslog | grep 'systemd' | tail -n 42,Benign
terraform destroy -auto-approve,Benign
kubectl get nodes -n monitoring -o wide,Benign
git commit -m 'Fixed weight loading issue in engine.py - issue #8453',Benign
kubectl get pods -n monitoring -o wide,Benign
terraform apply -auto-approve,Benign
kubectl get deployments -n production --watch,Benign
terraform apply -auto-approve,Benign
git commit -m 'Fixed weight loading issue in engine.py - issue #7758',Benign
terraform apply -auto-approve,Benign
cat /var/log/syslog | grep 'systemd' | tail -n 29,Benign
git commit -m 'Fixed weight loading issue in engine.py - issue #7544',Benign
kubectl get deployments -n dev --watch,Benign
powershell -ExecutionPolicy Restricted -File C:\Scripts\maintenance_96.ps1,Benign
systemctl status nginx > /dev/null 2>&1 # task_488,Benign
cat /var/log/syslog | grep 'systemd' | tail -n 68,Benign
kubectl get pods -n staging -o wide,Benign
git commit -m 'Fixed weight loading issue in engine.py - issue #8219',Benign
tar -czf /tmp/backup.tar.gz /var/log > /dev/null 2>&1 # task_777,Benign
git commit -m 'Fixed weight loading issue in engine.py - issue #1155',Benign
cat /var/log/syslog | grep 'systemd' | tail -n 57,Benign
systemctl status nginx > /dev/null 2>&1 # task_122,Benign
Get-Process | Sort-Object -Descending,Benign
git commit -m 'Fixed weight loading issue in engine.py - issue #7708',Benign
cat /var/log/syslog | grep 'systemd' | tail -n 65,Benign
cat /var/log/syslog | grep 'systemd' | tail -n 44,Benign
Get-Service | Where-Object {$_.Status -eq 'Running'},Benign
terraform init -upgrade,Benign
powershell -ExecutionPolicy Restricted -File C:\Scripts\maintenance_76.ps1,Benign
powershell -ExecutionPolicy AllSigned -File C:\Scripts\maintenance_99.ps1,Benign
cat /var/log/syslog | grep 'systemd' | tail -n 33,Benign
Get-EventLog -LogName System | Where-Object {$_.Status -eq 'Running'},Benign
kubectl get services -n staging --watch,Benign
kubectl get configmaps -n staging -o wide,Benign
terraform apply -auto-approve,Benign
terraform plan -out=tfplan,Benign
terraform init -upgrade,Benign
systemctl status nginx > /dev/null 2>&1 # task_334,Benign
"grep -r ""ERROR"" /var/log/ > /dev/null 2>&1 # task_176",Benign
terraform plan -out=tfplan,Benign
Get-ADUser | % { $_.Name },Benign
git commit -m 'Fixed weight loading issue in engine.py - issue #4954',Benign
cat /var/log/syslog | grep 'systemd' | tail -n 47,Benign
Get-Content | Where-Object {$_.Status -eq 'Running'},Benign
kubectl get configmaps -n production --watch,Benign
git commit -m 'Fixed weight loading issue in engine.py - issue #3367',Benign
kubectl get configmaps -n production --watch,Benign
cat /var/log/syslog | grep 'systemd' | tail -n 58,Benign
"Get-Service | Select-Object Name, Id",Benign
Get-Service | Sort-Object -Descending,Benign
git commit -m 'Fixed weight loading issue in engine.py - issue #7663',Benign
git commit -m 'Fixed weight loading issue in engine.py - issue #9987',Benign
Get-Service | % { $_.Name },Benign
powershell -ExecutionPolicy Restricted -File C:\Scripts\maintenance_28.ps1,Benign
terraform apply -auto-approve,Benign
git commit -m 'Fixed weight loading issue in engine.py - issue #2183',Benign
kubectl get configmaps -n dev --watch,Benign
git commit -m 'Fixed weight loading issue in engine.py - issue #8412',Benign
cat /var/log/syslog | grep 'systemd' | tail -n 16,Benign
cat /var/log/syslog | grep 'systemd' | tail -n 17,Benign
kubectl get pods -n monitoring -o wide,Benign
git commit -m 'Fixed weight loading issue in engine.py - issue #5049',Benign
powershell -ExecutionPolicy Restricted -File C:\Scripts\maintenance_21.ps1,Benign
powershell -ExecutionPolicy Restricted -File C:\Scripts\maintenance_52.ps1,Benign
kubectl get pods -n staging --watch,Benign
git commit -m 'Fixed weight loading issue in engine.py - issue #8475',Benign
cat /var/log/syslog | grep 'systemd' | tail -n 34,Benign
Get-EventLog -LogName System | Sort-Object -Descending,Benign
terraform destroy -auto-approve,Benign
powershell -ep Restricted -File C:\Scripts\maintenance_36.ps1,Benign
git commit -m 'Fixed weight loading issue in engine.py - issue #1882',Benign
powershell -ep Restricted -File C:\Scripts\maintenance_64.ps1,Benign
powershell -ep Restricted -File C:\Scripts\maintenance_86.ps1,Benign
kubectl get configmaps -n production -o wide,Benign
"Get-ADUser | Select-Object Name, Id",Benign
"grep -r ""ERROR"" /var/log/ > /dev/null 2>&1 # task_294",Benign
cat /var/log/syslog | grep 'systemd' | tail -n 60,Benign
kubectl get configmaps -n dev -o wide,Benign
powershell -ep Restricted -File C:\Scripts\maintenance_45.ps1,Benign
git commit -m 'Fixed weight loading issue in engine.py - issue #7622',Benign
Get-EventLog -LogName System | Sort-Object -Descending,Benign
git commit -m 'Fixed weight loading issue in engine.py - issue #2776',Benign
powershell -ep Restricted -File C:\Scripts\maintenance_31.ps1,Benign
git commit -m 'Fixed weight loading issue in engine.py - issue #2790',Benign
terraform plan -out=tfplan,Benign
tar -czf /tmp/backup.tar.gz /var/log > /dev/null 2>&1 # task_629,Benign
cat /var/log/syslog | grep 'systemd' | tail -n 89,Benign
cat /var/log/syslog | grep 'systemd' | tail -n 98,Benign
git commit -m 'Fixed weight loading issue in engine.py - issue #2869',Benign
systemctl status nginx > /dev/null 2>&1 # task_526,Benign
cat /var/log/syslog | grep 'systemd' | tail -n 82,Benign
git commit -m 'Fixed weight loading issue in engine.py - issue #2690',Benign
terraform destroy -auto-approve,Benign
terraform apply -auto-approve,Benign
powershell -ExecutionPolicy AllSigned -File C:\Scripts\maintenance_42.ps1,Benign
git commit -m 'Fixed weight loading issue in engine.py - issue #1670',Benign
powershell -ep Restricted -File C:\Scripts\maintenance_23.ps1,Benign
terraform init -upgrade,Benign
tar -czf /tmp/backup.tar.gz /var/log > /dev/null 2>&1 # task_291,Benign
cat /var/log/syslog | grep 'systemd' | tail -n 10,Benign
powershell -ExecutionPolicy AllSigned -File C:\Scripts\maintenance_81.ps1,Benign
Get-Process | % { $_.Name },Benign
powershell -ExecutionPolicy Restricted -File C:\Scripts\maintenance_40.ps1,Benign
terraform apply -auto-approve,Benign
git commit -m 'Fixed weight loading issue in engine.py - issue #8741',Benign
Get-ADUser | Where-Object {$_.Status -eq 'Running'},Benign
cat /var/log/syslog | grep 'systemd' | tail -n 96,Benign
kubectl get deployments -n staging -o wide,Benign
cat /var/log/syslog | grep 'systemd' | tail -n 92,Benign
cat /var/log/syslog | grep 'systemd' | tail -n 29,Benign
powershell -ep Restricted -File C:\Scripts\maintenance_87.ps1,Benign
powershell -ExecutionPolicy AllSigned -File C:\Scripts\maintenance_73.ps1,Benign
Get-ADUser | % { $_.Name },Benign
kubectl get deployments -n staging -o wide,Benign
Get-ADUser | Where-Object {$_.Status -eq 'Running'},Benign
terraform apply -auto-approve,Benign
kubectl get configmaps -n kube-system -o wide,Benign
git commit -m 'Fixed weight loading issue in engine.py - issue #2708',Benign
kubectl get pods -n kube-system --watch,Benign
kubectl get nodes -n staging -o wide,Benign
git commit -m 'Fixed weight loading issue in engine.py - issue #5624',Benign
kubectl get deployments -n dev -o wide,Benign
powershell -ep Restricted -File C:\Scripts\maintenance_30.ps1,Benign
Get-EventLog -LogName System | % { $_.Name },Benign
git commit -m 'Fixed weight loading issue in engine.py - issue #7864',Benign
kubectl get deployments -n dev --watch,Benign
"grep -r ""ERROR"" /var/log/ > /dev/null 2>&1 # task_519",Benign
terraform plan -out=tfplan,Benign
git commit -m 'Fixed weight loading issue in engine.py - issue #2845',Benign
cat /var/log/syslog | grep 'systemd' | tail -n 43,Benign
git commit -m 'Fixed weight loading issue in engine.py - issue #8210',Benign
powershell -ExecutionPolicy AllSigned -File C:\Scripts\maintenance_14.ps1,Benign
cat /var/log/syslog | grep 'systemd' | tail -n 100,Benign
git commit -m 'Fixed weight loading issue in engine.py - issue #2725',Benign
"grep -r ""ERROR"" /var/log/ > /dev/null 2>&1 # task_804",Benign
Get-EventLog -LogName System | Where-Object {$_.Status -eq 'Running'},Benign
powershell -ep Restricted -File C:\Scripts\maintenance_6.ps1,Benign
powershell -ep Restricted -File C:\Scripts\maintenance_89.ps1,Benign
powershell -ExecutionPolicy AllSigned -File C:\Scripts\maintenance_50.ps1,Benign
kubectl get deployments -n monitoring -o wide,Benign
"grep -r ""ERROR"" /var/log/ > /dev/null 2>&1 # task_995",Benign
powershell -ep Restricted -File C:\Scripts\maintenance_7.ps1,Benign
tar -czf /tmp/backup.tar.gz /var/log > /dev/null 2>&1 # task_671,Benign
Get-Process | Where-Object {$_.Status -eq 'Running'},Benign
terraform init -upgrade,Benign
kubectl get nodes -n staging -o wide,Benign
kubectl get nodes -n production -o wide,Benign
terraform destroy -auto-approve,Benign
kubectl get deployments -n staging --watch,Benign
kubectl get deployments -n monitoring -o wide,Benign
git commit -m 'Fixed weight loading issue in engine.py - issue #8602',Benign
kubectl get services -n staging -o wide,Benign
terraform init -upgrade,Benign
cat /var/log/syslog | grep 'systemd' | tail -n 94,Benign
Get-EventLog -LogName System | Where-Object {$_.Status -eq 'Running'},Benign
"Get-Content | Select-Object Name, Id",Benign
kubectl get deployments -n monitoring --watch,Benign
powershell -ep Restricted -File C:\Scripts\maintenance_100.ps1,Benign
kubectl get deployments -n dev -o wide,Benign
kubectl get configmaps -n dev -o wide,Benign
terraform init -upgrade,Benign
kubectl get nodes -n production -o wide,Benign
kubectl get services -n kube-system --watch,Benign
Get-Service | Where-Object {$_.Status -eq 'Running'},Benign
git commit -m 'Fixed weight loading issue in engine.py - issue #5544',Benign
powershell -ExecutionPolicy Restricted -File C:\Scripts\maintenance_57.ps1,Benign
terraform plan -out=tfplan,Benign
kubectl get services -n dev -o wide,Benign
powershell -ep Restricted -File C:\Scripts\maintenance_31.ps1,Benign
git commit -m 'Fixed weight loading issue in engine.py - issue #8346',Benign
powershell -ep Restricted -File C:\Scripts\maintenance_27.ps1,Benign
git commit -m 'Fixed weight loading issue in engine.py - issue #2764',Benign
terraform apply -auto-approve,Benign
git commit -m 'Fixed weight loading issue in engine.py - issue #2504',Benign
git commit -m 'Fixed weight loading issue in engine.py - issue #4626',Benign
terraform plan -out=tfplan,Benign
powershell -ExecutionPolicy AllSigned -File C:\Scripts\maintenance_50.ps1,Benign
kubectl get services -n production -o wide,Benign
kubectl get pods -n kube-system -o wide,Benign
Get-Content | Where-Object {$_.Status -eq 'Running'},Benign
powershell -ExecutionPolicy AllSigned -File C:\Scripts\maintenance_92.ps1,Benign
git commit -m 'Fixed weight loading issue in engine.py - issue #7257',Benign
cat /var/log/syslog | grep 'systemd' | tail -n 32,Benign
"Get-ADUser | Select-Object Name, Id",Benign
powershell -ep Restricted -File C:\Scripts\maintenance_61.ps1,Benign
systemctl status nginx > /dev/null 2>&1 # task_408,Benign
Get-Process | Where-Object {$_.Status -eq 'Running'},Benign
git commit -m 'Fixed weight loading issue in engine.py - issue #2391',Benign
powershell -ExecutionPolicy AllSigned -File C:\Scripts\maintenance_53.ps1,Benign
tar -czf /tmp/backup.tar.gz /var/log > /dev/null 2>&1 # task_511,Benign
powershell -ExecutionPolicy AllSigned -File C:\Scripts\maintenance_78.ps1,Benign
powershell -ExecutionPolicy Restricted -File C:\Scripts\maintenance_4.ps1,Benign
tar -czf /tmp/backup.tar.gz /var/log > /dev/null 2>&1 # task_195,Benign
powershell -ExecutionPolicy Restricted -File C:\Scripts\maintenance_51.ps1,Benign
systemctl status nginx > /dev/null 2>&1 # task_718,Benign
Get-ADUser | Where-Object {$_.Status -eq 'Running'},Benign
cat /var/log/syslog | grep 'systemd' | tail -n 12,Benign
kubectl get deployments -n staging --watch,Benign
terraform destroy -auto-approve,Benign
cat /var/log/syslog | grep 'systemd' | tail -n 66,Benign
systemctl status nginx > /dev/null 2>&1 # task_592,Benign
"Get-EventLog -LogName System | Select-Object Name, Id",Benign
powershell -ep Restricted -File C:\Scripts\maintenance_94.ps1,Benign
"grep -r ""ERROR"" /var/log/ > /dev/null 2>&1 # task_579",Benign
Get-Content | Sort-Object -Descending,Benign
powershell -ExecutionPolicy AllSigned -File C:\Scripts\maintenance_91.ps1,Benign
kubectl get nodes -n dev -o wide,Benign
powershell -ExecutionPolicy AllSigned -File C:\Scripts\maintenance_79.ps1,Benign
git commit -m 'Fixed weight loading issue in engine.py - issue #6831',Benign
powershell -ep Restricted -File C:\Scripts\maintenance_25.ps1,Benign
git commit -m 'Fixed weight loading issue in engine.py - issue #4159',Benign
kubectl get nodes -n kube-system -o wide,Benign
terraform destroy -auto-approve,Benign
terraform apply -auto-approve,Benign
git commit -m 'Fixed weight loading issue in engine.py - issue #5023',Benign
powershell -ep Restricted -File C:\Scripts\maintenance_82.ps1,Benign
powershell -ep Restricted -File C:\Scripts\maintenance_2.ps1,Benign
tar -czf /tmp/backup.tar.gz /var/log > /dev/null 2>&1 # task_978,Benign
kubectl get nodes -n kube-system --watch,Benign
cat /var/log/syslog | grep 'systemd' | tail -n 35,Benign
kubectl get pods -n kube-system --watch,Benign
git commit -m 'Fixed weight loading issue in engine.py - issue #1543',Benign
git commit -m 'Fixed weight loading issue in engine.py - issue #2756',Benign
"grep -r ""ERROR"" /var/log/ > /dev/null 2>&1 # task_619",Benign
powershell -ep Restricted -File C:\Scripts\maintenance_42.ps1,Benign
powershell -ExecutionPolicy AllSigned -File C:\Scripts\maintenance_18.ps1,Benign
powershell -ep Restricted -File C:\Scripts\maintenance_66.ps1,Benign
git commit -m 'Fixed weight loading issue in engine.py - issue #6543',Benign
git commit -m 'Fixed weight loading issue in engine.py - issue #7893',Benign
terraform init -upgrade,Benign
cat /var/log/syslog | grep 'systemd' | tail -n 19,Benign
powershell -ep Restricted -File C:\Scripts\maintenance_59.ps1,Benign
powershell -ExecutionPolicy AllSigned -File C:\Scripts\maintenance_75.ps1,Benign
git commit -m 'Fixed weight loading issue in engine.py - issue #1182',Benign
"Get-Process | Select-Object Name, Id",Benign
powershell -ep Restricted -File C:\Scripts\maintenance_37.ps1,Benign
Get-ADUser | Sort-Object -Descending,Benign
"Get-Process | Select-Object Name, Id",Benign
powershell -ep Restricted -File C:\Scripts\maintenance_86.ps1,Benign
git commit -m 'Fixed weight loading issue in engine.py - issue #9080',Benign
cat /var/log/syslog | grep 'systemd' | tail -n 67,Benign
cat /var/log/syslog | grep 'systemd' | tail -n 32,Benign
git commit -m 'Fixed weight loading issue in engine.py - issue #7554',Benign
terraform destroy -auto-approve,Benign
powershell -ExecutionPolicy AllSigned -File C:\Scripts\maintenance_83.ps1,Benign
terraform apply -auto-approve,Benign
tar -czf /tmp/backup.tar.gz /var/log > /dev/null 2>&1 # task_153,Benign
cat /var/log/syslog | grep 'systemd' | tail -n 97,Benign
"grep -r ""ERROR"" /var/log/ > /dev/null 2>&1 # task_643",Benign
git commit -m 'Fixed weight loading issue in engine.py - issue #1583',Benign
"Get-Service | Select-Object Name, Id",Benign
kubectl get deployments -n monitoring --watch,Benign
git commit -m 'Fixed weight loading issue in engine.py - issue #3413',Benign
systemctl status nginx > /dev/null 2>&1 # task_535,Benign
Get-Service | % { $_.Name },Benign
powershell -ExecutionPolicy Restricted -File C:\Scripts\maintenance_32.ps1,Benign
cat /var/log/syslog | grep 'systemd' | tail -n 17,Benign
tar -czf /tmp/backup.tar.gz /var/log > /dev/null 2>&1 # task_189,Benign
systemctl status nginx > /dev/null 2>&1 # task_187,Benign
terraform destroy -auto-approve,Benign
"grep -r ""ERROR"" /var/log/ > /dev/null 2>&1 # task_847",Benign
cat /var/log/syslog | grep 'systemd' | tail -n 95,Benign
kubectl get deployments -n kube-system --watch,Benign
kubectl get pods -n staging --watch,Benign
powershell -ExecutionPolicy AllSigned -File C:\Scripts\maintenance_27.ps1,Benign
"Get-Process | Select-Object Name, Id",Benign
cat /var/log/syslog | grep 'systemd' | tail -n 87,Benign
cat /var/log/syslog | grep 'systemd' | tail -n 61,Benign
kubectl get configmaps -n monitoring --watch,Benign
powershell -ep Restricted -File C:\Scripts\maintenance_36.ps1,Benign
terraform plan -out=tfplan,Benign
terraform apply -auto-approve,Benign
git commit -m 'Fixed weight loading issue in engine.py - issue #5242',Benign
git commit -m 'Fixed weight loading issue in engine.py - issue #5195',Benign
cat /var/log/syslog | grep 'systemd' | tail -n 32,Benign
Get-EventLog -LogName System | Where-Object {$_.Status -eq 'Running'},Benign
tar -czf /tmp/backup.tar.gz /var/log > /dev/null 2>&1 # task_640,Benign
git commit -m 'Fixed weight loading issue in engine.py - issue #9780',Benign
git commit -m 'Fixed weight loading issue in engine.py - issue #8070',Benign
tar -czf /tmp/backup.tar.gz /var/log > /dev/null 2>&1 # task_837,Benign
kubectl get deployments -n kube-system --watch,Benign
git commit -m 'Fixed weight loading issue in engine.py - issue #2642',Benign
git commit -m 'Fixed weight loading issue in engine.py - issue #7053',Benign
kubectl get deployments -n kube-system -o wide,Benign
kubectl get services -n staging --watch,Benign
kubectl get deployments -n kube-system --watch,Benign
"grep -r ""ERROR"" /var/log/ > /dev/null 2>&1 # task_522",Benign
git commit -m 'Fixed weight loading issue in engine.py - issue #7398',Benign
powershell -ExecutionPolicy Restricted -File C:\Scripts\maintenance_56.ps1,Benign
powershell -ExecutionPolicy Restricted -File C:\Scripts\maintenance_41.ps1,Benign
git commit -m 'Fixed weight loading issue in engine.py - issue #5389',Benign
kubectl get services -n dev -o wide,Benign
kubectl get deployments -n kube-system --watch,Benign
Get-Process | Where-Object {$_.Status -eq 'Running'},Benign
terraform plan -out=tfplan,Benign
cat /var/log/syslog | grep 'systemd' | tail -n 71,Benign
Get-Process | % { $_.Name },Benign
powershell -ep Restricted -File C:\Scripts\maintenance_18.ps1,Benign
git commit -m 'Fixed weight loading issue in engine.py - issue #7569',Benign
cat /var/log/syslog | grep 'systemd' | tail -n 83,Benign
"Get-Content | Select-Object Name, Id",Benign
git commit -m 'Fixed weight loading issue in engine.py - issue #7883',Benign
cat /var/log/syslog | grep 'systemd' | tail -n 44,Benign
"Get-ADUser | Select-Object Name, Id",Benign
cat /var/log/syslog | grep 'systemd' | tail -n 14,Benign
git commit -m 'Fixed weight loading issue in engine.py - issue #2664',Benign
terraform plan -out=tfplan,Benign
git commit -m 'Fixed weight loading issue in engine.py - issue #8673',Benign
systemctl status nginx > /dev/null 2>&1 # task_460,Benign
powershell -ExecutionPolicy Restricted -File C:\Scripts\maintenance_11.ps1,Benign
terraform plan -out=tfplan,Benign
powershell -ExecutionPolicy Restricted -File C:\Scripts\maintenance_80.ps1,Benign
powershell -ExecutionPolicy AllSigned -File C:\Scripts\maintenance_46.ps1,Benign
powershell -ExecutionPolicy AllSigned -File C:\Scripts\maintenance_14.ps1,Benign
Get-Service | % { $_.Name },Benign
"grep -r ""ERROR"" /var/log/ > /dev/null 2>&1 # task_364",Benign
"grep -r ""ERROR"" /var/log/ > /dev/null 2>&1 # task_781",Benign
git commit -m 'Fixed weight loading issue in engine.py - issue #6718',Benign
tar -czf /tmp/backup.tar.gz /var/log > /dev/null 2>&1 # task_834,Benign
powershell -ep Restricted -File C:\Scripts\maintenance_4.ps1,Benign
Get-Content | Where-Object {$_.Status -eq 'Running'},Benign
powershell -ExecutionPolicy Restricted -File C:\Scripts\maintenance_94.ps1,Benign
git commit -m 'Fixed weight loading issue in engine.py - issue #9419',Benign
"grep -r ""ERROR"" /var/log/ > /dev/null 2>&1 # task_725",Benign
terraform apply -auto-approve,Benign
systemctl status nginx > /dev/null 2>&1 # task_463,Benign
terraform plan -out=tfplan,Benign
powershell -ep Restricted -File C:\Scripts\maintenance_82.ps1,Benign
powershell -ep Restricted -File C:\Scripts\maintenance_62.ps1,Benign
tar -czf /tmp/backup.tar.gz /var/log > /dev/null 2>&1 # task_474,Benign
terraform init -upgrade,Benign
cat /var/log/syslog | grep 'systemd' | tail -n 90,Benign
powershell -ExecutionPolicy AllSigned -File C:\Scripts\maintenance_95.ps1,Benign
powershell -ep Restricted -File C:\Scripts\maintenance_89.ps1,Benign
cat /var/log/syslog | grep 'systemd' | tail -n 36,Benign
terraform plan -out=tfplan,Benign
kubectl get services -n monitoring --watch,Benign
terraform apply -auto-approve,Benign
powershell -ExecutionPolicy Restricted -File C:\Scripts\maintenance_77.ps1,Benign
tar -czf /tmp/backup.tar.gz /var/log > /dev/null 2>&1 # task_534,Benign
Get-Service | Where-Object {$_.Status -eq 'Running'},Benign
cat /var/log/syslog | grep 'systemd' | tail -n 63,Benign
terraform plan -out=tfplan,Benign
cat /var/log/syslog | grep 'systemd' | tail -n 85,Benign
kubectl get deployments -n staging -o wide,Benign
terraform destroy -auto-approve,Benign
cat /var/log/syslog | grep 'systemd' | tail -n 88,Benign
cat /var/log/syslog | grep 'systemd' | tail -n 43,Benign
"grep -r ""ERROR"" /var/log/ > /dev/null 2>&1 # task_334",Benign
cat /var/log/syslog | grep 'systemd' | tail -n 47,Benign
tar -czf /tmp/backup.tar.gz /var/log > /dev/null 2>&1 # task_333,Benign
powershell -ep Restricted -File C:\Scripts\maintenance_51.ps1,Benign
tar -czf /tmp/backup.tar.gz /var/log > /dev/null 2>&1 # task_637,Benign
cat /var/log/syslog | grep 'systemd' | tail -n 42,Benign
terraform destroy -auto-approve,Benign
powershell -ep Restricted -File C:\Scripts\maintenance_86.ps1,Benign
powershell -ExecutionPolicy Restricted -File C:\Scripts\maintenance_4.ps1,Benign
tar -czf /tmp/backup.tar.gz /var/log > /dev/null 2>&1 # task_449,Benign
Get-Content | Sort-Object -Descending,Benign
kubectl get pods -n dev -o wide,Benign
"grep -r ""ERROR"" /var/log/ > /dev/null 2>&1 # task_722",Benign
"grep -r ""ERROR"" /var/log/ > /dev/null 2>&1 # task_814",Benign
powershell -ExecutionPolicy Restricted -File C:\Scripts\maintenance_46.ps1,Benign
kubectl get nodes -n kube-system --watch,Benign
cat /var/log/syslog | grep 'systemd' | tail -n 22,Benign
cat /var/log/syslog | grep 'systemd' | tail -n 24,Benign
"grep -r ""ERROR"" /var/log/ > /dev/null 2>&1 # task_313",Benign
terraform apply -auto-approve,Benign
terraform plan -out=tfplan,Benign
"Get-Process | Select-Object Name, Id",Benign
cat /var/log/syslog | grep 'systemd' | tail -n 100,Benign
git commit -m 'Fixed weight loading issue in engine.py - issue #6125',Benign
kubectl get deployments -n monitoring --watch,Benign
cat /var/log/syslog | grep 'systemd' | tail -n 74,Benign
kubectl get deployments -n monitoring -o wide,Benign
git commit -m 'Fixed weight loading issue in engine.py - issue #2236',Benign
"grep -r ""ERROR"" /var/log/ > /dev/null 2>&1 # task_395",Benign
Get-Process | Sort-Object -Descending,Benign
kubectl get deployments -n production -o wide,Benign
powershell -ExecutionPolicy Restricted -File C:\Scripts\maintenance_82.ps1,Benign
git commit -m 'Fixed weight loading issue in engine.py - issue #8165',Benign
powershell -ExecutionPolicy AllSigned -File C:\Scripts\maintenance_7.ps1,Benign
"grep -r ""ERROR"" /var/log/ > /dev/null 2>&1 # task_168",Benign
terraform destroy -auto-approve,Benign
Get-Service | Sort-Object -Descending,Benign
kubectl get configmaps -n monitoring --watch,Benign
powershell -ExecutionPolicy Restricted -File C:\Scripts\maintenance_19.ps1,Benign
git commit -m 'Fixed weight loading issue in engine.py - issue #6285',Benign
powershell -ExecutionPolicy Restricted -File C:\Scripts\maintenance_58.ps1,Benign
terraform apply -auto-approve,Benign
powershell -ep Restricted -File C:\Scripts\maintenance_25.ps1,Benign
kubectl get nodes -n staging -o wide,Benign
git commit -m 'Fixed weight loading issue in engine.py - issue #5943',Benign
git commit -m 'Fixed weight loading issue in engine.py - issue #2577',Benign
git commit -m 'Fixed weight loading issue in engine.py - issue #1249',Benign
kubectl get configmaps -n monitoring --watch,Benign
cat /var/log/syslog | grep 'systemd' | tail -n 62,Benign
powershell -ExecutionPolicy Restricted -File C:\Scripts\maintenance_73.ps1,Benign
powershell -ExecutionPolicy AllSigned -File C:\Scripts\maintenance_22.ps1,Benign
terraform destroy -auto-approve,Benign
cat /var/log/syslog | grep 'systemd' | tail -n 70,Benign
terraform destroy -auto-approve,Benign
cat /var/log/syslog | grep 'systemd' | tail -n 35,Benign
cat /var/log/syslog | grep 'systemd' | tail -n 50,Benign
cat /var/log/syslog | grep 'systemd' | tail -n 52,Benign
terraform plan -out=tfplan,Benign
kubectl get pods -n kube-system -o wide,Benign
tar -czf /tmp/backup.tar.gz /var/log > /dev/null 2>&1 # task_190,Benign
Get-ADUser | % { $_.Name },Benign
powershell -ExecutionPolicy AllSigned -File C:\Scripts\maintenance_52.ps1,Benign
"grep -r ""ERROR"" /var/log/ > /dev/null 2>&1 # task_521",Benign
Get-Content | Sort-Object -Descending,Benign
git commit -m 'Fixed weight loading issue in engine.py - issue #2866',Benign
kubectl get services -n monitoring --watch,Benign
git commit -m 'Fixed weight loading issue in engine.py - issue #8893',Benign
kubectl get services -n kube-system --watch,Benign
Get-Service | Where-Object {$_.Status -eq 'Running'},Benign
"Get-Content | Select-Object Name, Id",Benign
git commit -m 'Fixed weight loading issue in engine.py - issue #9293',Benign
terraform init -upgrade,Benign
powershell -ExecutionPolicy Restricted -File C:\Scripts\maintenance_47.ps1,Benign
kubectl get services -n monitoring --watch,Benign
cat /var/log/syslog | grep 'systemd' | tail -n 34,Benign
powershell -ExecutionPolicy Restricted -File C:\Scripts\maintenance_41.ps1,Benign
"grep -r ""ERROR"" /var/log/ > /dev/null 2>&1 # task_901",Benign
Get-Process | Sort-Object -Descending,Benign
Get-EventLog -LogName System | % { $_.Name },Benign
git commit -m 'Fixed weight loading issue in engine.py - issue #7521',Benign
Get-Service | % { $_.Name },Benign
"grep -r ""ERROR"" /var/log/ > /dev/null 2>&1 # task_981",Benign
git commit -m 'Fixed weight loading issue in engine.py - issue #1976',Benign
terraform destroy -auto-approve,Benign
kubectl get nodes -n kube-system --watch,Benign
kubectl get deployments -n kube-system -o wide,Benign
terraform plan -out=tfplan,Benign
terraform apply -auto-approve,Benign
terraform init -upgrade,Benign
kubectl get services -n monitoring -o wide,Benign
git commit -m 'Fixed weight loading issue in engine.py - issue #3060',Benign
terraform destroy -auto-approve,Benign
"Get-Service | Select-Object Name, Id",Benign
systemctl status nginx > /dev/null 2>&1 # task_283,Benign
cat /var/log/syslog | grep 'systemd' | tail -n 81,Benign
kubectl get deployments -n staging --watch,Benign
cat /var/log/syslog | grep 'systemd' | tail -n 52,Benign
Get-EventLog -LogName System | Where-Object {$_.Status -eq 'Running'},Benign
git commit -m 'Fixed weight loading issue in engine.py - issue #3694',Benign
git commit -m 'Fixed weight loading issue in engine.py - issue #8294',Benign
"grep -r ""ERROR"" /var/log/ > /dev/null 2>&1 # task_940",Benign
powershell -ExecutionPolicy AllSigned -File C:\Scripts\maintenance_15.ps1,Benign
git commit -m 'Fixed weight loading issue in engine.py - issue #6818',Benign
terraform apply -auto-approve,Benign
"grep -r ""ERROR"" /var/log/ > /dev/null 2>&1 # task_889",Benign
git commit -m 'Fixed weight loading issue in engine.py - issue #7830',Benign
tar -czf /tmp/backup.tar.gz /var/log > /dev/null 2>&1 # task_396,Benign
cat /var/log/syslog | grep 'systemd' | tail -n 41,Benign
terraform destroy -auto-approve,Benign
git commit -m 'Fixed weight loading issue in engine.py - issue #6161',Benign
kubectl get deployments -n staging -o wide,Benign
git commit -m 'Fixed weight loading issue in engine.py - issue #2764',Benign
git commit -m 'Fixed weight loading issue in engine.py - issue #3132',Benign
git commit -m 'Fixed weight loading issue in engine.py - issue #8861',Benign
terraform init -upgrade,Benign
git commit -m 'Fixed weight loading issue in engine.py - issue #7211',Benign
terraform init -upgrade,Benign
Get-Service | Where-Object {$_.Status -eq 'Running'},Benign
powershell -ExecutionPolicy AllSigned -File C:\Scripts\maintenance_34.ps1,Benign
systemctl status nginx > /dev/null 2>&1 # task_322,Benign
Get-Process | Sort-Object -Descending,Benign
cat /var/log/syslog | grep 'systemd' | tail -n 96,Benign
powershell -ExecutionPolicy Restricted -File C:\Scripts\maintenance_22.ps1,Benign
powershell -ExecutionPolicy Restricted -File C:\Scripts\maintenance_96.ps1,Benign
Get-Process | Where-Object {$_.Status -eq 'Running'},Benign
terraform destroy -auto-approve,Benign
tar -czf /tmp/backup.tar.gz /var/log > /dev/null 2>&1 # task_942,Benign
Get-Service | Where-Object {$_.Status -eq 'Running'},Benign
terraform apply -auto-approve,Benign
systemctl status nginx > /dev/null 2>&1 # task_239,Benign
powershell -ep Restricted -File C:\Scripts\maintenance_41.ps1,Benign
powershell -ExecutionPolicy AllSigned -File C:\Scripts\maintenance_14.ps1,Benign
terraform apply -auto-approve,Benign
terraform plan -out=tfplan,Benign
powershell -ExecutionPolicy AllSigned -File C:\Scripts\maintenance_36.ps1,Benign
powershell -ExecutionPolicy AllSigned -File C:\Scripts\maintenance_89.ps1,Benign
powershell -ep Restricted -File C:\Scripts\maintenance_41.ps1,Benign
terraform destroy -auto-approve,Benign
powershell -ep Restricted -File C:\Scripts\maintenance_95.ps1,Benign
kubectl get services -n dev -o wide,Benign
kubectl get pods -n production -o wide,Benign
systemctl status nginx > /dev/null 2>&1 # task_291,Benign
powershell -ep Restricted -File C:\Scripts\maintenance_23.ps1,Benign
kubectl get services -n staging -o wide,Benign
kubectl get configmaps -n monitoring -o wide,Benign
Get-ADUser | Where-Object {$_.Status -eq 'Running'},Benign
terraform apply -auto-approve,Benign
cat /var/log/syslog | grep 'systemd' | tail -n 80,Benign
"Get-Process | Select-Object Name, Id",Benign
terraform destroy -auto-approve,Benign
Get-EventLog -LogName System | Sort-Object -Descending,Benign
terraform destroy -auto-approve,Benign
git commit -m 'Fixed weight loading issue in engine.py - issue #8845',Benign
kubectl get pods -n dev --watch,Benign
cat /var/log/syslog | grep 'systemd' | tail -n 30,Benign
Get-Service | Where-Object {$_.Status -eq 'Running'},Benign
git commit -m 'Fixed weight loading issue in engine.py - issue #3589',Benign
tar -czf /tmp/backup.tar.gz /var/log > /dev/null 2>&1 # task_559,Benign
kubectl get configmaps -n monitoring --watch,Benign
git commit -m 'Fixed weight loading issue in engine.py - issue #5140',Benign
Get-Service | % { $_.Name },Benign
tar -czf /tmp/backup.tar.gz /var/log > /dev/null 2>&1 # task_669,Benign
powershell -ExecutionPolicy Restricted -File C:\Scripts\maintenance_71.ps1,Benign
"grep -r ""ERROR"" /var/log/ > /dev/null 2>&1 # task_721",Benign
systemctl status nginx > /dev/null 2>&1 # task_384,Benign
cat /var/log/syslog | grep 'systemd' | tail -n 89,Benign
cat /var/log/syslog | grep 'systemd' | tail -n 38,Benign
terraform plan -out=tfplan,Benign
cat /var/log/syslog | grep 'systemd' | tail -n 25,Benign
cat /var/log/syslog | grep 'systemd' | tail -n 55,Benign
"grep -r ""ERROR"" /var/log/ > /dev/null 2>&1 # task_694",Benign
kubectl get services -n production --watch,Benign
terraform plan -out=tfplan,Benign
terraform init -upgrade,Benign
Get-Process | Sort-Object -Descending,Benign
cat /var/log/syslog | grep 'systemd' | tail -n 21,Benign
git commit -m 'Fixed weight loading issue in engine.py - issue #3026',Benign
git commit -m 'Fixed weight loading issue in engine.py - issue #7770',Benign
git commit -m 'Fixed weight loading issue in engine.py - issue #6579',Benign
terraform apply -auto-approve,Benign
cat /var/log/syslog | grep 'systemd' | tail -n 78,Benign
kubectl get pods -n kube-system -o wide,Benign
kubectl get services -n monitoring -o wide,Benign
powershell -ExecutionPolicy Restricted -File C:\Scripts\maintenance_2.ps1,Benign
git commit -m 'Fixed weight loading issue in engine.py - issue #6549',Benign
git commit -m 'Fixed weight loading issue in engine.py - issue #6318',Benign
terraform plan -out=tfplan,Benign
terraform plan -out=tfplan,Benign
terraform apply -auto-approve,Benign
powershell -ExecutionPolicy AllSigned -File C:\Scripts\maintenance_3.ps1,Benign
kubectl get configmaps -n staging --watch,Benign
cat /var/log/syslog | grep 'systemd' | tail -n 31,Benign
terraform destroy -auto-approve,Benign
git commit -m 'Fixed weight loading issue in engine.py - issue #6985',Benign
"Get-Service | Select-Object Name, Id",Benign
kubectl get pods -n kube-system -o wide,Benign
git commit -m 'Fixed weight loading issue in engine.py - issue #4260',Benign
git commit -m 'Fixed weight loading issue in engine.py - issue #2442',Benign
terraform plan -out=tfplan,Benign
git commit -m 'Fixed weight loading issue in engine.py - issue #3978',Benign
git commit -m 'Fixed weight loading issue in engine.py - issue #3441',Benign
cat /var/log/syslog | grep 'systemd' | tail -n 48,Benign
terraform init -upgrade,Benign
powershell -ExecutionPolicy AllSigned -File C:\Scripts\maintenance_76.ps1,Benign
git commit -m 'Fixed weight loading issue in engine.py - issue #3283',Benign
cat /var/log/syslog | grep 'systemd' | tail -n 35,Benign
kubectl get deployments -n kube-system -o wide,Benign
powershell -ep Restricted -File C:\Scripts\maintenance_22.ps1,Benign
Get-ADUser | Where-Object {$_.Status -eq 'Running'},Benign
git commit -m 'Fixed weight loading issue in engine.py - issue #9089',Benign
kubectl get configmaps -n dev --watch,Benign
powershell -ep Restricted -File C:\Scripts\maintenance_12.ps1,Benign
powershell -ExecutionPolicy Restricted -File C:\Scripts\maintenance_72.ps1,Benign
cat /var/log/syslog | grep 'systemd' | tail -n 41,Benign
kubectl get deployments -n monitoring -o wide,Benign
terraform init -upgrade,Benign
tar -czf /tmp/backup.tar.gz /var/log > /dev/null 2>&1 # task_814,Benign
kubectl get pods -n dev -o wide,Benign
systemctl status nginx > /dev/null 2>&1 # task_366,Benign
git commit -m 'Fixed weight loading issue in engine.py - issue #2312',Benign
tar -czf /tmp/backup.tar.gz /var/log > /dev/null 2>&1 # task_383,Benign
git commit -m 'Fixed weight loading issue in engine.py - issue #3883',Benign
Get-ADUser | Where-Object {$_.Status -eq 'Running'},Benign
"Get-Process | Select-Object Name, Id",Benign
"Get-Process | Select-Object Name, Id",Benign
git commit -m 'Fixed weight loading issue in engine.py - issue #1287',Benign
terraform destroy -auto-approve,Benign
cat /var/log/syslog | grep 'systemd' | tail -n 88,Benign
powershell -ExecutionPolicy AllSigned -File C:\Scripts\maintenance_42.ps1,Benign
kubectl get deployments -n monitoring --watch,Benign
terraform destroy -auto-approve,Benign
powershell -ExecutionPolicy Restricted -File C:\Scripts\maintenance_100.ps1,Benign
"Get-Content | Select-Object Name, Id",Benign
tar -czf /tmp/backup.tar.gz /var/log > /dev/null 2>&1 # task_819,Benign
Get-ADUser | Sort-Object -Descending,Benign
terraform plan -out=tfplan,Benign
powershell -ExecutionPolicy Restricted -File C:\Scripts\maintenance_36.ps1,Benign
"Get-Process | Select-Object Name, Id",Benign
tar -czf /tmp/backup.tar.gz /var/log > /dev/null 2>&1 # task_998,Benign
"Get-Content | Select-Object Name, Id",Benign
cat /var/log/syslog | grep 'systemd' | tail -n 81,Benign
systemctl status nginx > /dev/null 2>&1 # task_286,Benign
kubectl get services -n staging --watch,Benign
powershell -ep Restricted -File C:\Scripts\maintenance_7.ps1,Benign
cat /var/log/syslog | grep 'systemd' | tail -n 66,Benign
kubectl get nodes -n dev --watch,Benign
kubectl get pods -n production -o wide,Benign
powershell -ep Restricted -File C:\Scripts\maintenance_17.ps1,Benign
cat /var/log/syslog | grep 'systemd' | tail -n 44,Benign
kubectl get services -n production --watch,Benign
tar -czf /tmp/backup.tar.gz /var/log > /dev/null 2>&1 # task_573,Benign
git commit -m 'Fixed weight loading issue in engine.py - issue #2111',Benign
cat /var/log/syslog | grep 'systemd' | tail -n 36,Benign
systemctl status nginx > /dev/null 2>&1 # task_691,Benign
kubectl get nodes -n staging --watch,Benign
cat /var/log/syslog | grep 'systemd' | tail -n 15,Benign
Get-Content | Where-Object {$_.Status -eq 'Running'},Benign
kubectl get nodes -n dev --watch,Benign
kubectl get nodes -n kube-system -o wide,Benign
powershell -ep Restricted -File C:\Scripts\maintenance_93.ps1,Benign
kubectl get configmaps -n production -o wide,Benign
systemctl status nginx > /dev/null 2>&1 # task_654,Benign
terraform destroy -auto-approve,Benign
cat /var/log/syslog | grep 'systemd' | tail -n 11,Benign
